id,categorie,phrase_fr,reference,ref_pos_tree,kuma_mt,nllb,google,pos_kuma,pos_nllb,pos_google,chrf_kuma,chrf_nllb,chrf_google,ktau_kuma,ktau_nllb,ktau_google,wo_kuma,wo_nllb,wo_google,pos_exact_kuma,pos_exact_nllb,pos_exact_google,pos_chrf_kuma,pos_chrf_nllb,pos_chrf_google,kuma_back_fr,google_back_fr,nllb_back_fr,sem_kuma,sem_google,sem_nllb
1,equative_sing,Je suis enseignant,n yé karamɔgɔ yé,PRON AUX NOUN AUX,n yé kàramɔgɔkɛ yé,Ne ye karamɔgɔ ye,Ne ye karamɔgɔ ye,PRON AUX NOUN AUX,PRON AUX NOUN AUX,PRON AUX NOUN AUX,47.74,60.97,60.97,0.667,0.0,0.0,True,False,False,1,1,1,100.0,100.0,100.0,,Je suis enseignant,Je suis professeur,0.0,100.0,28.94
2,equative_sing,il est professeur,a yé porofesɛri yé,PRON AUX NOUN AUX,a yé porofesɛri yé,a ye karamɔgɔ ye,a ye karamɔgɔ ye,PRON AUX NOUN AUX,PRON AUX NOUN AUX,PRON AUX NOUN AUX,100.0,6.93,6.93,0.5,0.0,0.0,True,False,False,1,1,1,100.0,100.0,100.0,,il est professeur,il est professeur,0.0,100.0,100.0
3,equative_sing,Musa est un chasseur,Musa yé donso yé,PROPN AUX NOUN AUX,Musa yé dònso yé,Musa ye jagokɛla ye,Musa ye kungotigi ye,PROPN AUX NOUN AUX,PROPN AUX NOUN AUX,PROPN AUX NOUN AUX,62.97,23.06,23.9,0.667,0.0,0.0,True,False,False,1,1,1,100.0,100.0,100.0,,Moïse est un chasseur,Moïse est un homme d'affaires,0.0,72.97,22.68
4,equative_sing,je suis étudiant,n yé kalandenba yé,PRON AUX NOUN AUX,n ka fárin,ne ye kalanden ye,Ne ye kalanden ye,PRON ADP VERB,PRON AUX NOUN AUX,PRON AUX NOUN AUX,6.23,48.2,47.07,0.0,0.0,0.0,False,False,False,0,1,1,20.96,100.0,100.0,,Je suis étudiant,Je suis un disciple,0.0,100.0,33.78
5,equative_sing,tu es mon ami,i yé n terikɛ yé,PRON AUX PRON NOUN AUX,i yé n téri yé,i ye ne teri ye,i ye ne teri ye,PRON AUX PRON NOUN AUX,PRON AUX PRON NOUN AUX,PRON AUX PRON NOUN AUX,33.65,22.77,22.77,0.5,0.0,0.0,True,False,False,1,1,1,100.0,100.0,100.0,,tu es mon ami,tu es mon ami,0.0,100.0,100.0
6,equative_sing,elle est médecin,a yé dɔkɔtɔrɔ yé,PRON AUX NOUN AUX,a bólolangolen dòn,a ye dɔgɔtɔrɔ ye,a ye dɔgɔtɔrɔ ye,PRON X AUX,PRON AUX NOUN AUX,PRON AUX NOUN AUX,2.45,39.39,39.39,0.0,0.0,0.0,False,False,False,0,1,1,23.82,100.0,100.0,,il est médecin,il est médecin,0.0,69.33,69.33
7,equative_plur,nous sommes des paysans,anw yé dugukɔlɔsibagaw yé,PRON AUX NOUN AUX,anw yé wúlakɔnɔmɔgɔ yé,an ye sɛnɛkɛlaw ye,an ye sɛnɛkɛlaw ye,PRON AUX NOUN AUX,PRON AUX NOUN AUX,PRON AUX NOUN AUX,21.15,10.73,10.73,0.667,0.0,0.0,True,False,False,1,1,1,100.0,100.0,100.0,,nous sommes des agriculteurs,nous sommes des agriculteurs,0.0,58.81,58.81
8,equative_plur,Ils sont étudiants,ùw yé kalandenw yé,NOUN AUX NOUN AUX,u yé kàlandenba yé,U ye kalandenw ye,U ye kalandenw ye,PRON AUX NOUN AUX,PRON AUX NOUN AUX,PRON AUX NOUN AUX,38.13,61.32,61.32,0.0,0.0,0.0,True,False,False,0,0,0,74.51,74.51,74.51,,Ce sont des étudiants,Et ils furent ses disciples.,0.0,57.83,17.57
9,equative_plur,vous êtes des enseignants,aw yé karamɔgɔw yé,PRON AUX NOUN AUX,aw yé kàramɔgɔkɛ yé,aw ye karamɔgɔ ye,aw ye karamɔgɔw ye,PRON AUX NOUN AUX,PRON AUX NOUN AUX,PRON AUX NOUN AUX,47.76,51.84,66.22,0.667,0.0,1.0,True,False,False,1,1,1,100.0,100.0,100.0,,vous êtes les professeurs,tu es un maître,0.0,33.78,7.54
10,equative_neg,il n'est pas professeur,a tɛ porofesɛri yé,PRON AUX NOUN AUX,a tɛ porofesɛri yé,a tɛ karamɔgɔ ye,a tɛ karamɔgɔ ye,PRON AUX NOUN AUX,PRON AUX NOUN AUX,PRON AUX NOUN AUX,100.0,10.62,10.62,1.0,1.0,1.0,True,True,True,1,1,1,100.0,100.0,100.0,,il n'est pas professeur,il n'est pas professeur,0.0,100.0,100.0
11,equative_neg,il n'est pas un professeur,a tɛ porofesɛri yé,PRON AUX NOUN AUX,a tɛ porofesɛri yé,a tɛ karamɔgɔ ye,a tɛ karamɔgɔ ye,PRON AUX NOUN AUX,PRON AUX NOUN AUX,PRON AUX NOUN AUX,100.0,10.62,10.62,1.0,1.0,1.0,True,True,True,1,1,1,100.0,100.0,100.0,,il n'est pas professeur,il n'est pas professeur,0.0,77.55,77.55
12,equative_neg,il n'est pas un étudiant,a tɛ kàlandenba yé,PRON AUX NOUN AUX,a tɛ kàlandenba yé,a tɛ kalanden ye,a tɛ kalanden ye,PRON AUX NOUN AUX,PRON AUX NOUN AUX,PRON AUX NOUN AUX,100.0,42.07,42.07,1.0,1.0,1.0,True,True,True,1,1,1,100.0,100.0,100.0,,il n'est pas étudiant,il n'est pas un disciple,0.0,74.77,56.39
13,equative_neg,je ne suis pas enseignant,n tɛ karamɔgɔ yé,PRON AUX NOUN AUX,n tɛ kàramɔgɔkɛ yé,ne tɛ karamɔgɔ ye,Ne tɛ karamɔgɔ ye,PRON AUX NOUN AUX,PRON AUX NOUN AUX,PRON AUX NOUN AUX,47.74,80.16,78.89,1.0,1.0,1.0,True,True,True,1,1,1,100.0,100.0,100.0,,je ne suis pas professeur,je ne suis pas un enseignant,0.0,48.69,83.7
14,equative_neg_nothing,Il n'est rien,a tɛ foyi yé,PRON AUX NOUN AUX,a tɛ foyi yé,A tɛ foyi ye,Ale tɛ foyi ye,PRON AUX NOUN AUX,PRON AUX NOUN AUX,PRON AUX NOUN AUX,100.0,66.81,62.88,1.0,1.0,1.0,True,True,True,1,1,1,100.0,100.0,100.0,,Il n'est rien,Il n'y a rien,0.0,100.0,34.4
15,equative_neg,ce n'est pas vrai,o tɛ tiɲɛ yé,PRON AUX NOUN AUX,bɛ́rɛ tɛ,o tɛ tiɲɛ ye,nin tɛ tiɲɛ ye,NOUN AUX,PRON AUX NOUN AUX,PRON AUX NOUN AUX,10.2,83.41,62.88,0.0,1.0,1.0,False,True,True,0,1,1,43.1,100.0,100.0,,ce n'est pas vrai,ce n'est pas vrai,0.0,100.0,100.0
16,equative_past,il était professeur,a tùn yé porofesɛri yé,PRON AUX AUX NOUN AUX,a tùn yé porofesɛri yé,a tun ye karamɔgɔ ye,a tun ye karamɔgɔ ye,PRON AUX AUX NOUN AUX,PRON AUX AUX NOUN AUX,PRON AUX AUX NOUN AUX,100.0,8.64,8.64,0.7,0.0,0.0,True,False,False,1,1,1,100.0,100.0,100.0,,il était professeur,c'était un enseignant,0.0,100.0,21.47
17,equative_past,j'étais étudiant,n tùn yé kalandenba yé,PRON AUX AUX NOUN AUX,n tùn yé kàlandenba yé,ne tun ye kalanden ye,Ne tun ye kalanden ye,PRON AUX AUX NOUN AUX,PRON AUX AUX NOUN AUX,PRON AUX AUX NOUN AUX,75.9,40.81,39.87,0.833,0.0,0.0,True,False,False,1,1,1,100.0,100.0,100.0,,j'étais étudiant,j'étais un disciple,0.0,100.0,39.2
18,equative_past_neg,il n'était pas étudiant,a tùn tɛ kalandenba yé,PRON AUX AUX NOUN AUX,a tùn ma kègun,a tun tɛ kalanden ye,a tun tɛ kalanden ye,PRON AUX AUX PUNCT,PRON AUX AUX NOUN AUX,PRON AUX AUX NOUN AUX,13.74,59.57,59.57,1.0,1.0,1.0,True,True,True,0,1,1,55.57,100.0,100.0,,il n'était pas étudiant,il n'était pas un disciple,0.0,100.0,56.77
19,locative,Je suis en route,n bɛ sìra la,PRON AUX NOUN ADP,n bɛ síraden la,Ne bɛ taa,N bɛ n ka sira kan,PRON AUX NOUN ADP,PRON AUX VERB,PRON AUX PRON AUX NOUN ADP,30.5,9.95,15.69,1.0,0.0,0.0,True,True,True,1,0,0,100.0,39.79,89.01,,je suis en route,Je m'en vais,0.0,100.0,12.45
20,locative,Musa est au village,Musa bɛ dugu kɔnɔ,PROPN AUX NOUN ADP,Musa bɛ dùgu la,Musa bɛ dugu la,Musa bɛ dugu kɔnɔ,PROPN AUX NOUN ADP,PROPN AUX NOUN ADP,PROPN AUX NOUN ADP,42.85,66.78,100.0,1.0,1.0,1.0,True,True,True,1,1,1,100.0,100.0,100.0,,Moïse est dans la ville,Moïse est dans la ville.,0.0,23.11,22.82
21,locative_plur,Les enfants sont en route,dɔgɔw bɛ sìra la,NOUN AUX NOUN ADP,dén bɛ síraden la,Denmisɛnw bɛ sira kan,Denmisɛnw bɛ sira kan,NOUN AUX NOUN ADP,PROPN AUX NOUN ADP,PROPN AUX NOUN ADP,17.05,17.76,17.76,1.0,0.0,0.0,True,True,True,1,0,0,100.0,73.22,73.22,,Les enfants sont en route,Les enfants sont dans la rue,0.0,100.0,63.64
22,locative_plur,Ils sont aux portes,u bɛ bóndaw la,PRON AUX NOUN ADP,u bɛ bóndaw la,U bɛ da la,U bɛ daaw da la,PRON AUX NOUN ADP,PRON AUX NOUN ADP,PRON AUX X NOUN ADP,100.0,15.24,17.27,1.0,1.0,1.0,True,True,True,1,1,0,100.0,100.0,81.76,,Ils sont aux portes,Ils sont à la porte,0.0,100.0,51.19
23,locative,je suis à la maison,n bɛ so la,PRON AUX NOUN ADP,n bɛ só la,ne bɛ so,N bɛ so kɔnɔ,PRON AUX NOUN ADP,PRON AUX NOUN,PRON AUX NOUN ADP,36.23,32.22,29.05,1.0,1.0,1.0,True,True,True,1,0,1,100.0,77.45,100.0,,je suis à la maison,je suis à la maison,0.0,100.0,100.0
24,locative_plur,nous sommes au marché,anw bɛ súgu la,PRON AUX NOUN ADP,anw bɛ súgu la,an bɛ sugu la,an bɛ sugu la,PRON AUX NOUN ADP,NOUN AUX NOUN ADP,NOUN AUX NOUN ADP,100.0,31.91,31.91,1.0,1.0,1.0,True,True,True,1,0,0,100.0,74.51,74.51,,nous sommes sur le marché,nous sommes sur le marché,0.0,67.71,67.71
25,locative,il est au champ,a bɛ foro la,PRON AUX NOUN ADP,a bɛ fòro la,a bɛ foro la,a bɛ foro la,PRON AUX NOUN ADP,PRON AUX NOUN ADP,PRON AUX NOUN ADP,42.39,100.0,100.0,1.0,1.0,1.0,True,True,True,1,1,1,100.0,100.0,100.0,,il est sur le terrain,il est dans un champ,0.0,24.27,46.79
26,locative,elle est à l'école,a bɛ lakɔli la,PRON AUX NOUN ADP,a bɛ kàlankɛyɔrɔ la,a bɛ lakɔli la,a bɛ lakɔli la,PRON AUX NOUN ADP,PRON AUX NOUN ADP,PRON AUX NOUN ADP,21.74,100.0,100.0,1.0,1.0,1.0,True,True,True,1,1,1,100.0,100.0,100.0,,il est à l'école,il est à l'école,0.0,72.01,72.01
27,locative_neg,il n'est pas à la maison,a tɛ so la,PRON AUX NOUN ADP,a tɛ só la,a tɛ so kɔnɔ,a tɛ so kɔnɔ,PRON AUX NOUN ADP,PRON AUX NOUN ADP,PRON AUX NOUN ADP,36.23,43.47,43.47,1.0,1.0,1.0,True,True,True,1,1,1,100.0,100.0,100.0,,il n'est pas dans la maison,il n'est pas à la maison,0.0,74.77,100.0
28,locative_neg,je ne suis pas au marché,n tɛ súgu la,PRON AUX NOUN ADP,n tɛ súgu la,ne tɛ sugu la,N tε sugu la,PRON AUX NOUN ADP,PRON AUX NOUN ADP,PRON X NOUN ADP,100.0,34.29,24.9,1.0,1.0,1.0,True,True,False,1,1,0,100.0,100.0,61.63,,je ne suis pas sur le marché,je ne suis pas au marché,0.0,69.71,100.0
29,qualitative,je suis belle,n ka ɲuman,PRON AUX ADJ,n ka ɲùman,ne cɛ ka ɲi,Ne cɛ ka ɲi,PRON AUX ADJ,PRON NOUN ADP VERB,PRON NOUN ADP VERB,38.15,15.87,13.79,1.0,0.0,0.0,False,False,False,1,0,0,100.0,24.73,24.73,,je suis belle,mon homme est beau,0.0,100.0,11.56
30,qualitative,le cheval est rapide,sòn ka téliman,VERB ADP VERB,nkólonso ka téli,so bɛ teliya,sow bɛ teliya,X X VERB,NOUN AUX PUNCT,NOUN AUX PUNCT,38.82,8.76,8.61,0.0,0.0,0.0,False,True,True,0,0,0,18.8,2.98,2.98,,les chevaux sont plus rapides,la maison s'accélère,0.0,42.79,8.72
31,qualitative,La maison est loin,so ka jàn,NOUN ADP VERB,só ka póroo,So bɛ yɔrɔ jan,So yɔrɔ ka jan,NOUN ADP VERB,PROPN AUX NOUN PUNCT,PROPN NOUN ADP VERB,11.61,8.55,18.47,0.0,0.0,1.0,False,True,False,1,0,0,100.0,20.6,89.23,,La maison est loin,La maison est loin,0.0,100.0,100.0
32,qualitative_plur,Les maisons sont loin,sow ka jàn,X X VERB,sów ka póroo,Sow bɛ yɔrɔ jan,Sow yɔrɔ ka jan,X X VERB,PROPN AUX NOUN PUNCT,X NOUN ADP VERB,17.03,11.61,20.23,0.0,0.0,1.0,False,True,False,1,0,0,100.0,4.07,30.15,,Les maisons sont loin,Les maisons sont éloignées,0.0,100.0,75.72
33,qualitative,l'eau est chaude,jí ka bɛ̀lɛ,NOUN ADP VERB,jí ka gòni,ji bɛ funteni na,ji ka suma,NOUN ADP VERB,NOUN AUX AUX ADP,NOUN AUX VERB,21.76,8.7,7.82,1.0,0.0,0.0,False,True,False,1,0,0,100.0,33.17,43.19,,,l'eau est chaude,0.0,0.0,100.0
34,qualitative,la route est longue,sìra ka télé,NOUN ADP VERB,síraden ka búlubulu,sira ka jan,sira ka jan,X X PUNCT,NOUN ADP VERB,NOUN ADP VERB,11.98,20.91,20.91,0.0,0.0,0.0,False,False,False,0,1,1,6.71,100.0,100.0,,la route est longue,le chemin est long,0.0,100.0,35.88
35,qualitative_neg,tu n'es pas bien,i mán ɲuman,PRON AUX ADJ,i man kóɲuman,i ka kɛnɛ tɛ,aw tɛ kɛnɛya la,PRON AUX PUNCT,PRON AUX ADJ AUX,PRON AUX NOUN ADP,39.17,5.56,3.47,0.0,0.0,0.0,False,False,True,0,0,0,54.8,92.32,56.98,,tu n'es pas en bonne santé,ta lumière n'est pas,0.0,57.48,26.88
36,qualitative_neg,la maison n'est pas grande,so mán bàrika,NOUN AUX PUNCT,só man bòn,so tɛ bonba ye,so man bon,NOUN AUX VERB,NOUN AUX PRON AUX,NOUN AUX VERB,9.79,10.91,16.92,0.0,0.0,0.0,False,True,False,0,0,0,46.54,56.86,46.54,,donc l'homme est bon,la maison n'est pas grande,0.0,12.11,100.0
37,qualitative_past,la route était longue,sìra tùn ka télé,NOUN AUX X VERB,síraden tùn ka búlubulu,sira tun ka jan,sira tun ka jan,NOUN AUX X PUNCT,NOUN AUX X VERB,NOUN AUX X VERB,25.2,17.85,17.85,1.0,0.0,0.0,False,False,False,0,1,1,55.28,100.0,100.0,,la route était longue,le chemin a été long,0.0,100.0,17.71
38,qualitative_past_neg,il n'était pas bien,a tùn mán ɲuman,PRON AUX AUX ADJ,a tùn ma kóɲuman,a tun man ɲi,a tun man kɛnɛ,PRON AUX AUX PUNCT,PRON AUX AUX PUNCT,PRON AUX AUX ADJ,46.68,21.48,19.17,1.0,0.0,0.0,True,False,False,0,0,1,68.02,68.02,100.0,,il n'était pas en bonne santé,il n'était pas bon,0.0,66.3,79.65
39,statif,je suis sûre de ça,n lalen dòn à la,PRON NOUN AUX PRON ADP,n [sûr]len dòn o o in la,ne jɛyalen bɛ a la,N dalen b'o la,PRON NOUN AUX DET DET DET ADP,PRON NOUN AUX PRON ADP,PRON VERB NOUN ADP,38.95,20.24,21.36,1.0,0.0,1.0,True,True,False,0,1,0,56.46,100.0,34.09,,j'y crois,"J'ai confiance en lui,",0.0,6.62,7.86
40,statif_plur,Les maisons sont sûres,sow lalen dòn,PUNCT PUNCT AUX,sów [sûr]len dòn,Bonw bɛ se ka kɛ yɔrɔ ɲumanw ye,Sow lakananen don,PUNCT NOUN AUX,PROPN AUX VERB AUX VERB NOUN X AUX,PUNCT NOUN AUX,39.04,8.58,26.02,0.0,0.0,0.0,False,True,False,0,0,0,34.38,14.08,34.38,,Les bâtiments sont sécuritaires,Les maisons peuvent être de bons endroits,0.0,32.41,46.03
41,past_intransitive,C'est cuit,o mɔnna,PRON VERB,o jàlanna,A bɛ tobi,A tobilen don,PRON VERB,PRON AUX VERB,PRON X AUX,20.38,2.69,7.14,0.0,0.0,0.0,False,True,False,1,0,0,100.0,44.74,24.37,,C'est cuit pour,Il cuisine,0.0,88.6,15.81
42,past_intransitive_plur,Les viandes sont cuites,sɔgɔw mɔnna,PUNCT PUNCT,sògow bàsabasalen dòn,Dumuni bɛ tobi,Sogow bɛ tobi,PUNCT X AUX,PROPN AUX VERB,PROPN AUX VERB,8.47,3.21,3.27,0.0,0.0,0.0,False,True,True,0,0,0,31.97,6.41,6.41,,La viande est cuite,La nourriture est cuite,0.0,43.76,27.65
43,past_intransitive,il est parti,o fáɲira,PRON VERB,a táara,a taara,a bɔra yen,PRON VERB,PRON VERB,PRON VERB ADV,10.23,7.78,7.32,0.0,0.0,0.0,False,False,False,1,1,0,100.0,100.0,89.56,,il a été expulsé de là,Alors il s'en alla.,0.0,11.84,10.56
44,past_intransitive,elle est tombée,a bɛnna,PRON VERB,a wɔ̀lɔwɔlɔra,a binna,a binna,PRON VERB,PRON VERB,PRON VERB,4.63,28.06,28.06,0.0,0.0,0.0,False,False,False,1,1,1,100.0,100.0,100.0,,il est tombé,il est tombé,0.0,57.0,57.0
45,past_intransitive_plur,ils sont arrivés,ùw sera,NOUN VERB,u séra,u sera,u sera yen,PRON VERB,PRON VERB,PRON VERB ADV,14.51,44.0,32.19,0.0,0.0,0.0,False,False,False,0,0,0,41.19,41.19,37.59,,ils y sont arrivés,ils sont arrivés,0.0,79.46,100.0
46,past_transitive,Musa a mangé le riz,Musa yé màlo dún,PROPN AUX NOUN PART,Musa yé iri dún,Musa ye shɛfan dun,Musa ye tiga dun,PROPN AUX X PART,PROPN AUX NOUN PART,PROPN AUX NOUN PART,40.35,23.45,24.26,1.0,0.0,0.0,True,False,False,0,1,1,53.24,100.0,100.0,,Moïse a mangé le riz,Moïse mangea de l'herbe sauvage,0.0,68.51,19.9
47,past_transitive,J'ai acheté des pagnes,n yé fìníw sàn,PRON AUX NOUN PUNCT,n yé kɔ̀baw sàn,Ne ye fini dɔw san,N ye wuluwuluw san,PRON AUX X PUNCT,PRON AUX X DET PUNCT,PRON AUX NOUN PUNCT,26.05,10.19,7.19,1.0,0.0,0.0,True,False,False,0,0,1,51.64,49.41,100.0,,j'ai acheté des plumes,J'ai acheté des vêtements,0.0,72.05,63.57
48,past_transitive,tu as vu l'homme,i yé cɛ yé,PRON AUX NOUN AUX,i yé mɔ̀gɔ yé,i ye nin cɛ ye,i ye cɛ in ye,PRON AUX NOUN AUX,PRON AUX DET NOUN AUX,PRON AUX NOUN X AUX,21.52,21.52,16.47,0.667,1.0,1.0,True,False,False,1,0,0,100.0,71.8,79.46,,tu es le gars,est-ce que tu es cet homme,0.0,9.53,24.83
49,past_transitive,elle a bu de l'eau,a yé jí mìn,PRON AUX NOUN DET,a yé jí jí,a ye ji min,a ye ji min,PRON AUX NOUN NOUN,PRON AUX NOUN DET,PRON AUX NOUN DET,40.45,12.8,12.8,0.833,0.0,0.0,True,False,False,0,1,1,72.05,100.0,100.0,,il a bu de l'eau,il a bu de l'eau,0.0,68.0,68.0
50,past_transitive_plur,nous avons mangé le riz,anw yé màlo dún,PRON AUX NOUN PART,anw yé iri dún,an ye arisi dun,an ye tiga dun,PRON AUX X PART,PRON AUX NOUN PART,PRON AUX NOUN PART,33.29,8.46,8.61,1.0,0.0,0.0,True,False,False,0,1,1,49.01,100.0,100.0,,nous avons mangé du riz,nous avons mangé du riz,0.0,74.83,74.83
51,past_transitive_plur,ils ont construit la maison,ùw yé so lá,NOUN AUX NOUN ADP,u yé só màsègin,u ye so jɔ,u ye so jɔ,PRON AUX NOUN PUNCT,PRON AUX NOUN VERB,PRON AUX NOUN VERB,12.41,8.86,8.86,0.0,0.0,0.0,True,False,False,0,0,0,50.95,48.18,48.18,,ils ont construit la maison,ils ont construit une maison,0.0,100.0,76.45
52,relative_topic,L'homme que tu as vu hier est parti,"i yé cɛ mìn yé kúnùn, o fáɲira",PRON AUX NOUN X AUX X PRON VERB,"i yé mɔ̀gɔ mìn yé kúnùn, o táara","I ye cɛ min ye kunu, o taara","I ye cɛ min ye kunun, o tɛ yen tugun",PRON AUX NOUN X AUX X PRON VERB,PRON AUX NOUN X AUX X PRON VERB,PRON AUX NOUN X AUX X PRON AUX ADV PUNCT,52.37,14.25,13.59,0.8,1.0,1.0,True,False,True,1,1,0,100.0,100.0,76.95,,L'homme que tu as vu hier est parti,L'homme que tu as vu hier est parti,0.0,100.0,100.0
53,noun_phrase_have_material,J'ai de l'argent,wárí bɛ n bóló,NOUN AUX PRON ADP,wári bɛ n fɛ,wari bɛ ne fɛ,Wari bɛ ne bolo,NOUN AUX PRON ADP,NOUN AUX PRON ADP,PROPN AUX PRON ADP,20.26,13.01,14.01,1.0,0.0,0.0,True,True,True,1,1,0,100.0,100.0,73.22,,j'ai l'argent,j'ai de l'argent avec moi,0.0,61.63,89.01
54,noun_phrase_have_material,il a une voiture,[voiture] bɛ a bóló,NOUN AUX PRON ADP,wátiri bɛ a bóló,mobili bɛ a fɛ,mobili b' a bolo,NOUN AUX PRON ADP,NOUN AUX PRON ADP,X AUX PRON ADP,36.96,11.44,7.65,1.0,1.0,0.0,True,True,False,1,1,0,100.0,100.0,68.03,,il a une voiture,il a une voiture avec lui,0.0,100.0,88.07
55,noun_phrase_have_material_plur,Ils ont des voitures,móbiliw bɛ ùw bóló,NOUN AUX X ADP,wátiriw bɛ u bóló,Mobiliw bɛ u fɛ,Mobiliw b’u bolo,NOUN AUX PRON ADP,PROPN AUX PRON ADP,PUNCT X ADP,26.54,36.5,29.28,1.0,0.0,0.0,True,True,False,0,0,0,56.77,27.43,22.45,,Ils ont des voitures,Ils ont des voitures,0.0,100.0,100.0
56,noun_phrase_have_material,tu as un couteau,mùru bɛ i bóló,NOUN AUX PRON ADP,pága bɛ i bóló,npan b'i bolo,i bɛ ni muru ye,NOUN AUX PRON ADP,PUNCT X ADP,PRON AUX X NOUN AUX,50.9,7.73,14.09,1.0,0.0,-1.0,True,False,True,1,0,0,100.0,14.66,56.73,,tu as un couteau,tu as une épée à la main,0.0,100.0,31.23
57,noun_phrase_have_age,Quel âge as-tu ?,sán jóli bɛ i bóló  ?,NOUN PRON AUX PRON ADP PUNCT,i bɛ saan jùmɛn la ?,I bɛ san jumɛnw na?,I ye san joli ye?,PRON AUX X X ADP PUNCT,PRON AUX NOUN PUNCT PUNCT,PRON AUX NOUN PRON PUNCT,13.74,9.05,9.3,0.333,-1.0,0.0,True,True,False,0,0,0,50.64,46.15,61.05,,Quel âge as-tu?,Quel âge as-tu ?,0.0,100.0,100.0
58,noun_phrase_have_material_neg,elle n'a pas d'argent,wárí tɛ a bóló,X AUX PRON ADP,wári tɛ a fɛ,wari tɛ a fɛ,wari t' a bolo,X AUX PRON ADP,X AUX PRON ADP,PART VERB PRON ADP,20.26,13.27,10.76,1.0,1.0,0.0,True,True,False,1,1,0,100.0,100.0,47.99,,il n'a pas d'argent,il n'a pas d'argent,0.0,76.8,76.8
59,noun_phrase_have_abstract,J'ai un frère,bálimakɛ bɛ n fɛ,NOUN AUX PRON ADP,bálimakɛ bɛ n fɛ,Balimacɛ dɔ bɛ ne fɛ,Balimakɛ dɔ bɛ ne fɛ,NOUN AUX PRON ADP,PROPN NOUN AUX PRON ADP,PROPN NOUN AUX PRON ADP,100.0,26.08,41.38,1.0,1.0,1.0,True,True,True,1,0,0,100.0,91.88,91.88,,j'ai un frère avec moi,J'ai un frère avec moi.,0.0,85.58,83.87
60,noun_phrase_have_abstract,J'ai une sœur,bálimamuso bɛ n fɛ,NOUN AUX PRON ADP,bɔ́lɔ bɛ n fɛ,Ne dɔgɔmuso bɛ yen.,Balimamuso dɔ bɛ n bolo,NOUN AUX PRON ADP,PRON NOUN AUX PUNCT,PROPN NOUN AUX PRON ADP,22.34,27.3,48.05,1.0,0.0,1.0,True,True,True,1,0,0,100.0,57.59,91.88,,j'ai une belle-sœur,Il y a ma sœur.,0.0,59.72,19.88
61,noun_phrase_have_abstract_plur,J'ai des frères et sœurs,bálimaw bɛ n fɛ,NOUN AUX PRON ADP,bálimakɛw ni Bátàw bɛ n fɛ,Balimaw ni balimamusow bɛ ne fɛ,Balimakɛw ni balimamusow bɛ ne fɛ,X ADP PROPN AUX PRON ADP,PART ADP NOUN AUX PRON ADP,X ADP NOUN AUX PRON ADP,58.74,34.38,28.08,1.0,1.0,1.0,True,True,True,0,0,0,68.52,89.01,93.39,,J'ai des frères et sœurs,Il y a aussi des frères et sœurs qui sont avec moi.,0.0,100.0,67.97
62,volitif,J'aime manger,n bɛ dún fɛ,PRON AUX PART ADP,n bɛ kànuya ka dúnli kɛ,Dumuni ka di ne ye,Dumuni ka di n ye,PRON AUX X X NOUN VERB,PROPN X VERB PRON AUX,PROPN X VERB PRON AUX,23.26,5.43,5.56,1.0,0.0,0.0,True,False,False,0,0,0,37.04,39.32,39.32,,J'aime la nourriture,J'aime la nourriture,0.0,37.36,37.36
63,noun_phrase_have_abstract,il a de la chance,diyaɲɔgɔnya bɛ a fɛ,NOUN AUX PRON ADP,tère bɛ a fɛ,a ye numuya ye,a ye hɛrɛ sɔrɔ,NOUN AUX PRON ADP,PRON AUX NOUN AUX,PRON AUX NOUN VERB,19.04,6.75,6.67,1.0,0.0,0.0,True,False,False,1,0,0,100.0,57.68,41.42,,il était en paix,il est doux,0.0,9.08,6.95
64,noun_phrase_have_abstract_neg,elle n'a pas de frère,bálimakɛ tɛ a fɛ,NOUN AUX PRON ADP,bálimakɛ tɛ a fɛ,balimakɛ tɛ a fɛ,balimakɛ t'a fɛ,NOUN AUX PRON ADP,NOUN AUX PRON ADP,PUNCT X ADP,100.0,81.71,50.69,1.0,1.0,0.0,True,True,False,1,1,0,100.0,100.0,14.66,,il n'a pas de frère,Il n'a pas de frère,0.0,75.09,75.09
65,existential_absolute,Il y'a du pain,búuru bɛ,NOUN AUX,búuru bɛ,Dumuni bɛ yen,Buru bɛ ​​yen,NOUN AUX,PROPN AUX ADV,PROPN AUX PUNCT,100.0,11.0,40.57,1.0,0.0,0.0,False,True,True,1,0,0,100.0,27.29,32.13,,Il y a du pain,Il y a de la nourriture,0.0,62.05,18.09
66,existential_absolute,il y a un problème,[problème] bɛ,NOUN AUX,gìrigara bɛ,gɛlɛya dɔ bɛ yen,gɛlɛya dɔ bɛ yen,NOUN AUX,VERB NOUN AUX ADV,VERB NOUN AUX ADV,5.88,6.95,6.95,0.0,0.0,0.0,False,True,True,1,0,0,100.0,75.19,75.19,,il y a un problème,il y a un problème,0.0,100.0,100.0
67,existential_absolute,il y a du travail,baaraw bɛ,NOUN AUX,báara bɛ,baara bɛ yen,baara bɛ yen,NOUN AUX,NOUN AUX ADV,NOUN AUX ADV,23.05,42.95,42.95,0.0,0.0,0.0,False,True,True,1,0,0,100.0,87.22,87.22,,il y a du travail,il y a un emploi,0.0,100.0,18.14
68,existential_absolute_neg,il n'y a pas de pain,búuru tɛ,X AUX,búuru tɛ,nbuuru tɛ yen,buru tɛ yen,X AUX,X AUX ADV,X AUX ADV,100.0,42.72,45.73,1.0,0.0,0.0,False,True,True,1,0,0,100.0,79.07,79.07,,il n'y a pas de pain,il n'y a pas de pain,0.0,100.0,100.0
69,existential_localized_neg,il n'y a personne dans le village,mɔgɔ tɛ dugu kɔnɔ,NOUN AUX NOUN ADP,[personne] tɛ dùgu la,mɔgɔ tɛ dugu kɔnɔ,mɔgɔ si tɛ dugu kɔnɔ,NOUN AUX NOUN ADP,NOUN AUX NOUN ADP,NOUN DET AUX NOUN ADP,11.68,100.0,74.75,0.0,1.0,1.0,True,True,True,1,1,0,100.0,100.0,73.54,,il n'y a personne dans la ville,il n'y a personne dans la ville,0.0,77.38,77.38
70,existential_localized,Il y a de l'eau dans la bouteille,jí bɛ bútèli kɔnɔ,NOUN AUX X ADP,jí bɛ bútèli la,Ji bɛ jifilen kɔnɔ,Ji bɛ buteli kɔnɔ,NOUN AUX NOUN ADP,PROPN AUX X ADP,PROPN AUX X ADP,66.78,19.83,37.55,1.0,1.0,1.0,True,True,True,0,0,0,56.77,63.19,63.19,,Il y a de l'eau dans la bouteille,Il y a de l'eau dans la coupe,0.0,100.0,66.35
71,existential_localized,Il y a des gens ici,mɔgɔw bɛ yàn,NOUN AUX ADV,bìdenw bɛ yàn,Mɔgɔ dɔw bɛ yan,Mɔgɔw ​​bɛ yan,NOUN AUX ADV,PROPN NOUN AUX ADV,PUNCT PUNCT ADV,42.52,38.51,29.89,1.0,0.0,0.0,True,True,False,1,0,0,100.0,87.9,18.15,,Il y a du monde ici,Il y a des gens ici,0.0,31.13,100.0
72,existential_localized_neg,Il n'y a personne ici,mɔgɔw tɛ yàn,NOUN AUX ADV,[personne] tɛ yàn,Mɔgɔ si tɛ yan,Mɔgɔ si tɛ yan,NOUN AUX ADV,PROPN DET AUX ADV,PROPN DET AUX ADV,26.37,22.75,22.75,1.0,0.0,0.0,True,True,True,1,0,0,100.0,42.66,42.66,,Il n'y a personne ici,Il n'y a personne ici,0.0,100.0,100.0
73,existential_localized,il y a des enfants dans la maison,dɔgɔw bɛ so kɔnɔ,NOUN AUX NOUN ADP,dénw bɛ só la,Denmisɛnw bɛ so kɔnɔ,denmisɛnw bɛ du kɔnɔ,NOUN AUX NOUN ADP,PROPN AUX NOUN ADP,NOUN AUX NOUN ADP,17.43,56.53,23.16,0.0,1.0,1.0,True,True,True,1,0,1,100.0,73.22,100.0,,les enfants sont dans la maison,Les enfants sont à la maison,0.0,68.02,53.54
74,existential_localized_neg,il n'y a pas d'eau dans la bouteille,jí tɛ bútèli kɔnɔ,NOUN AUX PRON ADP,jí tɛ bútèli la,ji tɛ jiriden kɔnɔ,ji tɛ buteli kɔnɔ,NOUN AUX PRON ADP,NOUN AUX PRON ADP,NOUN AUX PRON ADP,66.78,18.66,38.74,1.0,1.0,1.0,True,True,True,1,1,1,100.0,100.0,100.0,,il n'y a pas d'eau dans la bouteille,il n'y a pas d'eau dans le fruit,0.0,100.0,67.02
75,identificatory,C'est moi,n dòn,PRON AUX,n dòn,O ye ne de ye.,Ne de don,PRON AUX,PRON AUX PRON PART PUNCT,PRON PART AUX,100.0,9.62,10.87,1.0,0.0,0.0,False,False,False,1,0,0,100.0,62.49,39.35,,je suis celui,C'est moi qui le suis.,0.0,9.95,72.64
76,identificatory_appos,C'est moi Hawa,n de Hawa yé,PRON PART X AUX,Hawa dòn,Ne ye Hawa ye,O ye ne Hawa ye,PUNCT AUX,PRON AUX PROPN AUX,PRON AUX PRON PROPN AUX,26.24,48.74,49.15,0.0,0.0,0.0,False,False,False,0,0,0,14.01,28.19,32.59,,C'est mon réveillon,Je suis Eve,0.0,42.59,5.99
77,identificatory_neg,Ce n'est pas moi,n tɛ,PRON AUX,o tɛ n yé,O tɛ ne de ye,O t ne ye,PRON AUX PRON AUX,PRON AUX PRON PART AUX,PRON PUNCT PRON AUX,40.7,34.37,18.52,-1.0,0.0,0.0,True,True,False,0,0,0,75.19,66.21,70.4,,Ce n'est pas moi,Ce n'est pas moi,0.0,100.0,100.0
78,presentative,c'est Musa,Musa dòn,PROPN AUX,Musa dòn,o ye Musa ye,o ye Musa ye,PROPN AUX,PRON AUX PROPN AUX,PRON AUX PROPN AUX,100.0,26.8,26.8,1.0,0.0,0.0,False,False,False,1,0,0,100.0,78.99,78.99,,c'est Moïse,Il s'agit de Moïse.,0.0,50.56,11.22
79,presentative_plur,Ce sont mes frères et sœurs,n bálimaw dòn,PRON X AUX,n bálimakɛ ni Bátà dòn,O ye ne balimakɛw ni ne balimamusow ye,Ninnu ye ne balimakɛw ni ne balimamusow ye,PRON X ADP X AUX,PRON AUX PRON X X PRON NOUN AUX,X AUX PRON X X PRON NOUN AUX,52.39,16.43,15.56,1.0,0.0,0.0,False,False,False,0,0,0,67.85,35.52,43.72,,Ce sont mes frères et sœurs,"Ce sont mes frères et mes sœurs,",0.0,100.0,82.91
80,identificatory,c'est lui,a dòn,PRON AUX,a dòn,o ye ale de ye,ale de don,PRON AUX,PRON AUX PRON PART AUX,PRON PART AUX,100.0,9.62,15.62,1.0,0.0,0.0,False,False,False,1,0,0,100.0,66.21,39.35,,c'est le don,C'est lui,0.0,55.4,100.0
81,identificatory_neg,ce n'est pas lui,a tɛ,PRON AUX,o tɛ yé,o tɛ a ye,o tɛ ale de ye,PRON AUX AUX,PRON AUX PRON AUX,PRON AUX PRON PART AUX,33.55,40.7,32.69,0.0,-1.0,0.0,True,True,True,0,0,0,87.22,75.19,66.21,,ce n'est pas lui,ce n'est pas lui,0.0,100.0,100.0
82,identificatory,c'est nous,anw dòn,PRON AUX,o yé anw yé,an bɛ o de ye,o ye anw de ye,PRON AUX PRON AUX,NOUN AUX PRON PART AUX,PRON AUX PRON PART AUX,17.78,10.55,29.84,0.0,0.0,0.0,True,True,False,0,0,0,75.19,39.67,66.21,,c'est nous qui sommes,C'est ce que nous sommes.,0.0,77.81,41.56
83,deictique,Voilà la voiture,[voiture] félé,PUNCT PUNCT,wátiri félé,Nin ye mobili ye,Mobili in filɛ nin ye,PUNCT PUNCT,PRON AUX NOUN AUX,PUNCT X VERB PRON AUX,18.78,5.13,6.04,0.0,0.0,0.0,False,False,False,1,0,0,100.0,9.42,29.68,,Voici la voiture,C'est une voiture,0.0,64.33,37.1
84,deictique_plur,Voilà les voitures,[voiture]w félé,PUNCT PUNCT,wátiri félé,Nin ye mobiliw ye,Mobiliw filɛ nin ye,PUNCT PUNCT,PRON AUX NOUN AUX,PART VERB PRON AUX,18.81,5.95,8.19,0.0,0.0,0.0,False,False,False,1,0,0,100.0,9.42,7.58,,Voici les voitures,Ce sont des voitures,0.0,70.0,55.05
85,deictique,Voilà Musa,Musa félé,PUNCT PUNCT,Musa félé,O ye Musa ye.,Nin ye Musa ye,PUNCT PUNCT,PRON AUX PUNCT PUNCT,PRON AUX PROPN AUX,100.0,22.99,22.37,1.0,0.0,0.0,False,False,False,1,0,0,100.0,83.9,9.09,,C'est Moïse,C'était Moïse.,0.0,5.43,8.5
86,deictique,Voilà l'eau,jí félé,NOUN PUNCT,jí félé,Ji bɛ yan.,Ji filɛ nin ye,NOUN PUNCT,PROPN AUX PUNCT,PROPN VERB PRON AUX,100.0,0.0,4.76,1.0,0.0,0.0,False,True,False,1,0,0,100.0,35.4,8.01,,Voici l'eau,Il y a de l'eau ici.,0.0,42.17,31.07
87,interrogative,Parles-tu bambara ?,i bɛ bambara kúma wà ?,PRON AUX X NOUN PART PUNCT,i bɛ bambara kúma wà ?,I bɛ bambara fɔ wa?,Yala i bɛ bamanankan fɔ wa?,PRON AUX X NOUN PART PUNCT,PRON AUX X SCONJ PUNCT,SCONJ PRON AUX X SCONJ PUNCT,100.0,48.3,28.16,1.0,1.0,1.0,True,True,True,1,0,0,100.0,44.89,43.36,,Parles-tu anglais?,Est-ce que tu parles comme un fou ?,0.0,46.98,25.38
88,interrogative_motion,Allez-vous au marché ?,[vous] bɛ wá súgu la wà ?,NOUN AUX PART NOUN ADP PART PUNCT,aw bɛ wá súgu la wà ?,Aw bɛ taa lɔgɔfiyɛ la wa?,Yala i bɛ taa sugu la wa?,PRON AUX PART NOUN ADP PART PUNCT,PRON AUX VERB NOUN ADP CCONJ,SCONJ PRON AUX VERB NOUN ADP CCONJ,66.49,10.66,19.54,1.0,1.0,1.0,True,True,True,0,0,0,88.31,29.0,28.48,,Allez-vous au marché ?,Est-ce que vous allez à la place publique?,0.0,100.0,27.81
89,interrogative_question_marker,Est-ce que ça va vraiment bien ?,o bɛ wá kóɲuman nɛ̀fɛ wà ?,PRON AUX PART PUNCT PUNCT PART PUNCT,Yala o bɛ wá yɛ̀rɛ kóɲuman wà ?,Yala i bɛ ko ɲuman kɛ wa?,Yala o tɛ baasi ye tiɲɛ na wa?,SCONJ PRON AUX CCONJ DET PUNCT PART PUNCT,SCONJ PRON AUX NOUN ADJ VERB PUNCT,SCONJ PRON AUX NOUN AUX NOUN ADP PUNCT,45.04,21.27,7.28,1.0,0.0,0.0,True,True,True,0,0,0,60.64,29.09,30.16,,N'est-ce pas vraiment bien ?,Est-ce que tu fais le bien?,0.0,60.49,42.07
90,interrogative_question_marker,Est-ce que tes frères et sœurs sont ici ?,Yala i bálimakɛw ni i balimamusow bɛ yàn wà ?,SCONJ PRON X X PRON NOUN AUX ADV PART PUNCT,Yala i bálimakɛw ni bádenmaw bɛ yàn wà ?,I balimakɛw ni i balimamusow bɛ yan wa?,Yala i balimakɛw ni i balimamusow bɛ yan wa?,SCONJ PRON X ADP NOUN AUX ADV PART PUNCT,PRON X X PRON NOUN AUX ADV PUNCT,SCONJ PRON X X PRON NOUN AUX ADV PUNCT,63.18,69.47,76.16,1.0,0.7,0.8,True,True,True,0,0,0,77.29,69.76,83.83,,Vos frères et sœurs sont-ils ici ?,Est-ce que tes frères et tes sœurs sont ici?,0.0,59.34,89.7
91,interrogative_alternative,Tu veux du poisson ou bien tu veux de la viande ?,i bɛ jɛ́gɛ ŋàniya wàwá i bɛ sògo ŋàniya ?,PRON AUX NOUN PUNCT PART PRON AUX NOUN VERB PUNCT,i bɛ jɛ́gɛ ŋàniya wàlima i bɛ sògo ŋàniya ?,I b'a fɛ jɛgɛ wala sogo?,Yala i b’a fɛ ka jɛgɛ sɔrɔ wa walima i b’a fɛ ka sogo sɔrɔ?,PRON AUX NOUN PUNCT X PRON AUX NOUN VERB PUNCT,PRON X ADP NOUN NUM PUNCT,SCONJ PRON X ADP AUX NOUN VERB PART X PRON X ADP AUX NOUN PUNCT,83.23,10.33,12.62,0.583,0.0,0.0,True,False,False,0,0,0,83.76,19.07,61.12,,Voulez-vous du poisson ou voulez-vous du poulet ?,Voulez-vous du poisson ou de la viande?,0.0,29.7,51.16
92,interrogative_alternative,Tu veux des arachides ou bien tu veux des patates douces ?,i bɛ tìgan ŋàniya wàwá i bɛ [patate douce] ŋàniya ?,PRON AUX PUNCT PUNCT PART PRON AUX PUNCT PUNCT ADV PUNCT,i bɛ kàntìgɛw ŋàniya wàlima i bɛ wóso sánujilama ŋàniya ?,I b'a fɛ pikirifɛn dɔw ye wa? Walima i b'a fɛ patata duman dɔw ye wa?,Yala aw b’a fɛ ka manje sɔrɔ walima aw b’a fɛ ka pɔmitɛri sɔrɔ?,PRON AUX PUNCT PUNCT X PRON AUX NUM PUNCT ADV PUNCT,PRON X ADP X NOUN AUX X X PRON X ADP PUNCT ADJ NOUN AUX PUNCT,SCONJ PRON X ADP ADP PUNCT VERB X PRON X ADP ADP PUNCT PUNCT,35.25,15.5,8.2,0.571,0.0,0.0,True,False,False,0,0,0,70.16,39.42,36.15,,Voulez-vous des cacahuètes ou voulez-vous des patates douces ?,Est-ce que vous voulez des légumes? Est-ce que vous voulez des pommes de terre fraîches?,0.0,42.29,18.95
93,interrogative,il mange ?,a bɛ dún wà ?,PRON AUX VERB PART PUNCT,a bɛ dúnli kɛ wà ?,A bɛ dumuni kɛ wa?,a bɛ dumuni kɛ wa?,PRON AUX NOUN VERB PART PUNCT,PRON AUX NOUN VERB PUNCT,PRON AUX NOUN VERB PUNCT,55.92,17.46,23.78,1.0,1.0,1.0,True,True,True,0,0,0,80.93,51.07,51.07,,est-ce qu'il mange ?,Est-ce qu'il mange quelque chose?,0.0,74.64,48.22
94,interrogative,tu as de l'argent ?,wárí bɛ i bóló wà ?,NOUN AUX PRON ADP PART PUNCT,wári bɛ i fɛ wà ?,wari bɛ i fɛ wa?,wari b' aw bolo wa ?,NOUN AUX PRON ADP PART PUNCT,NOUN AUX PRON ADP PUNCT,X AUX PRON ADP PART PUNCT,24.6,13.98,10.65,1.0,1.0,0.0,True,True,False,1,0,0,100.0,74.45,82.79,,as-tu de l'argent ?,Avez-vous de l'argent avec vous?,0.0,73.05,58.63
95,interrogative,elle est à la maison ?,a bɛ so la wà ?,PRON AUX NOUN ADP PART PUNCT,a bɛ só wà ?,A bɛ so kɔnɔ wa?,Yala a bɛ so kɔnɔ wa?,PRON AUX NOUN PART PUNCT,PRON AUX NOUN ADP PUNCT,SCONJ PRON AUX NOUN ADP PUNCT,30.95,22.76,33.41,1.0,1.0,1.0,True,True,True,0,0,0,74.45,74.45,70.87,,Est-il dans la pièce ?,Est-ce qu'il est à la maison?,0.0,15.81,69.33
96,interrogative_modal_xcomp,peut-il manger de la viande ?,a bɛ se ka sògo dún wà ?,PRON AUX VERB AUX NOUN VERB PART PUNCT,a bɛ se ka sògo dún wà ?,A bɛ se ka sogo dun wa?,a bɛ se ka sogo dun wa ?,PRON AUX VERB AUX NOUN VERB PART PUNCT,PRON AUX VERB AUX NOUN VERB PUNCT,PRON AUX VERB AUX NOUN VERB PART PUNCT,100.0,41.15,47.17,1.0,1.0,1.0,True,True,True,1,0,1,100.0,82.03,100.0,,peut-il manger de la viande ?,Est-ce qu'il peut manger de la viande?,0.0,100.0,72.67
97,content_question_who,Qui fait la bagarre ?,jɔn bɛ bìlen dími ?,NOUN AUX PART VERB PUNCT,jɔn bɛ káta bùnaki ?,Jɔn bɛ kɛlɛ kɛ?,Jɔn de bɛ kɛlɛ in kɛ?,NOUN AUX PUNCT ADV PUNCT,PROPN AUX NOUN PUNCT,PROPN PART AUX NOUN DET PUNCT,23.75,14.83,14.49,1.0,1.0,1.0,True,True,True,0,0,0,46.72,32.94,36.35,,Qui mène la guerre ?,Qui est celui qui combat?,0.0,21.89,13.39
98,content_question_who_inversion,Qui aimez-vous ?,[vous] bɛ jɔn kànu ?,NOUN AUX X ADP PUNCT,aw bɛ jɔn kànuya ?,I bɛ jɔni kanu?,I bɛ jɔn kanu?,PRON AUX X ADP PUNCT,PRON AUX PRON PUNCT,PRON AUX X ADP,49.81,26.19,33.62,1.0,0.0,1.0,True,True,True,0,0,0,78.45,31.47,45.17,,Qui aimes-tu ?,Qui est celui que tu aimes?,0.0,43.98,22.54
99,content_question_who_inversion,Qui aiment-ils ?,[ils] bɛ jɔn kànu ?,NOUN AUX X ADP PUNCT,u bɛ jɔn kànuya ?,U bɛ jɔn kanu?,U bɛ jɔn kanu?,PRON AUX X ADP PUNCT,PRON AUX X ADP,PRON AUX X ADP,53.91,35.79,35.79,1.0,1.0,1.0,True,True,True,0,0,0,78.45,45.17,45.17,,Qui aiment-ils ?,Qui est celui qu'ils aiment?,0.0,100.0,38.85
100,content_question_what,Tu manges quoi ?,i bɛ mún dún ?,PRON AUX PRON VERB PUNCT,i bɛ mún dún ?,I bɛ mun dun?,Aw bɛ mun dun?,PRON AUX PRON VERB PUNCT,PRON AUX PRON PUNCT,PRON AUX PRON PUNCT,100.0,21.16,20.72,1.0,1.0,0.0,True,True,True,1,0,0,100.0,64.45,64.45,,Que manges-tu ?,Que mangez-vous ?,0.0,40.67,29.77
101,content_question_what,Tu veux quoi ?,i bɛ mún ŋàniya ?,PRON AUX PRON VERB PUNCT,i bɛ mún ŋàniya ?,I bɛ mun de fɛ?,E bɛ mun fɛ ?,PRON AUX PRON VERB PUNCT,PRON AUX PRON PART VERB,NOUN AUX PRON ADP PUNCT,100.0,11.06,11.44,1.0,1.0,1.0,True,True,True,1,0,0,100.0,59.2,49.39,,Que veux-tu ?,Que veux-tu de moi?,0.0,27.76,32.74
102,content_question_what,il mange quoi ?,a bɛ mún dún ?,PRON AUX PRON VERB PUNCT,a bɛ mún dún ?,A bɛ mun dun?,a bɛ mun dun ?,PRON AUX PRON VERB PUNCT,PRON AUX PRON PUNCT,PRON AUX PRON VERB PUNCT,100.0,21.16,29.14,1.0,1.0,1.0,True,True,True,1,0,1,100.0,64.45,100.0,,que mange-t-il ?,Qu'est-ce qu'elle mange ?,0.0,32.55,28.68
103,content_question_where,Où allez-vous ?,[vous] bɛ wá mín ?,NOUN AUX CCONJ VERB PUNCT,aw bɛ wá mín ?,Aw bɛ taa min?,I bɛ taa min ?,PRON AUX CCONJ VERB PUNCT,PRON AUX VERB PUNCT,PRON AUX VERB X PUNCT,50.15,10.15,9.05,1.0,0.0,1.0,True,True,True,0,0,0,84.44,47.05,32.42,,Où vas-tu ?,Où allez-vous ?,0.0,12.42,100.0
104,content_question_where,où est Musa ?,Musa bɛ mín ?,PROPN AUX VERB PUNCT,Musa bɛ mín ?,Musa bɛ min?,Musa bɛ min ?,PROPN AUX VERB PUNCT,PROPN AUX PUNCT,PROPN AUX VERB PUNCT,100.0,62.9,62.9,1.0,1.0,1.0,True,True,True,1,0,1,100.0,56.15,100.0,,Où est Moïse ?,Où est Moïse?,0.0,45.79,45.79
105,content_question_when,Quand viens-tu ?,i bɛ nà túma jùmɛn ?,PRON AUX VERB NOUN DET PUNCT,i bɛ nà túma jùmɛn ?,I bɛ na waati jumɛn?,I bɛ na tuma jumɛn?,PRON AUX VERB NOUN DET PUNCT,PRON AUX ADP PUNCT PUNCT,PRON AUX ADP NOUN ADP,100.0,23.08,27.07,1.0,1.0,1.0,True,True,True,1,0,0,100.0,42.02,32.27,,Quand viens-tu ?,Quand donc viendras-tu?,0.0,100.0,47.49
106,content_question_when,quand pars-tu ?,i bɛ táa túma jùmɛn ?,PRON AUX VERB NOUN DET PUNCT,i bɛ táa túma jùmɛn ?,I bɛ taa waati jumɛn?,i bɛ taa tuma jumɛn ?,PRON AUX VERB NOUN DET PUNCT,PRON AUX VERB PUNCT PUNCT,PRON AUX VERB NOUN DET PUNCT,100.0,23.71,32.06,1.0,1.0,1.0,True,True,True,1,0,1,100.0,60.92,100.0,,quand pars-tu ?,Tu vas quand ?,0.0,100.0,30.54
107,content_question_why,Pourquoi pleures-tu ?,i bɛ kàsi mún kósɔn ?,PRON AUX VERB PRON VERB PUNCT,i bɛ kàsi mún kósɔn ?,Mun y'a to i bɛ kasi?,Mun na i bɛ kasi?,PRON AUX VERB PRON VERB PUNCT,PRON AUX VERB PRON AUX PUNCT,PRON X PRON AUX PUNCT,100.0,16.44,18.2,1.0,1.0,1.0,True,True,True,1,0,0,100.0,69.58,41.36,,Pourquoi pleures-tu ?,Pourquoi pleures-tu?,0.0,100.0,100.0
108,content_question_why,pourquoi il mange ?,a bɛ dún mún kósɔn ?,PRON AUX VERB PRON VERB PUNCT,a bɛ dúnli kɛ mún kósɔn ?,Mun na a bɛ dumuni kɛ?,mun na a bɛ dumuni kɛ?,PRON AUX NOUN VERB PRON VERB PUNCT,PRON VERB PRON AUX NOUN PUNCT,PRON VERB PRON AUX NOUN PUNCT,73.08,18.13,18.13,1.0,1.0,1.0,True,True,True,0,0,0,84.52,68.06,68.06,,pourquoi mange-t-il ?,Pourquoi mange-t-il?,0.0,58.67,58.67
109,content_question_how,Comment t'appelles-tu ?,i bɛ kánbìla cógo dǐ ?,PRON AUX X NOUN VERB PUNCT,i bɛ kánbìla cógo dǐ ?,I tɔgɔ bɛ di?,I tɔgɔ bɛ di ?,PRON AUX X NOUN VERB PUNCT,PRON NOUN AUX PUNCT,PRON NOUN AUX VERB PUNCT,100.0,7.55,7.55,1.0,1.0,1.0,True,True,True,1,0,0,100.0,39.02,59.47,,Quel est ton nom ?,Quel est ton nom ?,0.0,14.78,14.78
110,content_question_how,Comment cela se fait-il ?,o bɛ dími cógo dǐ ?,PRON AUX VERB NOUN VERB PUNCT,a bɛ kùnnasìri cógo dǐ ?,O bɛ kɛ cogo di?,O bɛ kɛ cogo di?,PRON AUX DET NOUN VERB PUNCT,PRON AUX VERB NOUN PUNCT,PRON AUX VERB NOUN PUNCT,46.35,16.43,16.43,1.0,1.0,1.0,True,True,True,0,0,0,70.28,71.59,71.59,,Comment cela se produit-il ?,Comment cela se fait-il?,0.0,72.27,100.0
111,content_question_which_noun,Quelle femme ?,númanfɛlaka jùmɛn ?,NOUN VERB PUNCT,númanfɛlaka jùmɛn ?,Muso jumɛn?,Muso jumɛn?,NOUN VERB PUNCT,PROPN VERB,PROPN VERB,100.0,12.54,12.54,1.0,0.0,0.0,False,False,False,1,0,0,100.0,26.09,26.09,,Quelle femme ?,Quelle femme ?,0.0,100.0,100.0
112,content_question_which,Tu veux quelle maison ?,i bɛ só jùmɛn ŋàniya ?,PRON AUX NOUN DET VERB PUNCT,i bɛ só jùmɛn ŋàniya ?,I bɛ so jumɛn fɛ?,I b’a fɛ ka so jumɛn de fɛ?,PRON AUX NOUN DET VERB PUNCT,PRON AUX NOUN DET ADP,PRON X ADP ADP NOUN DET PART VERB,100.0,14.96,11.6,1.0,1.0,0.0,True,True,False,1,0,0,100.0,60.04,41.58,,Quelle maison préférez-vous ?,Quelle est ta maison?,0.0,55.92,49.16
113,content_question_how_much,Ça coûte combien ?,wárí jóli bɛ à la ?,PART PRON AUX PRON ADP PUNCT,o bɛ jóli jàte ?,A bɛ wari joli di?,A musaka ye joli ye?,PRON AUX PRON VERB PUNCT,PRON AUX X PRON PUNCT,PRON X AUX PRON PUNCT,19.54,13.28,7.03,0.333,0.0,0.0,True,True,False,0,0,0,54.94,46.47,43.01,,Combien ça coûte?,Combien d'argent donne-t-il ?,0.0,70.64,34.53
114,content_question_how_much,tu as combien d'enfants ?,dɔgɔ jóli bɛ i fɛ ?,NOUN NOUN AUX PRON ADP PUNCT,dénw jóli bɛ i fɛ ?,Den joli bɛ i fɛ?,den joli b' aw bolo ?,NOUN PRON AUX PRON ADP PUNCT,PROPN NOUN AUX PRON VERB,NOUN PRON VERB PRON ADP PUNCT,65.61,48.66,10.78,1.0,1.0,0.0,True,True,False,0,0,0,73.93,49.58,54.48,,combien d'enfants as-tu ?,Combien d'enfants avez-vous?,0.0,77.54,72.82
115,simple,je mange du riz,n bɛ màlo dún,PRON AUX AUX PART,n bɛ iri dún,ne bɛ dumuni kɛ,N bɛ tiga dun,PRON AUX X PART,PRON AUX NOUN VERB,PRON AUX X PART,22.05,11.39,8.52,1.0,0.0,1.0,True,True,True,0,0,0,59.69,39.45,59.69,,je mange du riz,j'ai mangé,0.0,100.0,19.11
116,simple,tu bois de l'eau,i bɛ jí mìn,PRON AUX NOUN DET,i bɛ jí jí,i bɛ ji min,aw bɛ ji min,PRON AUX NOUN NOUN,PRON AUX NOUN DET,PRON AUX NOUN DET,40.45,28.53,19.51,0.833,1.0,0.0,True,True,True,0,1,1,72.05,100.0,100.0,,tu bois de l'eau,tu bois de l'eau,0.0,100.0,100.0
117,simple,il parle bambara,a bɛ bambara kúma,PRON AUX X PUNCT,a bɛ bambara kúma,a bɛ bambara fɔ,a bɛ bamanankan fɔ,PRON AUX X PUNCT,PRON AUX X PUNCT,PRON AUX X PUNCT,100.0,66.78,34.32,1.0,1.0,1.0,True,True,True,1,1,1,100.0,100.0,100.0,,il parle le bambara,il parle en bambara,0.0,86.59,72.98
118,simple,elle chante,a bɛ donkili dón,PRON AUX NOUN AUX,a bɛ lábalimali kɛ,a bɛ dɔnkili la,a bɛ dɔnkili da,PRON AUX NOUN VERB,PRON AUX NOUN ADP,PRON AUX NOUN VERB,14.2,36.32,46.31,1.0,1.0,1.0,True,True,True,0,0,0,72.05,82.21,72.05,,il chante la chanson,il est en train de chanter,0.0,41.56,49.06
119,simple_plur,nous travaillons,anw bɛ báara la,PRON AUX PROPN ADP,anw bɛ báara la,an bɛ baara kɛ,an bɛ baara kɛ,PRON AUX PROPN ADP,NOUN AUX X VERB,NOUN AUX X VERB,100.0,23.83,23.83,1.0,0.0,0.0,True,True,True,1,0,0,100.0,15.98,15.98,,nous travaillons,nous travaillons,0.0,100.0,100.0
120,simple_plur,ils mangent du riz,ùw bɛ màlo dún,NOUN AUX AUX PART,u bɛ iri dún,u bɛ roso dun,u bɛ tiga dun,PRON AUX X PART,PRON AUX X PART,PRON AUX X PART,15.01,11.12,7.87,1.0,0.0,0.0,True,True,True,0,0,0,35.15,35.15,35.15,,ils mangent du riz,ils mangent du riz,0.0,100.0,100.0
121,simple_neg,je ne mange pas,n tɛ dún,PRON AUX PART,n tɛ dúnli kɛ,ne tɛ dumuni kɛ,N tɛ dumuni kɛ,PRON AUX NOUN VERB,PRON AUX NOUN VERB,PRON AUX NOUN VERB,79.46,20.19,18.44,1.0,0.0,1.0,True,True,True,0,0,0,47.99,47.99,47.99,,je ne mange pas,je ne mange pas,0.0,100.0,100.0
122,simple_neg,il ne parle pas bambara,a tɛ bambara kúma,PRON AUX X PUNCT,a tɛ bambara kúma,a tɛ bambara fɔ,a tɛ bamanankan fɔ,PRON AUX X PUNCT,PRON AUX PRON PUNCT,PRON AUX X PUNCT,100.0,66.78,34.32,1.0,1.0,1.0,True,True,True,1,0,1,100.0,61.02,100.0,,il ne parle pas anglais,il ne parle pas en arabe,0.0,58.87,63.45
123,volitif,je veux manger,n bɛ dún fɛ,PRON AUX PART ADP,n bɛ ŋàniya ka dúnli kɛ,ne b'a fɛ ka dumuni kɛ,N b'a fɛ ka dumuni kɛ,PRON AUX X X NOUN VERB,PRON X ADP AUX NOUN VERB,PRON NOUN ADP AUX NOUN VERB,23.26,13.8,12.36,1.0,0.0,1.0,True,False,False,0,0,0,37.04,28.27,28.25,,Je veux manger la nourriture,J'ai envie de manger,0.0,79.6,36.64
124,volitif,il veut partir,a bɛ táa fɛ,PRON AUX VERB ADP,a bɛ ŋàniya ka táa,a b'a fɛ ka taa,a b'a fɛ ka taa,PRON AUX X AUX VERB,PRON X ADP AUX VERB,PRON X ADP AUX VERB,23.64,20.74,20.74,1.0,1.0,1.0,True,False,False,0,0,0,67.96,57.22,57.22,,il veut y aller,Il veut partir.,0.0,37.46,97.88
125,volitif_neg,je ne veux pas manger,n tɛ dún fɛ,PRON AUX PRON ADP,n tɛ ŋàniya ka dúnli kɛ,ne t'a fɛ ka dumuni kɛ,N t'a fɛ ka dumuni kɛ,PRON AUX PRON X NOUN VERB,PRON X ADP AUX NOUN VERB,PRON NOUN ADP AUX NOUN VERB,23.26,13.8,12.36,1.0,0.0,1.0,True,False,False,0,0,0,66.35,29.3,31.8,,je ne veux pas manger,Je ne veux pas manger.,0.0,100.0,98.62
126,progressif,je suis en train de manger,n bɛ kà dún,PRON AUX AUX VERB,n bɛ kà dúnli kɛ,ne bɛ dumuni kɛ,N bɛ dumuni kɛ,PRON AUX AUX NOUN VERB,PRON AUX NOUN VERB,PRON AUX NOUN VERB,86.63,13.5,11.88,1.0,0.0,1.0,True,True,True,0,0,0,72.36,50.98,50.98,,je mange la nourriture,j'ai mangé,0.0,26.74,13.14
127,progressif,il est en train de parler,a bɛ kà kúma,PRON AUX AUX VERB,a bɛ kà kúma,a bɛ kuma,a bɛ kuma,PRON AUX AUX VERB,PRON AUX VERB,PRON AUX VERB,100.0,28.44,28.44,1.0,1.0,1.0,True,True,True,1,0,0,100.0,71.7,71.7,,il parle,il parle,0.0,18.63,18.63
128,futur,je vais manger,n bɛ na dún,PRON AUX ADP PART,n bɛ na dúnli kɛ,ne bɛ dumuni kɛ,N bɛ taa dumuni kɛ,PRON AUX ADP NOUN VERB,PRON AUX NOUN VERB,PRON AUX VERB NOUN VERB,86.63,11.61,13.13,1.0,0.0,1.0,True,True,True,0,0,0,61.34,38.27,35.89,,je vais manger,j'ai mangé,0.0,100.0,22.18
129,futur,il va partir,a bɛ na táa,PRON AUX ADP VERB,a bɛ na táa,a bɛ taa,a bɛ taa bɔ yen,PRON AUX ADP VERB,PRON AUX VERB,PRON AUX VERB VERB ADV,100.0,21.19,20.48,1.0,1.0,1.0,True,True,True,1,0,0,100.0,53.33,50.94,,il va là-bas,il s'en va,0.0,20.44,10.82
130,futur_neg,je n'irai pas,n tɛ na táa,PRON AUX ADP VERB,n tɛ na wá,ne tɛ taa,Ne tɛna taa,PRON AUX ADP PART,PRON AUX VERB,PRON AUX VERB,42.59,15.27,39.9,1.0,0.0,0.0,True,True,False,0,0,0,65.61,53.33,53.33,,je n'irai pas,je ne vais pas,0.0,100.0,24.16
131,past_neg,je n'ai pas mangé,n ma màlo dún,PRON AUX PUNCT PART,n ma dúnli kɛ,ne ma dumuni kɛ,N ma dumuni kɛ,PRON AUX NOUN VERB,PRON AUX NOUN VERB,PRON AUX NOUN VERB,23.24,11.39,9.98,1.0,0.0,1.0,True,True,True,0,0,0,37.0,37.0,37.0,,Je n'ai pas mangé la nourriture,je n'ai pas mangé,0.0,82.58,100.0
132,past_neg,il n'a pas parlé,a ma kúma,PRON AUX PUNCT,a ma kúma,a ma kuma,a ma kuma,PRON AUX PUNCT,PRON AUX PUNCT,PRON AUX PUNCT,100.0,36.23,36.23,1.0,1.0,1.0,True,True,True,1,1,1,100.0,100.0,100.0,,il n'a pas parlé,il n'a pas parlé,0.0,100.0,100.0
133,habitude,il mangeait du riz,a tùn bɛ màlo dún,PRON AUX AUX AUX PART,a tùn bɛ iri dún,a tun bɛ roso dun,a ye tiga dun,PRON AUX AUX X PART,PRON AUX AUX X PART,PRON AUX NOUN PART,40.35,17.33,5.38,1.0,1.0,0.0,True,True,False,0,0,0,68.98,68.98,42.63,,il a mangé du riz,Il mangeait du riz.,0.0,36.0,98.4
134,habitude,je travaillais,n tùn bɛ báara la,PRON AUX AUX PROPN ADP,n tùn bɛ báara la,ne tun bɛ baara la,N tun bɛ baara la,PRON AUX AUX PROPN ADP,PRON AUX AUX PROPN ADP,PRON AUX AUX PROPN ADP,100.0,37.61,36.97,1.0,1.0,1.0,True,True,True,1,1,1,100.0,100.0,100.0,,j'étais au travail,j'étais au travail,0.0,48.07,48.07
135,simple_purposive_coordinated,Je te donne de l'argent pour cuisiner et manger,n bɛ wárí di i ma walasa ka [cuisiner] ani ka dún,PRON AUX X VERB PRON AUX PROPN X NOUN CCONJ AUX VERB,n bɛ wári di i ma walasa ka bɛ̀rɛbɛrɛli kɛ ani ka dúnli kɛ,Ne bɛ wari di i ma ka dumuni tobi ani ka dumuni kɛ,N bɛ wari di i ma i ka tobili kɛ ka dumuni kɛ,PRON AUX X VERB PRON AUX PROPN X NOUN VERB ADP ADP NOUN VERB,PRON AUX X VERB PRON AUX X NOUN VERB CCONJ X NOUN VERB,PRON AUX X VERB PRON AUX PRON ADP NOUN VERB ADP NOUN VERB,53.58,25.36,19.83,0.917,0.857,0.857,True,True,True,0,0,0,72.32,61.25,60.91,,Je te donne de l'argent pour cuisiner et manger,Je te donnerai de l'argent pour que tu cuisses et que tu manges.,0.0,100.0,59.31
136,complex_comitative_relative,Je veux manger avec mon mari et ma fille qui est malade,n bɛ ŋàniya ka dún ni n fúrucɛ ni n mùsona jànkarotɔ,PRON AUX X AUX VERB ADP PRON X X PRON PUNCT PUNCT,n bɛ ŋàniya ka dúnli kɛ ni n fúrucɛ yé minw jànkarotɔlen dòn,Ne b'a fɛ ka dumuni kɛ ni ne cɛ ni ne denmuso banabaatɔ ye,N b’a fɛ ka dumuni kɛ ni n cɛ ye ani n denmuso banabagatɔ,PRON AUX X X NOUN VERB ADP PRON NOUN AUX PRON NOUN AUX,PRON X ADP AUX NOUN VERB ADP PRON NOUN CCONJ PRON NOUN NOUN AUX,PRON NOUN ADP AUX NOUN VERB ADP PRON NOUN AUX CCONJ PRON NOUN PUNCT,64.57,20.27,19.07,0.571,0.667,-0.1,True,False,False,0,0,0,50.98,44.26,46.82,,Je veux manger avec mon mari et ma fille malade,J'ai envie de manger avec mon mari et ma fille qui sont malades.,0.0,81.67,74.67
137,verb_serial_dative,il donne le livre à l'enfant,a bɛ kitabu di dɔgɔ ma,PRON AUX X VERB NOUN AUX,a bɛ kìtabu di dén la,a bɛ kitabu di den ma,a bɛ gafe in di den ma,PRON AUX X VERB NOUN ADP,PRON AUX X VERB NOUN AUX,PRON AUX X X VERB NOUN AUX,42.05,68.98,18.44,1.0,1.0,1.0,True,True,True,0,1,0,87.75,100.0,92.05,,il donne le livre à l'enfant,et il donna le livre à l'enfant.,0.0,100.0,80.49
138,privative_pron,sans moi,n kɔ,PRON PUNCT,n kɔ,ni ne tɛ,ni ne tɛ yen,PRON PUNCT,SCONJ PRON AUX,SCONJ PRON AUX ADV,100.0,9.26,7.94,1.0,0.0,0.0,False,False,True,1,0,0,100.0,24.89,23.27,,en mon absence,si je ne suis pas,0.0,12.8,10.16
139,privative_clause,"sans moi, tu ne pourras pas partir","n kɔ, i tɛ na se ka táa",PRON X PRON AUX ADP VERB AUX VERB,i tɛ na se ka táa n kɔ,"ni ne tɛ, i tɛ se ka taa",ni ne tɛ i tɛna se ka bɔ yen,PRON AUX ADP VERB AUX VERB PRON PUNCT,SCONJ PRON X PRON AUX VERB AUX VERB,SCONJ PRON AUX PRON AUX VERB AUX VERB ADV,77.57,32.07,47.64,0.429,1.0,0.667,True,True,True,0,0,0,82.48,74.67,63.72,,sans moi tu ne pourras pas partir,"Si je n'y vais pas, tu ne peux pas y aller.",0.0,86.44,26.32
140,privative_noun,Ce légume est sans cuisson,[légume] [cuisson]tan dòn,PUNCT NOUN AUX,nin lègimu in yé jèniyɔrɔtan yé,O jiriden tɛ tobi,Nin nakɔfɛn in ye tobilikɛbali ye,DET PUNCT X AUX NOUN AUX,PRON NOUN AUX VERB,DET PUNCT X AUX NOUN AUX,10.75,4.72,6.25,0.0,0.0,0.0,True,True,False,0,0,0,60.8,45.55,60.8,,Ce légume n'est pas cuit,Ce fruit n'est pas cuit,0.0,42.66,17.73
141,privative_verb,il est parti sans avertir,a fáɲira [avertir]bali,PRON VERB PUNCT,a táara k'a sɔrɔ a ma lásɔ̀mi,a taara n'a ma a lasɔmi,a bɔra yen k'a sɔrɔ a ma lasɔmi,PRON VERB AUX VERB PRON AUX PUNCT,PRON VERB X AUX PRON ADP,PRON VERB ADV PART VERB PRON AUX PUNCT,9.79,8.59,9.7,0.0,0.0,0.0,True,True,True,0,0,0,62.93,49.39,59.46,,il est parti sans prévenir,"Et il s'en alla, et ne le prévint point.",0.0,66.75,14.5
142,privative_noun,sans eau,jítan,PUNCT,jítan,ji tɛ yen,ji tɛ min na,PUNCT,NOUN AUX ADV,NOUN AUX PRON ADP,100.0,11.11,13.79,0.0,0.0,0.0,False,True,True,1,0,0,100.0,10.67,12.29,,sans eau,il n'y a pas d'eau,0.0,100.0,19.03
143,privative_noun,sans argent,wárítan,PUNCT,wáritan,wari tɛ,wari tɛ min na,PUNCT,X AUX,X AUX PRON ADP,32.06,9.8,10.68,0.0,0.0,0.0,False,False,True,1,0,0,100.0,5.21,9.68,,sans argent,pas d'argent,0.0,100.0,45.79
144,relative_topic_neg,Une femme qui a eu un enfant ne peut pas abandonner son enfant,"númanfɛlaka mìn yé dén sɔrɔ, o tɛ se ka a dén láfìli",NOUN PRON AUX NOUN PUNCT PRON AUX VERB AUX PRON NOUN PUNCT,"númanfɛlaka mìn yé dén sɔrɔ, o tɛ se ka a dén láfìli","Muso min ye den sɔrɔ, o tɛ se ka a den to yen.","Muso min ye den sɔrɔ, o tɛ se k’a den bila",NOUN PRON AUX NOUN PUNCT PRON AUX VERB AUX PRON NOUN PUNCT,PROPN DET AUX NOUN PUNCT PRON AUX VERB AUX PRON NOUN VERB PUNCT,PROPN DET AUX NOUN PUNCT PRON AUX VERB X NOUN VERB,100.0,36.93,31.29,0.803,1.0,1.0,True,True,True,1,0,0,100.0,77.35,55.27,,Une femme qui a accouché ne peut pas abandonner son enfant,Une femme qui accouche ne doit pas abandonner son enfant.,0.0,74.82,65.54
145,equative_relative,Les djihadistes montrent clairement qu'ils sont les maîtres du jeu,djihadistew bɛ jàbi ko ùw yé [jeu] ka kuntigɛw yé,NOUN AUX X PART NOUN AUX X X NOUN AUX,Mújawow bɛ ɲási fɛ́rɛtɛtɛ ko u yé npári ka mɛtiriw yé,Jihadistiw y'a jira k'a jɛya ko u ye ɲɔgɔndantigɛlaw ye,Jihadikɛlaw b’a jira ka jɛya k’olu de ye tulon in ɲɛmɔgɔw ye,PROPN AUX PUNCT NOUN PART PRON AUX X X X AUX,PUNCT X VERB PUNCT PUNCT PART PRON AUX NOUN AUX,PUNCT X VERB ADP VERB PUNCT PART AUX X PUNCT NOUN AUX,14.91,26.28,18.2,0.7,0.0,0.0,True,False,False,0,0,0,41.14,36.24,37.61,,Les djihadistes sont clairement les champions du jeu,Les djihadistes ont montré clairement qu'ils étaient compétitifs,0.0,55.83,56.75
146,comitative,je suis avec mon mari,n ni n cɛ dòn,PRON ADP PRON NOUN AUX,n ni n fúrucɛ dòn,ne ni n cɛ bɛ ɲɔgɔn fɛ,Ne bɛ n cɛ fɛ,PRON ADP PRON X AUX,PRON ADP PRON NOUN AUX PRON ADP,PRON AUX PRON NOUN ADP,49.51,31.43,12.1,0.5,0.333,1.0,False,True,True,0,0,0,62.46,91.65,70.32,,Je suis avec mon mari,Je suis avec mon mari,0.0,100.0,100.0
147,comitative_genitive,Je suis avec la fille du frère de mon ami,n ni n terikɛ balimakɛ denmuso dòn,PRON ADP PRON NOUN PUNCT NOUN AUX,n ni n téri bálimakɛ ka mùsoma dòn,Ne ni n teri balimakɛ denmuso bɛ ɲɔgɔn fɛ,N bɛ n terikɛ balimakɛ denmuso fɛ,PRON ADP PRON PUNCT X X X AUX,PRON ADP PRON PUNCT X NOUN AUX PRON ADP,PRON AUX PRON NOUN PUNCT NOUN ADP,32.63,64.73,76.97,0.5,0.667,0.9,False,True,True,0,0,0,53.58,64.74,81.94,,je suis avec le cousin de mon ami,Je suis avec la fille de mon ami.,0.0,51.1,75.65
148,comitative_action,je mange avec mon ami,n bɛ dún ni n terikɛ,PRON AUX VERB ADP PRON NOUN,n bɛ dúnli kɛ ni n téri yé,ne bɛ dumuni kɛ ni n tericɛ ye,N bɛ dumuni kɛ ni n terikɛ ye,PRON AUX NOUN VERB ADP PRON NOUN AUX,PRON AUX NOUN VERB ADP PRON NOUN AUX,PRON AUX NOUN VERB ADP PRON NOUN AUX,45.19,44.5,53.35,0.167,-0.333,0.5,True,True,True,0,0,0,80.55,80.55,80.55,,je dîne avec mon ami,J'étais à table avec mon ami.,0.0,62.88,54.74
149,reciprocal,nous nous aimons,an bɛ ɲɔgɔn kànu,NOUN AUX PRON PUNCT,anw bɛ ɲɔgɔn kànuya,an bɛ ɲɔgɔn kanu,an bɛ ɲɔgɔn kanu,PRON AUX PRON PUNCT,NOUN AUX PRON PUNCT,NOUN AUX PRON PUNCT,79.79,74.59,74.59,1.0,1.0,1.0,True,True,True,0,1,1,78.45,100.0,100.0,,nous nous aimons,"nous aimons les uns les autres,",0.0,100.0,56.37
150,reciprocal,ils se battent,ùw bɛ ɲɔgɔn fàli,NOUN AUX PRON PUNCT,u bɛ ɲɔgɔn gòsi,u bɛ ɲɔgɔn kɛlɛ,u bɛ kɛlɛ kɛ,PRON AUX PRON VERB,PRON AUX PRON NOUN,PRON AUX NOUN VERB,43.37,43.37,5.59,1.0,1.0,0.0,True,True,True,0,0,0,42.47,52.73,32.89,,ils se battent,ils se battent les uns contre les autres,0.0,100.0,69.13
151,reciprocal,nous nous parlons,anw bɛ ɲɔgɔn kúma,PRON AUX DET PUNCT,anw bɛ ɲɔgɔn kúma,an bɛ kuma ɲɔgɔn fɛ,an bɛ kuma ɲɔgɔn fɛ,PRON AUX DET PUNCT,NOUN AUX VERB PRON ADP,NOUN AUX VERB PRON ADP,100.0,31.63,31.63,1.0,1.0,1.0,True,True,True,1,0,0,100.0,32.35,32.35,,nous nous parlons,nous nous parlons les uns aux autres,0.0,100.0,80.51
152,imperative,mange !,dún,PART,dúnli kɛ,A' ye dumuni kɛ!,ka dun!,NOUN VERB,PROPN AUX NOUN PUNCT,X PUNCT,70.24,13.33,18.52,0.0,0.0,0.0,False,False,False,0,0,0,5.21,15.15,11.36,,manger!,Prends et mange!,0.0,58.92,66.96
153,imperative,pars !,táa,VERB,táa,Aw bɛ taa!,ka taa!,VERB,PRON AUX PUNCT,X PUNCT,100.0,16.67,18.52,0.0,0.0,0.0,False,True,False,1,0,0,100.0,4.46,0.0,,aller!,Vous y allez !,0.0,11.54,9.68
154,imperative,viens !,nà,PUNCT,nà,"A' ye na, a' ye na!",ka na!,PUNCT,PROPN AUX X NOUN AUX PUNCT,X VERB,100.0,11.36,19.23,0.0,0.0,0.0,False,False,False,1,0,0,100.0,47.49,0.0,,viens!,"Venez, venez, venez !",0.0,100.0,10.2
155,imperative,parle bambara !,bambara kúma,PART PUNCT,bambara kúma,A bɛ kuma bambara la!,kuma bamanankan na!,PART PUNCT,PRON AUX NOUN PUNCT PUNCT,NOUN PUNCT PUNCT,100.0,50.29,17.03,1.0,0.0,0.0,False,True,False,1,0,0,100.0,41.57,45.41,,parlez en basque !,Il parle en langues inconnues!,0.0,26.04,19.82
156,prohibitive,ne mange pas !,kàna dún,AUX VERB,kàna dúnli kɛ,Aw kana dumuni kɛ!,aw kana dumuni kɛ !,AUX NOUN VERB,PRON AUX NOUN PUNCT,PRON AUX NOUN VERB PUNCT,83.83,16.62,16.62,0.0,0.0,0.0,False,False,False,0,0,0,39.35,14.32,31.06,,ne mange pas !,Ne mangez pas!,0.0,100.0,66.24
157,prohibitive,ne pars pas !,kàna táa,AUX VERB,kàna táa,I kana taa!,kana taa !,AUX VERB,PRON AUX PUNCT,AUX VERB PUNCT,100.0,19.56,20.16,1.0,0.0,0.0,False,False,False,1,0,0,100.0,15.88,80.72,,c'est le taa !,Ne t'en va pas !,0.0,8.17,24.53
158,prohibitive,ne parle pas !,kàna kúma,AUX VERB,kàna kúma,I kana kuma!,kana kuma !,AUX VERB,PRON AUX PUNCT,AUX VERB PUNCT,100.0,21.27,21.83,1.0,0.0,0.0,False,False,False,1,0,0,100.0,15.88,80.72,,ça fait mille !,Ne parle pas !,0.0,9.07,100.0
159,ownership,ce sac est pour ma fille,nin jɔ̀bɔrɔ in yé n mùsoma de ta ye,DET PUNCT X AUX PRON NOUN PART NOUN AUX,o jɔ̀bɔrɔ in yé n mùsoma de ta ye,nin bɔrɔ ye ne denmuso de ye,nin bɔrɔ in ye n denmuso de ta ye,PRON X X AUX PRON NOUN PART NOUN AUX,DET NOUN AUX PRON NOUN PART AUX,DET NOUN X AUX PRON NOUN PART NOUN AUX,89.16,19.71,40.02,1.0,0.5,0.667,True,False,False,0,0,0,74.47,68.28,77.3,,ce sac est pour ma fille,ce sac est à ma fille,0.0,100.0,61.28
160,ownership_pron,Ce sac est pour moi,nin jɔ̀bɔrɔ in yé n ta ye,DET PUNCT X AUX PRON NOUN AUX,o jɔ̀bɔrɔ in yé n ta ye,O bɔrɔ ye ne ta ye,Nin bɔrɔ in ye ne ta ye,PRON X X AUX PRON NOUN AUX,DET NOUN AUX PRON NOUN AUX,DET NOUN X AUX PRON NOUN AUX,83.67,21.79,40.26,1.0,0.0,0.7,True,False,False,0,0,0,64.03,63.71,68.05,,Ce sac est à moi,Ce sac est à moi,0.0,52.39,52.39
161,noun_phrase_alienable,la maison de mon ami,n terikɛ ka so,PRON NOUN ADP NOUN,n téri ka só,ne teri ka so,n terikɛ ka so,PRON X ADP NOUN,PRON X ADP NOUN,PRON NOUN ADP NOUN,23.56,44.13,100.0,1.0,1.0,1.0,False,False,False,0,0,1,49.01,49.01,100.0,,la maison de mon ami,à la maison d'un ami,0.0,100.0,58.46
162,noun_phrase_coord,la participation citoyenne et démocratique,angageman sosiyali ani lademokarasi,PUNCT NOUN CCONJ NOUN,jàmaden demokaratiki ni demokaratiki,jamanadenw ni jamanadenw ka jɛɲɔgɔnya,jamanadenw ni demokarasi sendonni,PUNCT PUNCT ADP PUNCT,NOUN ADP PRON X PUNCT,NOUN ADP PUNCT PUNCT,27.15,15.73,35.15,0.0,0.0,0.0,False,False,False,0,0,0,24.63,28.1,31.08,,,relations entre les citoyens et les citoyens,0.0,0.0,26.35
163,noun_phrase_genitive,La décision finale de la constitution du Mali,Mali dácogo làtigɛ [final],PUNCT PUNCT PUNCT PUNCT,Mali ka dácogo ka làtigɛ kɔ́dan,Mali ka forobaciyɛn kolatigɛnin laban,Mali sariyasunba ka latigɛ laban,PUNCT X VERB X VERB PUNCT,PUNCT X PUNCT NOUN VERB,PUNCT X X X VERB,41.61,21.3,18.72,1.0,0.0,0.0,False,False,False,0,0,0,26.91,30.62,14.74,,,La fin de l'organisation du réseau au Mali,0.0,0.0,28.02
164,noun_phrase_genitive,le champ du vieux,kɔrɔba ka foro,X X NOUN,màakɔrɔlama ka fòro,Cɛkɔrɔba ka foro,cɛkɔrɔba ka foro,NOUN X NOUN,PROPN ADP NOUN,NOUN ADP NOUN,31.94,95.85,95.85,0.0,1.0,1.0,False,False,False,0,0,0,51.36,27.82,28.8,,la ferme du vieil homme,Le champ d'un vieil homme,0.0,24.02,49.52
165,noun_phrase_genitive,la mère de l'enfant,dɔgɔ ba,NOUN NOUN,dén bámuso,den ba,den ba ye,NOUN NOUN,NOUN NOUN,NOUN NOUN AUX,5.05,14.51,11.27,0.0,0.0,0.0,False,False,False,1,1,0,100.0,100.0,89.56,,la mère de l'enfant,mère de l'enfant,0.0,100.0,87.58
166,noun_phrase_genitive,la maison de Musa,Musa ka so,PUNCT ADP NOUN,Musa ka só,Musa ka so,Musa ka so,PUNCT ADP NOUN,PUNCT ADP NOUN,PUNCT ADP NOUN,79.7,100.0,100.0,1.0,1.0,1.0,False,False,False,1,1,1,100.0,100.0,100.0,,La maison de Moïse,La maison de Moïse,0.0,73.22,73.22
167,infinitive,Promouvoir le bambara et les autres langues nationales,ka bambara wɛ́rɛ nɛ̀n Nasiyonali kìsɛya,X VERB DET PUNCT PUNCT PUNCT,ka bambara ni Nasiyonali nɛ̀n wɛ́rɛ nùgumɛ,Bambara ni jamana kan wɛrɛw lafasali,Bamanankan ni fasokan wɛrɛw yiriwa,X VERB ADP PUNCT X DET PUNCT,PART ADP PRON ADP PUNCT PUNCT,X ADP PUNCT PUNCT PUNCT,59.15,23.17,14.65,0.4,0.0,0.0,False,False,False,0,0,0,50.68,39.38,64.68,,Développer le basque et les autres langues nationales,Défense des drapeaux et des langues étrangères,0.0,64.43,24.52
168,infinitive,manger du riz,ka màlo dún,X NOUN PART,ka iri dún,ka dumuni kɛ,tiga dun,X X PART,X NOUN VERB,NOUN PART,18.33,11.09,5.81,1.0,0.0,0.0,False,False,False,0,0,0,25.0,35.48,86.27,,manger du riz,et de manger.,0.0,100.0,40.14
169,infinitive,parler bambara,ka bambara kúma,X X PUNCT,ka bambara kúma,bamanankan fɔli,bamanankan fɔ,X X PUNCT,X NOUN,X PUNCT,100.0,15.79,16.31,1.0,0.0,0.0,False,False,False,1,0,0,100.0,12.66,77.57,,parler la langue bambara,la prononciation des lettres,0.0,63.41,8.73
170,infinitive_neg,ne pas manger,kàna dún,AUX VERB,ka dúnli kɛ,kana dumuni kɛ,ka dumuni kɛ,X NOUN VERB,AUX NOUN VERB,X NOUN VERB,29.05,17.97,11.3,0.0,0.0,0.0,False,False,False,0,0,0,31.3,39.35,31.3,,manger la nourriture,ne mange pas,0.0,37.41,47.37
171,infinitive_list,"Promouvoir le bambara et les autres langues nationales, inclusion sociale, meilleure circulation de l'information","ka bambara wɛ́rɛ nɛ̀n Nasiyonali kìsɛya, [inclusion] sosiyali, kùnnafoni fìsamannci ka sírakankasaara",X VERB DET PUNCT PUNCT PUNCT PUNCT PUNCT PUNCT X X VERB,ka bambara ni Nasiyonali nɛ̀n wɛ́rɛ ni sírakankasaara nùgumɛ tílali sosiyaliman kùnnafoni,"Bambara ni jamana kanw lafasali, sigida jɛlenya, kunnafoniw jɛnsɛncogo ɲuman","Bamanankan ni fasokan wɛrɛw yiriwa, sigidamɔgɔw sendonli, kunnafoniw jɛnsɛnni ka ɲɛ",X VERB ADP PUNCT X DET ADP PUNCT PUNCT PUNCT PUNCT PUNCT,PART ADP PUNCT PUNCT PUNCT PUNCT PUNCT PUNCT NOUN ADJ,X ADP PUNCT PUNCT PUNCT NOUN PUNCT PUNCT X X NOUN,52.94,23.72,22.18,0.619,0.0,0.0,False,False,False,0,0,0,70.25,67.34,56.4,,"Promouvoir la traduction et les autres langues maternelles, l’implication communautaire, une meilleure diffusion de l’information","Défense des langues et des drapeaux, propreté sociale, bonne diffusion de l'information",0.0,54.56,37.5
172,complex_relative,"Mais la situation reste très incertaine au Mali, qui s'enfonce toujours plus dans le chaos","nka dábolo bɛ [incertain] lámàra Mali kɔnɔ, min bɛ ɲàgàmi fɔlɔ kɔfɛ cànla la",CCONJ NOUN AUX PUNCT PUNCT PUNCT PUNCT X AUX VERB ADV ADP NOUN ADP,"nka dábolo bɛ tó [incertain] ndére Mali la, jɔn tɛ ɲɔgɔn pénpe kádawuw háwujaw la","Nka halibi, Mali ka kow tɛ jɛya kosɛbɛ, a bɛ juguya ka taa ɲɛ.","Nka ko in bɛ senna kosɛbɛ Mali kɔnɔ, min bɛ ka jigin ka taa a fɛ ɲagami kɔnɔ",CCONJ NOUN AUX VERB PUNCT PUNCT PUNCT VERB NOUN AUX PRON PUNCT PUNCT NOUN ADP,CCONJ PUNCT PUNCT X NOUN AUX PUNCT X PRON AUX VERB AUX VERB PUNCT,CCONJ NOUN NOUN AUX VERB ADV PUNCT PUNCT X AUX AUX VERB AUX VERB PRON ADP X ADP,36.02,11.75,29.7,1.0,0.333,0.533,True,True,True,0,0,0,70.43,58.05,61.67,,"Mais la situation est très importante en Malaisie, qui sombre encore davantage dans le chaos.",Mais la situation de Marie est encore incertaine: elle va de plus en plus mal.,0.0,44.74,38.54
173,existential_nominal_complex,Il existe un frein politique lié aux logiques de pouvoir des élites qui veulent maintenir la masse populaire à l'écart de la gouvernance,"[frein] [politique] bɛ, min bɛ [élite]w ka [logique]w la, minw bɛ ŋàniya ka [masse populaire] bìla [gouvernance] kɔrɔ",PUNCT PUNCT X X AUX X X PUNCT X PRON AUX X X VERB NOUN VERB NOUN PUNCT,"nɛ̀njuru hàlala sìrilen sémako báaritala míiriw la bɛ, min bɛ ŋàniya ka dísi popilɛri lámìnɛ gófɛrɛnaman nkànfulori la",Politiki jɔyɔrɔ dɔ bɛ yen min ɲɛsinnen bɛ fanga dɔnniyaw ma minnu b'a fɛ ka jama tanga marali ma.,"Politiki frein dɔ bɛ yen min bɛ tali kɛ mɔgɔba dɔw ka fanga hakilina na, minnu b’a fɛ ka jamanadenw ka jamanadenw yɔrɔ janya mara la",PUNCT X PUNCT PUNCT X NOUN ADP CCONJ X AUX X X VERB NOUN VERB PUNCT NOUN ADP,PUNCT PUNCT NOUN AUX ADV PUNCT NOUN AUX PUNCT NOUN AUX PUNCT X ADP AUX NOUN PUNCT PUNCT PUNCT,PUNCT PUNCT NOUN AUX ADV X AUX NOUN VERB X PRON ADP VERB PUNCT PUNCT PUNCT X ADP ADP VERB X VERB NOUN VERB NOUN ADP,23.76,14.88,19.56,0.8,0.5,0.6,True,True,True,0,0,0,65.9,42.87,58.8,,"Il existe un frein politique lié à la notion de pouvoir des élites, qui veulent éloigner la population indigène de la région.",Il existe une position politique centrée sur les sciences du pouvoir qui veulent protéger le public de la domination.,0.0,53.36,37.15
174,complex_noun_phrase,"Chercheur associé à l'Institut français des relations internationales, Thierry Vircoulon revient pour 20 Minutes sur la situation explosive au Mali","Thierry Vircoulon, IFRIw la kùndafɔrɔ, bɛ segin 20 Minutes ma Mali dábolo [explosif] kan",PUNCT PUNCT PROPN ADP NOUN AUX VERB PUNCT PROPN AUX PUNCT PUNCT NOUN ADP,"ɲíninikɛla jɛ̀len cɛ́sira Institut faransɛman ɛntɛrinasiyɔnali la, Thierry Vircoulon bɛ nà [20] mínitiw ye Mali la dábolo bàlawumaman kan","Thierry Vircoulon, fransɛkan diɲɛ tɔnba ka sɛgɛsɛgɛlikɛla dɔ ye, a bɛ segin 20 Minutes kan Mali ka banakɔnɔma ko kan","Ɲininikalan jɛɲɔgɔn min bɛ Faransi jamanaw ni ɲɔgɔn cɛ jɛɲɔgɔnyaw la, Thierry Vircoulon seginna ka na miniti 20 kɛ Mali kɔnɔ binkanniw kan",NOUN VERB PUNCT PUNCT PUNCT PUNCT PUNCT PUNCT PROPN AUX VERB PUNCT NOUN AUX PROPN ADP PUNCT NOUN ADP,PUNCT PUNCT PUNCT PUNCT X X NOUN X CCONJ PRON AUX VERB PUNCT X ADP PRON X NOUN PART ADP,PUNCT X X AUX X NOUN ADP PRON NOUN PUNCT PUNCT PUNCT PROPN VERB AUX ADP PUNCT NOUN VERB PUNCT PUNCT X ADP,32.02,44.78,29.62,0.733,0.917,0.8,True,True,True,0,0,0,82.13,58.29,65.06,,"Chercheur associé en relations internationales en France, Thierry Vircoulon revient pour un discours de 20 minutes sur le terrorisme au Mali","Thierry Vircoulon, chercheur français de l'Organisation mondiale de la santé, reprend le 20 Minutes sur le handicap au Mali",0.0,64.69,43.19
175,complex_purposive,"L'université de Kumamoto recrute actuellement des participants pour le Programme d'apprentissage coopératif japonais, ainsi que des étudiants japonais pour la soutenir","Kumamoto lakɔli bɛ kàlandenw wele sísàn japɔnikan [coopératif] kàlanso la, ani japɔni kalandenw ka a dɛmɛ",PUNCT NOUN AUX NOUN VERB ADV PUNCT PUNCT PUNCT X CCONJ PUNCT NOUN AUX PRON PUNCT,"Kumamoto ka iniwɛrisite bɛ sélikɛlaw kùnbɛ̀n hálisà dègeli pòrogaramu nɛ̀rɛmuguma nɛ̀njanman ye, ka fara kàlandenbaw jàsiranbaatɔ kan walasa ka a dòndo","Kumamoto kalanso bɛ mɔgɔ dɔw sugandi sisan ka na dɛmɛ don Zapɔn ka baarakɛɲɔgɔn kalanko kan, ani Zapɔn kalanden dɔw fana ka na dɛmɛ don","Kumamoto Iniwɛrisite bɛ ka mɔgɔ dɔw ta Japon jɛ-ka-baara kalan bolodalen na sisan, ka fara Japon kalandenw kan walasa k’a dɛmɛ",X X NOUN AUX NOUN VERB PUNCT PUNCT PUNCT PUNCT PUNCT X AUX VERB PUNCT NOUN ADP PRON AUX PRON VERB,PUNCT NOUN AUX NOUN DET VERB ADV AUX ADP NOUN AUX X X X PUNCT NOUN CCONJ PROPN X PRON PART AUX ADP NOUN AUX,PUNCT PROPN AUX AUX NOUN X VERB PUNCT PUNCT PUNCT NOUN ADP X AUX VERB PUNCT NOUN ADP PUNCT PUNCT PUNCT,27.97,30.32,31.37,0.667,0.5,0.667,True,True,True,0,0,0,68.42,55.54,59.69,,"L'Université de Kumamoto recrute actuellement pour le programme d'études coopératives japonais, ainsi que des étudiants japonais pour le soutenir.","L'Université Kumamoto choisit désormais des personnes pour soutenir l'éducation des employés japonais, et des étudiants japonais pour soutenir",0.0,75.38,44.64
176,locative_adv,les gens sont ici,ɲàmakalaw bɛ yàn,NOUN AUX ADV,bìdenw bɛ yàn,môgôw bè yan,mɔgɔw bɛ yan,NOUN AUX ADV,NOUN AUX ADV,NOUN AUX ADV,30.38,8.94,17.55,1.0,0.0,0.0,True,False,True,1,1,1,100.0,100.0,100.0,,les gens sont là,Il y a des gens ici,0.0,74.63,37.55
177,locative_adv,il est là,a bɛ yèn,PRON AUX ADV,a bɛ yèn,a bɛ yan,a bɛ yen,PRON AUX ADV,PRON AUX ADV,PRON AUX ADV,100.0,37.78,37.78,1.0,1.0,1.0,True,True,True,1,1,1,100.0,100.0,100.0,,exister,il est ici,0.0,12.3,45.11
178,nummod_subject,deux hommes sont partis,mɔ̀gɔw fila fáɲira,PUNCT NUM VERB,mɔ̀gɔw fila táara,cɛ fila taara,cɛ fila bɔra yen,PUNCT NUM VERB,NOUN NUM VERB,NOUN NUM VERB ADV,59.94,15.38,16.04,1.0,0.0,0.0,False,False,False,1,0,0,100.0,50.91,47.9,,il reste deux hommes,deux hommes s'en allèrent,0.0,47.24,51.13
179,nummod_subject,trois enfants mangent du riz,dénw saba bɛ iri dún,NOUN NUM AUX X PART,dénw saba bɛ iri dún,Denmisɛn saba bɛ pɔri dun,den saba bɛ tiga dun,NOUN NUM AUX X PART,PROPN NUM AUX X PART,NOUN NUM AUX X PART,100.0,32.14,29.91,1.0,1.0,1.0,True,True,True,1,0,1,100.0,75.43,100.0,,trois enfants mangent du riz,Trois enfants mangent des porcs,0.0,100.0,79.74
180,nummod_locative,cinq femmes sont ici,númanfɛlakaw duuru bɛ yàn,PUNCT NOUN AUX ADV,númanfɛlakaw duuru bɛ yàn,muso duuru bɛ yan,muso duuru de bɛ yan,PUNCT NOUN AUX ADV,NOUN PUNCT AUX ADV,NOUN VERB PART AUX ADV,100.0,33.41,21.12,1.0,1.0,1.0,True,True,True,1,0,0,100.0,57.04,39.05,,il y a cinq femmes ici,"Il y avait ici cinq femmes,",0.0,57.17,57.6
181,nummod_object,j'ai acheté deux livres,n yé kìtabuw fila sàn,PRON AUX X NUM PUNCT,n yé kìtabuw fila sàn,ne ye kitabu fila san,N ye gafe fila san,PRON AUX X NUM PUNCT,PRON AUX X NUM PUNCT,PRON AUX NUM NUM PUNCT,100.0,30.45,19.76,1.0,0.0,1.0,True,False,False,1,1,0,100.0,100.0,73.44,,J'ai acheté deux livres,j'ai acheté deux livres,0.0,100.0,100.0
182,intrans_action_progressif,je suis en train de travailler,n bɛ kà báara kɛ,PRON AUX AUX VERB VERB,n bɛ kà báara kɛ,ne bɛ baara la,Ne bɛ baara la,PRON AUX AUX VERB VERB,PRON AUX PROPN ADP,PRON AUX PROPN ADP,100.0,16.22,14.8,1.0,0.0,0.0,True,True,True,1,0,0,100.0,31.18,31.18,,je suis au travail,je suis au travail,0.0,38.63,38.63
183,intrans_action_present_neg,je ne travaille pas,n tɛ báara la,PRON AUX PRON ADP,n tɛ báara la,ne tɛ baara kɛ,Ne t baara k,PRON AUX PRON ADP,PRON AUX X VERB,PRON PUNCT X X,100.0,24.38,16.13,1.0,0.0,0.0,True,True,False,1,0,0,100.0,40.3,18.51,,je ne travaille pas,je ne travaille pas,0.0,100.0,100.0
184,intrans_action_passe_pos,j'ai travaillé,n yé báara kɛ,PRON AUX NOUN VERB,n yé báara kɛ,ne ye baara kɛ,N ye baara kɛ,PRON AUX NOUN VERB,PRON AUX NOUN VERB,PRON AUX NOUN VERB,100.0,33.74,32.86,1.0,0.0,1.0,True,False,False,1,1,1,100.0,100.0,100.0,,j'ai fait le travail,j'ai travaillé,0.0,55.44,100.0
185,intrans_action_passe_neg,je n'ai pas travaillé,n ma báara kɛ,PRON AUX PUNCT VERB,n ma báara kɛ,ne ma baara kɛ,N ma baara kɛ,PRON AUX PUNCT VERB,PRON AUX PUNCT VERB,PRON AUX PUNCT VERB,100.0,41.03,40.32,1.0,1.0,1.0,True,True,True,1,1,1,100.0,100.0,100.0,,je n'ai pas travaillé,je n'ai pas travaillé,0.0,100.0,100.0
186,intrans_action_hab_neg,je ne travaillais pas,n tùn tɛ báara la,PRON AUX AUX PRON ADP,n tùn tɛ báara la,ne tun tɛ baara kɛ,N tun tɛ baara la,PRON AUX AUX PRON ADP,PRON AUX AUX X VERB,PRON AUX AUX PRON ADP,100.0,25.56,36.97,1.0,0.0,1.0,True,True,True,1,0,1,100.0,53.49,100.0,,je ne travaillais pas,je n'ai pas travaillé,0.0,100.0,49.08
187,intrans_action_futur,je travaillerai,n bɛ na báara kɛ,PRON AUX ADP NOUN VERB,n bɛ na báara kɛ,ne bɛ baara kɛ,Ne bɛna baara kɛ,PRON AUX ADP NOUN VERB,PRON AUX X VERB,PRON AUX X VERB,100.0,32.87,46.68,1.0,1.0,0.0,True,True,False,1,0,0,100.0,41.08,41.08,,je ferai le travail,je travaille,0.0,62.39,77.45
188,temporal_subordinator,quand il vient,tuma min a bɛ nà,NOUN X PRON AUX VERB,tuma min a bɛ nà,ni a nana,ni a nana,NOUN X PRON AUX VERB,X PRON VERB,X PRON VERB,100.0,9.24,9.24,1.0,0.0,0.0,True,False,False,1,0,0,100.0,31.37,31.37,,est une grand-mère,quand il viendra,0.0,13.48,85.43
189,reported_comparative,les bambara disent que la raison de la venue de quelqu'un est plus importante que soi-même,bambaraw bɛ fɔ ko mɔ̀gɔ dɔ jɔ̀kun ka kólogirinman ka tɛmɛ yɛrɛ kan,NOUN AUX VERB PART NOUN DET VERB X VERB AUX VERB DET ADP,bambaraw ko mɔ̀gɔ dɔ ka nàkun ka kólogirinman ka tɛmɛ yɛrɛ kan,"bambaraw b'a fɔ ko sababu min bɛ mɔgɔ na, o nafa ka bon ni yɛrɛ ta ye",bamanankan b' a fɔ ko mɔgɔ dɔ nali kun ka bon ka tɛmɛ u yɛrɛ kan,PROPN VERB NOUN DET ADP VERB X VERB AUX VERB DET ADP,PUNCT X SCONJ PART SCONJ X AUX NOUN X PRON VERB AUX VERB CCONJ PRON NOUN AUX,NOUN AUX PRON VERB PART NOUN DET VERB NOUN AUX VERB AUX VERB PRON DET ADP,77.67,27.29,39.17,0.909,0.733,0.964,False,True,False,0,0,0,64.29,38.17,80.56,,la traduction dit que la venue de quelqu'un a un but plus grand que lui-même,"Comme le dit l'orgueilleux, l'occasion est plus grande que l'occasion.",0.0,43.93,22.77
190,optatif,que tu viennes,i ka nà,PRON AUX VERB,i ka nà,ko i bɛ na,ko i ka na,PRON AUX VERB,PART PRON AUX ADP,PART PRON AUX ADP,100.0,14.81,48.7,1.0,0.0,1.0,False,False,False,1,0,0,100.0,49.02,49.02,,que tu devrais venir,que tu viendras,0.0,30.79,67.3
191,optatif,que Moussa mange,Moussa ka dún,PUNCT AUX VERB,Moussa ka dúnli kɛ,Musa bɛ min dun,ko Moussa bɛ dumuni kɛ,PUNCT X NOUN VERB,PROPN AUX PRON PART,PART PROPN AUX NOUN VERB,91.17,12.2,37.41,1.0,0.0,0.0,False,True,True,0,0,0,40.34,13.48,27.31,,que mange Moussa,Ce que Moïse mange,0.0,66.92,40.43
192,optatif_coi,que Dieu t'aide,Ala ka i dɛmɛ,PROPN AUX PRON PUNCT,Dieu ka bólodɛ̀mɛ kɛ i ma,Ala k'i dɛmɛ,Ala ka aw dɛmɛ,PRON X NOUN VERB PRON AUX,PROPN PUNCT PUNCT,PROPN ADP PRON PUNCT,17.05,48.3,47.18,1.0,1.0,1.0,False,False,False,0,0,0,28.97,42.19,67.1,,Que Dieu vous bénisse les gars,Que Dieu t'aide,0.0,37.01,100.0
193,venir_de_propn,Je viens de Bamako,n bɔra Bamako,PRON VERB ADP,n bɛ bɔ Bamako,Ne bɛ bɔ Bamako,N bɛ bɔ Bamakɔ,PRON AUX VERB ADP,PRON AUX VERB ADP,PRON AUX VERB ADP,46.5,42.37,31.04,1.0,0.0,0.0,True,True,True,0,0,0,63.46,63.46,63.46,,je viens de Bamako,Je viens de Bamako,0.0,100.0,100.0
194,venir_de_noun,Je viens de l'école,n bɔra kàlankɛyɔrɔ la,PRON VERB NOUN ADP,n bɛ bɔ kàlankɛyɔrɔ la,Ne nana ka bɔ lakɔli la.,N bɛ bɔ lakɔli la,PRON AUX VERB NOUN ADP,PRON VERB AUX VERB PUNCT PUNCT,PRON AUX VERB NOUN ADP,72.08,17.83,15.14,1.0,0.0,1.0,True,False,True,0,0,0,75.75,43.03,75.75,,je quitte l'école,Je reviens de l'école.,0.0,44.65,90.56
195,venir_de_verbe,Je viens de manger,n bɔra ka dumuni kɛ,PRON VERB AUX NOUN VERB,n bɔra ka dumuni kɛ,Ne ye dumuni kɛ sisan.,N ye dumuni kɛ dɔrɔn,PRON VERB AUX NOUN VERB,PRON AUX NOUN VERB PUNCT,PRON AUX NOUN VERB ADV,100.0,43.11,46.71,1.0,1.0,1.0,False,False,False,1,0,0,100.0,59.56,67.21,,je viens de manger la nourriture,Je viens de manger.,0.0,83.76,98.4
196,venir_de_verbe,Il vient de partir,a bɔra ka táa,PRON VERB AUX VERB,a bɔra ka táa,A bɔra sisan dɔrɔn.,A bɔra yen dɔrɔn,PRON VERB AUX VERB,PRON VERB ADV PUNCT,PRON VERB ADV ADV,100.0,18.01,17.57,1.0,1.0,1.0,False,False,False,1,0,0,100.0,52.46,53.03,,Il vient de partir de là,Il vient de sortir.,0.0,93.9,62.07
197,conj_avec_locatif,elle alla au village et demande des infos,a yé wá dùgu la wa a yé ɛnfo ɲɛ́juguya,PRON AUX PART NOUN ADP PART PRON AUX PUNCT PUNCT,a wára wa a yé ɛnfo ɲɛ́juguya dùgu la,a taara dugu kɔnɔ ka kunnafoni ɲini,a taara dugu la ka kunnafoni ɲini,PRON ADP PART PRON AUX PUNCT PUNCT NOUN ADP,PRON VERB NOUN ADP ADP PUNCT PUNCT,PRON VERB NOUN ADP X PUNCT PUNCT,76.7,11.04,14.9,0.393,0.0,1.0,True,False,False,0,0,0,80.46,42.5,43.11,,il est allé en ville pour obtenir des informations,Il se rendit à la ville pour y chercher des explications.,0.0,27.66,18.01
198,verb_serial_conj,elle alla trouver et demande des informations,a táara ɲɛ́sɔ̀rɔ wa a yé kùnnafoniw ɲɛ́juguya,PRON VERB PUNCT PART PRON AUX NOUN PUNCT,a wára ɲɛ́sɔ̀rɔli kɛ wa a bɛ kùnnafoni ɲɛ́juguya,a taara a yɔrɔ ka kunnafoni ɲini,a taara ɲinini kɛ ka kunnafoni ɲini,PRON PUNCT NOUN VERB PART PRON AUX PUNCT PUNCT,PRON VERB PRON NOUN ADP PUNCT PUNCT,PRON VERB NOUN VERB ADP PUNCT PUNCT,60.5,24.27,22.5,0.5,0.0,0.0,True,False,False,0,0,0,67.46,52.46,44.23,,il est allé chercher des informations,Et il s'en alla pour s'enquérir de ce qui lui était arrivé.,0.0,42.18,16.08
199,comitative_motion,il est venu avec moi,a nàra ni n yé,PRON VERB X PRON AUX,a nàra ni n yé,a nana ni ne ye,a nana ni ne ye,PRON VERB X PRON AUX,PRON VERB ADP PRON AUX,PRON VERB ADP PRON AUX,100.0,25.06,25.06,1.0,1.0,1.0,False,False,False,1,0,0,100.0,69.96,69.96,,il est venu avec moi,et il m'a amené,0.0,100.0,11.12
200,comitative_travail,elle travaille avec lui,a bɛ báara ni a yé,PRON AUX VERB X PRON AUX,a bɛ báara la ni a yé,a bɛ baara kɛ ni a ye,a bɛ baara kɛ n'a ye,PRON AUX PROPN ADP CCONJ PRON AUX,PRON AUX X VERB ADP PRON AUX,PRON AUX X VERB X AUX,78.32,34.95,26.49,0.533,0.167,1.0,True,True,True,0,0,0,51.88,64.89,53.3,,il l'utilise,il l'utilise,0.0,10.29,10.29
201,comitative_adj,Il est venu avec une dentition complète,a nàra ni dákolon dafaleninman yé,PRON VERB ADP ADJ NOUN AUX,a nàra ni dákolon kɔ́nbilen yé,A nana ni furakɛli dafalen ye,A nana ni ɲinw dafalen ye,PRON VERB ADP ADJ NOUN AUX,PRON VERB ADP NOUN ADJ AUX,PRON VERB ADP PUNCT X AUX,54.03,29.66,28.06,1.0,1.0,1.0,False,False,False,1,0,0,100.0,67.3,53.39,,Il est venu avec des dents parfaites,Il a apporté une guérison complète,0.0,43.85,32.33
202,temporal_np_depuis,Depuis quelques mois,kabini sélidenninkalow dɔw,ADP X X,kabini sélidenninkalow damadɔw,Kalo damanin tɛmɛnnen,Kalo damadɔ kɔnɔ,ADP PUNCT PUNCT,PUNCT PUNCT PUNCT,PUNCT X ADP,90.85,14.1,10.03,1.0,0.0,0.0,False,False,False,0,0,0,20.67,2.86,27.45,,Dans quelques mois,Il y a quelques mois,0.0,70.09,63.38
203,temporal_np_depuis,depuis quelques jours,kabini tilew dɔw,ADP X X,kabini dóngòw damadɔw,tile damadɔ ye nin ye,tile damadɔ kɔnɔ,ADP PUNCT PUNCT,NOUN X AUX PRON AUX,NOUN X ADP,35.92,21.71,20.14,0.0,0.0,0.0,False,False,False,0,0,0,20.67,11.43,28.58,,dans quelques jours,il y a quelques jours,0.0,72.0,65.72
204,temporal_np_depuis,depuis quelques années,kabini sanw dɔw,ADP X X,kabini sànw damadɔw,san damadɔ ye nin ye,san damadɔ kɔnɔ,ADP PUNCT PUNCT,NOUN X AUX PRON AUX,NOUN X ADP,53.69,17.85,15.94,0.0,0.0,0.0,False,False,False,0,0,0,20.67,11.43,28.58,,depuis plusieurs années,il y a quelques années,0.0,47.03,67.77
205,ccomp_interrogative,sais-tu que je suis un enfant ?,i bɛ dɔ́n ko n yé dén yé wà ?,PRON AUX AUX PART PRON AUX NOUN AUX PART PUNCT,i bɛ dɔ́n ko n yé dén yé wà ?,I y'a dɔn ko ne ye denmisɛn ye wa?,aw b'a dɔn ko ne ye denmisɛn ye wa?,PRON AUX AUX PART PRON AUX NOUN AUX PART PUNCT,PRON X AUX PART PRON AUX NOUN AUX PUNCT,PRON X AUX PART PRON AUX NOUN AUX PUNCT,100.0,17.78,18.39,0.933,1.0,0.0,True,False,False,1,0,0,100.0,73.05,73.05,,tu sais que je suis un enfant ?,Ne sais-tu pas que je suis un enfant?,0.0,78.39,84.5
206,ccomp_savoir,je sais que tu es mon ami,n bɛ dɔ́n ko i yé n terikɛ yé,PRON AUX AUX PART PRON AUX PRON NOUN AUX,n bɛ dɔ́n ko i yé téri yé,ne y'a dɔn ko i ye ne teri ye,Ne b'a dɔn ko i ye ne teri ye,PRON AUX AUX PART PRON AUX NOUN AUX,PRON X AUX PART PRON AUX PRON NOUN AUX,PRON X AUX PART PRON AUX PRON NOUN AUX,58.44,25.92,25.92,0.952,1.0,1.0,True,False,False,0,0,0,79.71,86.14,86.14,,Je sais que tu es mon ami,Je sais que tu es mon ami,0.0,100.0,100.0
207,ccomp_savoir_locatif,ils savent que nous sommes ici,ùw bɛ dɔ́n ko anw bɛ yàn,NOUN AUX AUX PART PRON AUX ADV,u bɛ dɔ́n ko anw bɛ yàn,u b'a dɔn ko an bɛ yan,u b' a dɔn ko an bɛ yan,PRON AUX AUX PART PRON AUX ADV,PRON X AUX PART PRON AUX ADV,PRON VERB PRON AUX PART PRON AUX ADV,88.09,26.17,26.17,0.533,-1.0,-1.0,True,True,True,0,0,0,86.65,74.7,68.42,,ils savent que nous sommes là,Ils savent que nous sommes ici.,0.0,87.37,99.11
208,ccomp_dire,il dit qu'il mange,a ko a bɛ dún,PRON VERB PRON AUX VERB,a ko a bɛ dúnli kɛ,a b'a fɔ ko a bɛ dumuni kɛ,a ko ale bɛ dumuni kɛ,PRON VERB PRON AUX NOUN VERB,PRON X SCONJ PART PRON AUX NOUN VERB,PRON VERB PRON AUX NOUN VERB,88.6,41.87,29.91,0.5,0.5,1.0,True,True,True,0,0,0,80.88,44.8,80.88,,il a dit qu'il mangeait,"et il dit: ""Je vais manger"".",0.0,81.84,34.0
209,ccomp_dire_qualitative,ils disent que la route est longue,ùw ko sìra ka télé,X PART NOUN ADP VERB,u ko síraden ka búlubulu,u b'a fɔ ko sira ka jan,u ko sira ka jan,PRON VERB PUNCT X PUNCT,PRON X SCONJ PART NOUN ADP VERB,PRON VERB NOUN ADP VERB,14.73,19.52,21.08,1.0,1.0,1.0,False,False,False,0,0,0,21.9,82.45,61.7,,ils ont dit que la route était longue,"Ils disent: "" Le chemin est long """,0.0,56.12,44.56
210,ccomp_dire_passe,elle a dit que Musa est parti,a yé fɔ ko Musa fáɲira,PRON AUX X PART PUNCT PUNCT,a láfɔra ko Musa táara,a y'a fɔ ko Musa taara,a ko Musa taara,PRON VERB PART PROPN VERB,PRON X SCONJ PART PROPN VERB,PRON VERB PROPN VERB,30.63,44.1,28.95,1.0,1.0,1.0,False,False,False,0,0,0,21.82,23.66,11.53,,et Moïse est allé,"Dieu lui dit: ""Moïse est descendu",0.0,11.99,14.83
211,modal_pouvoir,nous pouvons partir,anw bɛ se ka táa,PRON AUX VERB AUX VERB,anw bɛ se ka táa,an bɛ se ka taa,an bɛ se ka bɔ yen,PRON AUX VERB AUX VERB,NOUN AUX VERB AUX VERB,NOUN AUX VERB AUX VERB ADV,100.0,52.32,38.21,1.0,1.0,1.0,True,True,True,1,0,0,100.0,81.33,78.28,,nous pouvons sortir de là,nous pouvons y aller,0.0,64.95,59.99
212,modal_pouvoir_neg,il ne peut pas manger,a tɛ se ka dún,PRON AUX VERB AUX VERB,a tɛ se ka dúnli kɛ,a tɛ se ka dumuni kɛ,a tɛ se ka dumuni kɛ,PRON AUX VERB ADP NOUN VERB,PRON AUX VERB AUX NOUN VERB,PRON AUX VERB AUX NOUN VERB,90.05,64.81,64.81,1.0,1.0,1.0,True,True,True,0,0,0,68.1,79.62,79.62,,il ne peut pas manger,Il ne peut pas manger.,0.0,100.0,98.62
213,modal_pouvoir,elle peut venir,a bɛ se ka nà,PRON AUX VERB AUX VERB,a bɛ se ka nà,a bɛ se ka na,a bɛ se ka na,PRON AUX VERB AUX VERB,PRON AUX VERB AUX ADP,PRON AUX VERB AUX ADP,100.0,83.41,83.41,1.0,1.0,1.0,True,True,True,1,0,0,100.0,74.85,74.85,,ça peut arriver,il peut venir,0.0,20.51,64.62
214,modal_pouvoir_neg,tu ne peux pas partir,i tɛ se ka táa,PRON AUX VERB AUX VERB,i tɛ se ka táa,i tɛ se ka taa,i tɛ se ka bɔ yen,PRON AUX VERB AUX VERB,PRON AUX VERB AUX VERB,PRON AUX VERB AUX VERB ADV,100.0,73.48,54.8,1.0,1.0,1.0,True,True,True,1,1,0,100.0,100.0,96.24,,tu ne peux pas partir,tu ne peux pas y aller,0.0,100.0,59.99
215,past_intransitive_neg,ils ne sont pas arrivés,ùw ma se,NOUN AUX VERB,u ma sé,u ma na,u ma se yen,PRON AUX VERB,PRON AUX ADP,PRON AUX VERB ADV,23.95,11.06,32.19,0.0,0.0,1.0,True,True,True,0,0,0,64.69,20.29,60.43,,ils n'y sont pas arrivés,ils ne sont pas venus,0.0,77.72,60.33
216,past_intransitive_neg,il n'est pas tombé,a ma bɛn,PRON AUX VERB,a ma wɔ̀lɔwɔlɔ,a ma bin,a ma bin,PRON AUX VERB,PRON AUX VERB,PRON AUX VERB,15.55,37.78,37.78,1.0,1.0,1.0,True,True,True,1,1,1,100.0,100.0,100.0,,il n'est pas tombé,il n'est pas tombé,0.0,100.0,100.0
217,past_intransitive_neg,elle n'est pas venue,a ma nà,PRON AUX ADP,a ma nà,a ma na,a ma na,PRON AUX ADP,PRON AUX ADP,PRON AUX ADP,100.0,54.33,54.33,1.0,1.0,1.0,True,True,True,1,1,1,100.0,100.0,100.0,,il n'est pas venu,il n'est pas venu,0.0,68.88,68.88
218,habitude_neg,elle ne mangeait pas,a tùn tɛ dún,PRON AUX AUX PART,a tùn tɛ dúnli kɛ,a tun tɛ dumuni kɛ,a tun tɛ dumuni kɛ,PRON AUX AUX NOUN VERB,PRON AUX AUX NOUN VERB,PRON AUX AUX NOUN VERB,88.6,25.64,25.64,1.0,1.0,1.0,True,True,True,0,0,0,61.34,61.34,61.34,,il ne mangeait pas,et il n'avait pas mangé.,0.0,75.09,35.09
219,habitude_neg_plur,nous ne parlions pas bambara,anw tùn tɛ bambara kúma,PRON AUX AUX X PUNCT,anw tùn tɛ bambara kúma,an tun tɛ bambara fɔ,an tun tɛ bamanankan fɔ,PRON AUX AUX X PUNCT,PRON AUX AUX PRON PUNCT,PRON AUX AUX X PUNCT,100.0,50.23,28.34,1.0,1.0,0.0,True,True,True,1,0,1,100.0,70.05,100.0,,nous ne parlions pas anglais,nous n'avions pas parlé à l'étranger,0.0,68.62,39.77
220,passe_anterieur_neg,il n'avait pas mangé,a tùn ma dún,PRON AUX AUX PART,a tùn ma dúnli kɛ,a ma dumuni kɛ,a tun ma dumuni kɛ,PRON AUX AUX NOUN VERB,PRON AUX NOUN VERB,PRON AUX AUX NOUN VERB,88.6,15.09,25.64,1.0,1.0,1.0,True,True,True,0,0,0,61.34,39.45,61.34,,il n'avait pas mangé,et il n'a pas mangé.,0.0,100.0,54.83
221,rule1_conditional_question,"Si j'ai du courage, saurait-on ?","n bɛ gara dun, a mán se dun ?",PRON AUX PUNCT PART PRON AUX X PART PUNCT,"ní dùsukolo bɛ n fɛ, a bɛ na dɔ́n wà ?","Ni ne ja gɛlɛyara, yala an na a dɔn wa?","Ni jagɛlɛya bɛ ne la, yala an bɛna o dɔn wa?",PUNCT NOUN AUX PRON X PRON AUX ADP AUX PART PUNCT,SCONJ PRON X PUNCT SCONJ PRON X PRON AUX PUNCT,PUNCT NOUN AUX PRON X SCONJ PRON AUX PRON AUX PUNCT,12.75,13.33,12.13,0.5,0.0,0.0,True,False,True,0,0,0,58.14,45.42,53.12,,,"Si j'ai de la hardiesse, comment saura-t-on ce que c'est?",0.0,0.0,35.21
222,rule2_prohibitive_object,Ne mange pas le riz,kàna iri dún,AUX X PART,kàna iri dún,I kana arisi dun,Aw kana tiga dun,AUX X PART,PRON AUX X PART,PRON AUX X PART,100.0,17.79,11.17,1.0,0.0,0.0,False,False,False,1,0,0,100.0,86.63,86.63,,Ne mange pas de riz,Ne mangez pas de riz,0.0,71.2,52.93
223,rule3_temporal_avoir_possessive,quand il eut ton appel,tuma min a yé i ka wéle ɲóro,NOUN X PRON AUX PRON AUX VERB PUNCT,tuma min a yé i wéle sɔrɔ,a ye i wele tuma min na,tuma min na a y' i ka weleli sɔrɔ,NOUN X PRON AUX PRON VERB PUNCT,PRON AUX PRON VERB NOUN DET ADP,NOUN DET VERB PRON AUX PRON ADP X VERB,55.82,33.1,36.97,1.0,-0.333,1.0,True,False,False,0,0,0,79.75,48.29,55.5,,,"Quand le Seigneur t'a appelé,",0.0,0.0,34.78
224,rule4_temporal_passive,Quand cela fut fait,tuma min o tùn yògorolen dòn,NOUN DET PRON AUX NOUN AUX,tuma min o kùnnasìrira,O kɛra tuma min na,O kɛra tuma min na,NOUN DET DET VERB,PRON VERB NOUN DET ADP,PRON VERB NOUN DET ADP,31.16,25.0,25.0,1.0,-0.333,-0.333,False,False,False,0,0,0,26.43,33.88,33.88,,Quand cela s'est produit,"Quand cela est arrivé,",0.0,49.02,48.3
225,rule5_fixed_phrase,Ainsi donc,ola sa,X PART,ola sa,O de y'a to,"O la sa, o tuma na",X PART,PRON PART X VERB,PRON ADP X DET NOUN ADP,100.0,7.14,40.61,1.0,0.0,0.0,False,False,False,1,0,0,100.0,40.61,13.16,,"Par conséquent, alors",C'est pourquoi,0.0,12.43,6.8
226,rule6_restrictive,tu ne serais qu'un pleutre,i tɛ foyi yé ni sègɛ tɛ,PRON AUX NOUN AUX X NOUN AUX,i tɛ na kɛ foyi yé ni sègɛ tɛ,i bɛ kɛ dingɛ ye,i tun na kɛ siranbagatɔ dɔrɔn de ye,PRON AUX ADP VERB NOUN AUX X NOUN AUX,PRON AUX VERB X AUX,PRON AUX ADP VERB PUNCT ADV PART AUX,86.39,9.44,8.73,0.571,0.0,0.0,True,True,False,0,0,0,80.55,30.02,28.29,,tu serais juste un lâche,tu deviens une fosse,0.0,27.03,13.73
227,rule7_quest_ce_que,Qu'est-ce qu'il pourrait t'arriver là-bas ?,mún bɛ ka sé i ma yèn jùkɔ́rɔw,PRON AUX AUX VERB PRON AUX ADV PUNCT,mún bɛ se ka i sé yèn jùkɔ́rɔw ?,Mun bɛ se ka kɛ i la yen?,Mun bɛ se ka kɛ i la yen?,PRON AUX VERB AUX PRON VERB ADV VERB PUNCT,PRON AUX VERB AUX VERB PRON ADP PUNCT,PRON AUX VERB AUX VERB PRON ADP PUNCT,57.22,12.34,12.34,0.905,1.0,1.0,True,True,True,0,0,0,52.41,62.55,62.55,,Que pourrait-il bien vous arriver là-bas ?,Qu'est-ce qui peut arriver à toi là-bas?,0.0,53.43,53.42
228,rule7_quest_ce_que_real_subject,Qu'est-ce qu'il peut faire ?,A bɛ se ka mun kɛ ?,PRON AUX VERB AUX PRON VERB PUNCT,a bɛ se ka mún lámákùn ?,A bɛ se ka mun kɛ?,A bɛ se ka mun kɛ?,PRON AUX VERB AUX PRON VERB PUNCT,PRON AUX VERB AUX PRON PUNCT,PRON AUX VERB AUX PRON PUNCT,41.33,100.0,100.0,1.0,1.0,1.0,True,True,True,1,0,0,100.0,75.3,75.3,,Que peut-il y faire ?,Qu'est-ce qu'il peut faire?,0.0,31.29,100.0
229,rule8_relative_splitting,Toi qui prends l'ennemi vivant,i bɛ júgu ɲɛ́nama,PRON AUX ADJ ADP,i mìn bɛ júgu ɲɛ́nama mɔ́n,E min bɛ i jugu ɲɛnama minɛ,Aw min bɛ jugu minɛ ni ɲɛnama ye,PRON X AUX ADJ ADP PUNCT,PRON X AUX PRON ADJ PUNCT VERB,PRON X AUX ADJ VERB ADP NOUN AUX,82.2,28.76,24.81,1.0,-1.0,0.0,True,True,True,0,0,0,67.32,33.18,48.05,,Toi qui attrapes l'ennemi vivant,"Toi qui prends la vie de ton ennemi,",0.0,68.15,61.16
230,rule9_valoir_peine_sov,cela vaut la peine de prendre un fusil,o bɛ buntu cɛ wà ka sàn,PRON AUX X NOUN CCONJ X VERB,o bɛ sɛ̀gɛn fìnya ka gàtan mɔ́n,a ka fisa ka marifa ta,a ka kan ka marifa ta,PRON AUX VERB X X VERB PUNCT,PRON ADP VERB X PUNCT VERB,PRON AUX VERB ADP PUNCT VERB,13.7,4.96,5.02,1.0,0.0,0.0,True,False,False,0,0,0,40.87,25.8,38.18,,il doit porter une arme à feu,il vaut mieux prendre une arme,0.0,11.98,34.94
231,rule6_restrictive_adj,tu ne serais que jaloux,i tɛ foyi yé ni jiliya tɛ,PRON AUX NOUN AUX X NOUN AUX,i tɛ na kɛ foyi yé ni kèle tɛ,i bɛ ɲagoya dɔrɔn de kɛ,i tun bɛna keleya dɔrɔn de kɛ,PRON AUX ADP VERB NOUN AUX X NOUN AUX,PRON AUX X ADV PART VERB,PRON AUX VERB PUNCT ADV PART VERB,46.65,8.08,8.51,0.533,0.0,0.0,True,True,False,0,0,0,80.55,29.06,25.06,,tu serais juste jaloux,tu n'es que jalouse,0.0,50.39,50.47
232,refl_actif_passe,il s'est lavé,a yé a jó,PRON AUX PRON VERB,a yé a jó,a ye a yɛrɛ ko,a ye a ko,PRON AUX PRON VERB,PRON AUX PRON DET VERB,PRON AUX PRON VERB,100.0,10.23,11.67,0.5,0.0,0.0,True,False,False,1,0,1,100.0,75.75,100.0,,il a dit la neige,Il se lava lui-même,0.0,15.35,19.12
233,refl_actif_present,elle se lave,a bɛ a jó,PRON AUX PRON VERB,a bɛ a jó,a bɛ a yɛrɛ ko,a bɛ ko,PRON AUX PRON VERB,PRON AUX PRON DET VERB,PRON AUX VERB,100.0,29.84,23.95,0.5,0.0,1.0,True,True,True,1,0,0,100.0,75.75,49.82,,il est lavé,"il se purifie lui-même,",0.0,22.05,11.37
234,refl_actif_emphase,il s'est lavé lui même,a yé a yɛrɛ jó,PRON AUX PRON DET VERB,a yé a yɛrɛ jó,a y'a yɛrɛ ko,a y'a yɛrɛ ko,PRON AUX PRON DET VERB,PRON X DET VERB,PRON X DET VERB,100.0,34.72,34.72,0.7,1.0,1.0,True,False,False,1,0,0,100.0,42.07,42.07,,il s'est lavé,Alors il se dit:,0.0,59.74,12.02
235,refl_accidentel_passe,il s'est blessé,a yé a yɛrɛ màjógin,PRON AUX PRON DET PUNCT,a yé a yɛrɛ màjógin,a ye a yɛrɛ jogin,a jogin na,PRON AUX PRON DET PUNCT,PRON AUX PRON DET PUNCT,PRON X ADP,100.0,30.87,11.44,0.7,0.667,0.0,True,False,False,1,1,0,100.0,100.0,14.57,,il a été blessé,il s'est blessé lui-même,0.0,37.39,86.6
236,refl_posture_passe,il s'est assis,a yé a sìgi,PRON AUX PRON VERB,a yé a sìgi,a y'i sigi,a y'i sigi,PRON AUX PRON VERB,PRON X VERB,PRON X VERB,100.0,15.18,15.18,0.5,0.0,0.0,True,False,False,1,0,0,100.0,27.43,27.43,,il s'est assis,et il s'assit,0.0,100.0,33.97
237,refl_idiom_locatif,il s'est mis à pleurer,a yé a yɛrɛ bìla kàsi la,PRON AUX PRON DET VERB NOUN ADP,a yé a yɛrɛ bìla kàsi la,a y'a daminɛ ka kasi,a y' a daminɛ ka kasi,PRON AUX PRON DET VERB NOUN ADP,PRON X VERB AUX VERB,PRON AUX PRON VERB AUX VERB,100.0,11.53,11.53,0.857,0.0,0.0,True,False,False,1,0,0,100.0,20.93,47.62,,elle a commencé à pleurer,et elle se mit à pleurer.,0.0,36.1,41.17
238,simple_iobj_present,Il me parle,a bɛ kúma n yé,PRON AUX VERB PRON AUX,a bɛ kúma n yé,A bɛ kuma ne fɛ,A bɛ kuma ne fɛ,PRON AUX VERB PRON AUX,PRON AUX NOUN PRON ADP,PRON AUX NOUN PRON ADP,100.0,21.12,21.12,1.0,1.0,1.0,True,True,True,1,0,0,100.0,44.17,44.17,,Il me parle,Il me parle,0.0,100.0,100.0
239,verb_serial_dative_me,elle me donne un livre,a bɛ kìtabu di n ma,PRON AUX X VERB PRON AUX,a bɛ kìtabu kelen di n ma,a bɛ kitabu dɔ di ne ma,a bɛ gafe dɔ di n ma,PRON AUX X NUM VERB PRON AUX,PRON AUX X X VERB PRON AUX,PRON AUX X X VERB PRON AUX,69.56,40.92,28.66,1.0,1.0,1.0,True,True,True,0,0,0,80.68,92.05,92.05,,il me tend un livre,et il me donna un livre.,0.0,36.03,50.99
240,content_question_modal_xcomp,Qu'est-ce qu'il pourrait faire ?,a bɛ se ka mún kɛ ?,PRON AUX VERB AUX PRON VERB PUNCT,a bɛ na se ka mún lámákùn ?,A bɛ se ka mun kɛ?,A tun bɛ se ka mun kɛ?,PRON AUX ADP VERB AUX PRON VERB PUNCT,PRON AUX VERB AUX PRON PUNCT,PRON AUX AUX VERB AUX PRON PUNCT,46.14,55.26,52.4,1.0,1.0,1.0,True,True,True,0,0,0,87.13,75.3,71.19,,Qu'aurait-il pu faire ?,Qu'est-ce qu'il peut faire?,0.0,31.76,68.81
241,future_have_material,Tu auras une voiture,móbili bɛ na i bóló,NOUN AUX ADP PRON ADP,i bɛ na wátiri sɔrɔ,I na mobili sɔrɔ,I bɛna kɛ ni mobili ye,PRON AUX ADP AUX VERB,PRON ADP AUX VERB,PRON AUX VERB ADP NOUN AUX,20.68,16.98,25.43,-0.333,-1.0,0.0,True,False,False,0,0,0,45.08,37.7,49.64,,Vous aurez une voiture,Vous trouverez une voiture,0.0,57.57,51.73
242,future_have_material,Elle aura de l'argent,wárí bɛ na a bóló,NOUN AUX ADP PRON ADP,a bɛ na wári sɔrɔ,A na wari sɔrɔ,Wari bɛna kɛ a bolo,PRON AUX ADP AUX VERB,PRON ADP AUX VERB,X AUX VERB PRON ADP,24.8,8.05,19.85,-0.333,-1.0,0.0,True,False,False,0,0,0,45.08,37.7,38.25,,Il aura de l'argent,Il gagnera de l'argent,0.0,76.8,62.78
243,future_have_abstract,J'aurai un frère,bálimakɛ bɛ na n fɛ,NOUN AUX ADP PRON ADP,n bɛ na bálimakɛ sɔrɔ,Ne bɛna balimakɛ dɔ sɔrɔ,Balimakɛ dɔ bɛna ne sɔrɔ,PRON AUX ADP NOUN VERB,PRON AUX NOUN X VERB,PROPN PRON AUX PRON VERB,54.32,36.92,41.89,-0.667,0.0,0.0,True,False,False,0,0,0,52.88,34.42,27.38,,Un frère me trouvera,Je trouverai un frère,0.0,40.55,62.47
244,future_have_abstract,Il aura du succès,[succès] bɛ na a fɛ,NOUN AUX ADP PRON ADP,a bɛ na táɲɛ sɔrɔ,A bɛ se ka ɲɛtaga kɛ,A bɛna ɲɛ sɔrɔ,PRON AUX ADP AUX VERB,PRON AUX VERB ADP NOUN VERB,PRON AUX NOUN VERB,15.75,7.86,15.05,-0.333,-1.0,0.0,True,True,False,0,0,0,45.08,37.72,34.88,,Il réussira,Il peut réussir,0.0,12.94,11.06
245,future_have_abstract_plur,Nous aurons des enfants,dénw bɛ na anw fɛ,NOUN AUX ADP PRON ADP,anw bɛ na dénw sɔrɔ,An bɛna denw sɔrɔ,An bɛna denw sɔrɔ,PRON AUX ADP NOUN VERB,PRON AUX NOUN VERB,PRON AUX NOUN VERB,47.96,20.18,20.18,-0.667,0.0,0.0,True,False,False,0,0,0,52.88,34.88,34.88,,Nous aurons des enfants,Nous allons avoir des enfants,0.0,100.0,58.51
246,future_have_material_neg,ils n'auront pas de voiture,móbili tɛ na ùw bóló,NOUN AUX ADP NOUN ADP,u tɛ na wátiri sɔrɔ,mobili tɛ u fɛ,u tɛna kɛ ni mobili ye,PRON AUX ADP AUX VERB,NOUN AUX PRON ADP,PRON AUX VERB ADP NOUN AUX,14.48,27.74,23.06,1.0,0.0,0.0,True,True,False,0,0,0,33.98,44.23,54.05,,ils n'auront pas de voiture,ils n'ont pas de voiture,0.0,100.0,74.45
247,past_transitive_avoir_eu,j'ai eu un mari,n yé cɛ sɔrɔ,PRON AUX NOUN VERB,n yé fúrucɛ sɔrɔ,ne ye cɛ sɔrɔ,Cɛ tun bɛ ne fɛ,PRON AUX AUX VERB,PRON AUX NOUN VERB,PROPN AUX AUX PRON ADP,55.92,52.37,3.55,1.0,1.0,0.0,True,False,True,0,1,0,48.59,100.0,30.14,,L'homme était avec moi,j'ai trouvé un homme,0.0,10.05,23.08
248,past_transitive_avoir_eu_plur,elle a eu des enfants,a yé dénw sɔrɔ,PRON AUX NOUN VERB,a yé dénw sɔrɔ,a ye denw sɔrɔ,a ye denw sɔrɔ,PRON AUX NOUN VERB,PRON AUX NOUN VERB,PRON AUX NOUN VERB,100.0,44.83,44.83,1.0,1.0,1.0,True,False,False,1,1,1,100.0,100.0,100.0,,elle a eu des enfants,et elle enfanta des fils et des filles.,0.0,100.0,36.6
249,past_transitive_avoir_eu,tu as eu de la chance,i yé diyaɲɔgɔnya sɔrɔ,PRON AUX NOUN VERB,i yé tère sɔrɔ,i ye ɲanamaya sɔrɔ,i ye hɛrɛ sɔrɔ,PRON AUX NOUN VERB,PRON AUX NOUN VERB,PRON AUX NOUN VERB,17.02,28.27,13.81,1.0,1.0,1.0,True,False,False,1,1,1,100.0,100.0,100.0,,tu as la paix,tu as trouvé la vie,0.0,16.73,16.66
250,past_transitive_avoir_eu,il a eu un problème,a yé [problème] sɔrɔ,PRON AUX NOUN VERB,a yé báasi sɔrɔ,gɛlɛya dɔ tun b'a la,gɛlɛya dɔ tun b' a la,PRON AUX NOUN VERB,VERB PRON AUX PRON ADP,VERB PRON AUX VERB PRON ADP,18.74,4.96,4.96,1.0,0.0,0.0,True,False,False,1,0,0,100.0,46.81,44.25,,il avait un problème,Il avait un problème.,0.0,64.19,63.23
251,past_transitive_avoir_eu_plur,nous avons eu des difficultés,anw yé [difficulté]w sɔrɔ,PRON AUX NOUN VERB,anw yé màgɛlɛyaw sɔrɔ,an ye gɛlɛya caman sɔrɔ,gɛlɛyaw tun b' an bolo,PRON AUX AUX VERB,PRON AUX NOUN ADJ VERB,NOUN AUX VERB PRON ADP,26.06,12.9,6.33,1.0,0.0,0.0,True,False,False,0,0,0,48.59,75.75,48.81,,nous avons eu des problèmes,nous avons rencontré de nombreuses difficultés,0.0,53.1,69.18
252,past_have_material,j'avais une voiture,móbili tùn bɛ n bóló,NOUN AUX AUX PRON ADP,wátiri tùn bɛ n bóló,mobili tun bɛ ne fɛ,Mobili tun bɛ n bolo,X AUX AUX PRON ADP,NOUN AUX AUX PRON ADP,PROPN AUX AUX PRON ADP,63.39,29.79,35.4,1.0,0.0,1.0,True,True,True,0,1,0,75.17,100.0,78.9,,J'avais une voiture en ma possession,j'avais une voiture avec moi,0.0,83.72,91.12
253,past_have_material,il avait de l'argent,wárí tùn bɛ a bóló,NOUN AUX AUX PRON ADP,wári tùn bɛ a fɛ,wari tun bɛ a bolo,wari tun b' a bolo,NOUN AUX AUX PRON ADP,NOUN AUX AUX PRON ADP,NOUN AUX VERB PRON ADP,37.6,24.71,12.09,1.0,1.0,0.0,True,True,False,1,1,0,100.0,100.0,59.31,,il avait l'argent,car il avait de l'argent à la main.,0.0,68.98,86.74
254,past_have_abstract_neg,elle n'avait pas de frère,bálimakɛ tùn tɛ a fɛ,NOUN AUX AUX PRON ADP,bálimakɛ tùn tɛ a fɛ,a tun tɛ kɔrɔcɛ ye,Balimakɛ si tun t'a fɛ,NOUN AUX AUX PRON ADP,PRON AUX AUX PRON AUX,PROPN NOUN AUX PRON ADP,100.0,10.99,34.52,1.0,-1.0,0.0,True,True,False,1,0,0,100.0,67.97,72.94,,Il n'avait pas de frères,il n'était pas frère,0.0,79.85,35.67
255,past_have_material_plur,nous avions un champ,foro tùn bɛ anw bóló,NOUN AUX AUX PRON ADP,fòro tùn bɛ anw fɛ,foro dɔ tun bɛ an fɛ,foro dɔ tun b' an bolo,NOUN AUX AUX PRON ADP,NOUN X AUX AUX PRON ADP,NOUN X AUX VERB PRON ADP,57.58,29.79,20.41,1.0,1.0,0.0,True,True,False,1,0,0,100.0,81.36,49.67,,nous avions une ferme,Il y avait un champ avec nous.,0.0,65.11,40.75
256,past_have_abstract,tu avais de la chance,diyaɲɔgɔnya tùn bɛ i fɛ,NOUN AUX AUX PRON ADP,tère tùn bɛ i fɛ,i ye ɲènamaya kè,i ye hɛrɛ sɔrɔ,NOUN AUX AUX PRON ADP,PRON AUX NOUN VERB,PRON AUX NOUN VERB,35.61,8.54,6.76,1.0,0.0,0.0,True,False,False,1,0,0,100.0,34.88,34.88,,tu as la paix,tu as fait une vie,0.0,14.34,14.57
257,optatif_plur,Que Dieu vous bénisse,Ala ka aw dɛmɛ,PROPN ADP PRON PUNCT,Dieu ka aw dùbabu,Ala ka aw duga,Ala ka barika don i la,PRON X PRON PUNCT,PROPN ADP PRON PUNCT,PROPN ADP X AUX PRON ADP,26.19,63.17,26.09,1.0,1.0,1.0,False,False,False,0,1,0,53.33,100.0,48.18,,que Dieu te bénisse,Que Dieu vous bénisse!,0.0,57.77,98.71
258,optatif,Qu'il vienne,a ka nà,PRON AUX VERB,a ka nà,A ka na,A ka na,PRON AUX VERB,PRON AUX ADP,PRON AUX ADP,100.0,32.67,32.67,1.0,1.0,1.0,False,False,False,1,0,0,100.0,52.13,52.13,,Il vient,Qu'il vienne,0.0,42.67,100.0
259,optatif_plur,Qu'ils partent,ùw ka táa,X AUX VERB,u ka táa,A' ye u bila ka taa.,U ka taa,PRON AUX VERB,PROPN AUX PRON VERB ADP PUNCT,PRON AUX VERB,48.93,14.68,19.03,1.0,0.0,0.0,False,False,False,0,0,0,71.6,26.12,71.6,,Laissez-les partir,Laisse-les donc aller.,0.0,23.9,8.1
260,optatif_abs,Que la paix règne,lafiɲa ka kɛ,X AUX VERB,hɛ́rɛ ka wó,Hɛrɛ ka kɛ yen,Hɛrɛ ka kɛ masakɛ ye,NOUN ADP PART,PROPN AUX VERB ADV,PROPN AUX VERB NOUN AUX,7.0,18.35,21.13,0.0,1.0,1.0,False,False,False,0,0,0,5.81,63.33,58.5,,La paix soit sur le roi,Que la paix soit avec vous!,0.0,30.41,49.84
261,optatif,Que tu réussisses,i ka dɔngɛ,PRON ADP VERB,i ka ɲɛ̀,Ne b'a fɛ i ka se ka ko ɲuman kɛ,Ko i ka ɲɛtaa sɔrɔ,PRON ADP NOUN,PRON X ADP PRON AUX VERB ADP VERB ADJ VERB,PART PRON ADP X VERB,16.8,12.78,15.45,1.0,0.667,1.0,False,False,False,0,0,0,50.9,50.76,60.91,,Que tu réussis,Je veux que tu sois à même de faire le bien.,0.0,79.42,21.6
262,optatif_plur,Que nous mangions ensemble,anw ka dún ɲɔgɔn fɛ,PRON AUX VERB PRON ADP,anw ka dúnli kɛ ánsanbulu,An ka dumuni kɛ ɲɔgɔn fɛ,Ko an bɛ dumuni kɛ ɲɔgɔn fɛ,PRON ADP NOUN VERB PUNCT,PRON ADP NOUN VERB PRON ADP,PART PRON AUX NOUN VERB PRON ADP,41.26,41.45,38.03,1.0,1.0,1.0,False,False,True,0,0,0,44.91,66.89,74.79,,Qu'on mange ensemble,Venez manger et buvez ensemble.,0.0,40.98,35.5
263,conj_verb_present,il mange et boit,a bɛ dún wa a bɛ mìn,PRON AUX VERB PART PRON AUX VERB,a bɛ dúnli kɛ wa jí,a bɛ dumuni kɛ ka minni kɛ,a bɛ dumuni kɛ ka minni kɛ,PRON AUX NOUN VERB PART NOUN,PRON AUX NOUN VERB ADP NOUN VERB,PRON AUX NOUN VERB ADP NOUN VERB,33.69,17.28,17.28,1.0,1.0,1.0,True,True,True,0,0,0,44.76,35.28,35.28,,il mange et boit,Il mange et il boit.,0.0,100.0,70.87
264,conj_verb_present,elle chante et danse,a bɛ donkili dón wa a bɛ [danser],PRON AUX NOUN AUX PART PRON AUX PUNCT,a bɛ lábalimali kɛ wa a bɛ dɔ̀n la,a bɛ dɔnkilila ka dɔnkilila,a bɛ dɔnkili da ani ka dɔn kɛ,PRON AUX NOUN VERB PART PRON AUX AUX ADP,PRON AUX X X VERB,PRON AUX NOUN VERB ADP AUX AUX VERB,21.35,20.54,28.53,0.2,1.0,1.0,True,True,True,0,0,0,64.32,20.15,40.84,,il chante et danse,Il est le chanteur et le chanteur,0.0,75.09,41.49
265,conj_verb_passe,il est venu et a mangé,a nàra wa a yé dún,PRON ADP PART PRON AUX PART,a nàra wa a yé dúnli kɛ,a nana dumuni kɛ,a nana dumuni kɛ,PRON ADP PART PRON AUX NOUN VERB,PRON VERB NOUN VERB,PRON VERB NOUN VERB,92.79,9.08,9.08,0.5,0.0,0.0,True,False,False,0,0,0,76.92,12.45,12.45,,il est venu manger,et il s'approcha pour manger.,0.0,57.02,18.57
266,modal_pouvoir,tu peux manger,i bɛ se ka dún,PRON AUX VERB AUX VERB,i bɛ se ka dúnli kɛ,i bɛ se ka dumuni kɛ,aw bɛ se ka dumuni kɛ,PRON AUX VERB ADP NOUN VERB,PRON AUX VERB AUX NOUN VERB,PRON AUX VERB AUX NOUN VERB,90.05,64.81,52.82,1.0,1.0,1.0,True,True,True,0,0,0,68.1,79.62,79.62,,tu peux manger la nourriture,tu peux manger,0.0,79.6,100.0
267,modal_pouvoir_neg,nous ne pouvons pas venir,anw tɛ se ka nà,PRON AUX VERB AUX VERB,anw tɛ se ka nà,an tɛ se ka na,an tɛ se ka na,PRON AUX VERB AUX VERB,PRON AUX VERB AUX ADP,PRON AUX VERB AUX ADP,100.0,56.92,56.92,1.0,1.0,1.0,True,True,True,1,0,0,100.0,74.85,74.85,,nous ne pouvons pas venir,nous ne pouvons pas venir,0.0,100.0,100.0
268,modal_pouvoir_plur,elles peuvent travailler,ùw bɛ se ka báara kɛ,NOUN AUX VERB ADP VERB VERB,u bɛ se ka báara kɛ,u bɛ se ka baara kɛ,u bɛ se ka baara kɛ,PRON AUX VERB ADP VERB VERB,PRON AUX VERB ADP VERB VERB,PRON AUX VERB ADP VERB VERB,85.08,54.06,54.06,1.0,1.0,1.0,True,True,True,0,0,0,85.25,85.25,85.25,,ils peuvent être utilisés,ils peuvent travailler,0.0,33.78,81.77
269,modal_pouvoir_past,il pouvait partir,a tùn bɛ se ka táa,PRON AUX AUX VERB AUX VERB,a tùn bɛ se ka táa,a bɛ se ka taa,a tun bɛ se ka taa,PRON AUX AUX VERB AUX VERB,PRON AUX VERB AUX VERB,PRON AUX AUX VERB AUX VERB,100.0,46.46,56.3,1.0,1.0,1.0,True,True,True,1,0,1,100.0,83.29,100.0,,il aurait pu partir,il peut s'en aller,0.0,42.47,11.44
270,modal_pouvoir_interrogative,peut-elle partir ?,a bɛ se ka táa wà ?,PRON AUX VERB AUX VERB PART PUNCT,a bɛ se ka táa wà ?,A bɛ se ka taa wa?,a bɛ se ka taa wa?,PRON AUX VERB AUX VERB PART PUNCT,PRON AUX VERB AUX VERB PUNCT,PRON AUX VERB AUX VERB PUNCT,100.0,47.79,56.3,1.0,1.0,1.0,True,True,True,1,0,0,100.0,78.91,78.91,,peut-il y aller ?,Est-ce qu'il peut y aller ?,0.0,29.8,25.23
271,modal_pouvoir_past_neg,il ne pouvait pas manger,a tùn tɛ se ka dún,PRON AUX AUX VERB AUX VERB,a tùn tɛ se ka dúnli kɛ,a tun tɛ se ka dumuni kɛ,a tun tɛ se ka dumuni kɛ,PRON AUX AUX VERB ADP NOUN VERB,PRON AUX AUX VERB AUX NOUN VERB,PRON AUX AUX VERB AUX NOUN VERB,92.79,51.51,51.51,1.0,1.0,1.0,True,True,True,0,0,0,73.29,82.97,82.97,,il ne pouvait pas manger,car il ne pouvait pas manger.,0.0,100.0,95.6
272,verb_serial_dative,il me donne de l'argent,a bɛ wárí di n ma,PRON AUX X VERB PRON AUX,a bɛ wári di n ma,a bɛ wari di ne ma,a bɛ wari di n ma,PRON AUX X VERB PRON AUX,PRON AUX X VERB PRON AUX,PRON AUX X VERB PRON AUX,58.47,29.3,40.47,1.0,1.0,1.0,True,True,True,1,1,1,100.0,100.0,100.0,,il me donne de l'argent,il me donne de l'argent,0.0,100.0,100.0
273,simple_iobj,elle lui parle,a bɛ kúma a yé,PRON AUX VERB PRON AUX,a bɛ kúma a yé,a bɛ kuma a fɛ,a bɛ kuma a fɛ,PRON AUX VERB PRON AUX,PRON AUX VERB PRON ADP,PRON AUX VERB PRON ADP,100.0,29.56,29.56,0.5,0.0,0.0,True,True,True,1,0,0,100.0,86.94,86.94,,il lui parle,et il lui parlait.,0.0,61.99,46.98
274,verb_serial_dative_plur,nous leur donnons du riz,anw bɛ màlo di ùw ma,PRON AUX PUNCT VERB NOUN AUX,anw bɛ iri di u ma,an bɛ pɔri di u ma,an bɛ tiga di u ma,PRON AUX X VERB PRON AUX,NOUN AUX X VERB PRON AUX,NOUN AUX X VERB PRON AUX,26.04,14.03,14.03,1.0,1.0,1.0,True,True,True,0,0,0,39.52,52.39,52.39,,on leur donne du riz,Nous leur donnons des pores,0.0,48.94,75.17
275,verb_serial_dative,je te donne un livre,n bɛ kìtabu di i ma,PRON AUX X VERB PRON AUX,n bɛ kìtabu kelen di i ma,ne bɛ kitabu dɔ di i ma,N bɛ gafe dɔ di aw ma,PRON AUX X NUM VERB PRON AUX,PRON AUX X X VERB PRON AUX,PRON AUX X X VERB PRON AUX,69.56,45.25,12.0,1.0,1.0,1.0,True,True,True,0,0,0,80.68,92.05,92.05,,je te donne un livre,Je te donne un livre,0.0,100.0,100.0
276,simple_iobj_plur,il nous parle,a bɛ kúma anw yé,PRON AUX VERB PRON AUX,a bɛ kúma anw yé,a bɛ kuma an fɛ,a bɛ kuma an fɛ,PRON AUX VERB PRON AUX,PRON AUX VERB PRON ADP,PRON AUX VERB PRON ADP,100.0,31.15,31.15,1.0,1.0,1.0,True,True,True,1,0,0,100.0,86.94,86.94,,il nous parle,il nous parle,0.0,100.0,100.0
277,refl_posture_present,il se lève,a bɛ a tín,PRON AUX PRON VERB,a bɛ láyɛ̀lɛn,a bɛ wuli,a bɛ wuli,PRON AUX VERB,PRON AUX VERB,PRON AUX VERB,16.33,16.03,16.03,1.0,1.0,1.0,True,True,True,0,0,0,49.82,49.82,49.82,,c'est agité,il se lève,0.0,5.95,100.0
278,refl_posture_passe,il s'est levé,a yé a tín,PRON AUX PRON VERB,a láyɛ̀lɛnna,a wulila,a wulila,PRON VERB,PRON VERB,PRON VERB,8.55,4.76,4.76,0.0,0.0,0.0,False,False,False,0,0,0,48.45,48.45,48.45,,il s'est levé,"et il se leva, et dit:",0.0,100.0,20.15
279,refl_accidentel_passe,elle s'est trompée,a yé a yɛrɛ tɔn,PRON AUX PRON DET PUNCT,a ŋànamura,a filila,a tun filila,PRON VERB,PRON X,PRON AUX VERB,6.29,3.27,6.17,0.0,0.0,0.0,False,False,False,0,0,0,12.59,14.49,31.21,,il s'est également trompé,il s'est trompé,0.0,49.46,66.37
280,refl_idiom_locatif,il s'est mis à travailler,a yé a yɛrɛ bìla báara la,PRON AUX PRON DET VERB PROPN ADP,a yé a yɛrɛ bìla báara la,a y'a daminɛ ka baara kɛ,a ye baara daminɛ,PRON AUX PRON DET VERB PROPN ADP,PRON X VERB ADP VERB VERB,PRON AUX X VERB,100.0,14.33,12.32,0.857,0.0,0.0,True,False,False,1,0,0,100.0,20.87,28.75,,il a commencé à travailler,et il commença à travailler,0.0,48.96,49.23
281,refl_actif_present,elle se regarde,a bɛ a yɛrɛ lajé,PRON AUX PRON DET VERB,a bɛ a yɛrɛ fílɛ,a bɛ a yɛrɛ filɛ,a b'a yɛrɛ lajɛ,PRON AUX PRON DET VERB,PRON AUX PRON DET VERB,PRON X DET VERB,57.84,57.84,62.13,0.5,0.5,1.0,True,True,False,1,1,0,100.0,100.0,42.07,,il se regarde,"il regarde en lui-même,",0.0,64.62,41.15
282,refl_actif_present_plur,nous nous préparons,anw bɛ anw yɛrɛ labɛn,PRON AUX PRON DET PUNCT,anw bɛ anw yɛrɛ fìri,an bɛ an yɛrɛ labɛn,an bɛ ka an labɛn,PRON AUX PRON DET PUNCT,NOUN AUX PRON DET PUNCT,NOUN AUX AUX PRON PUNCT,65.94,59.1,26.41,0.5,1.0,1.0,True,True,True,1,0,0,100.0,82.5,45.41,,nous nous préparons,Nous allons nous préparer.,0.0,100.0,68.12
283,refl_posture_present,elle se réveille,a bɛ a wuli,PRON AUX PRON VERB,a bɛ màkúnu,a bɛ wuli,a bɛ kunun,PRON AUX PUNCT,PRON AUX VERB,PRON AUX VERB,15.45,39.31,15.87,1.0,1.0,1.0,True,True,True,0,0,0,46.24,49.82,49.82,,il est réveillé,il se lève,0.0,46.03,14.77
284,imperative_locative,viens ici !,nà yàn,X ADV,nà yàn,"Na yan, na yan!",na yan!,X ADV,X AUX ADP PUNCT,X PUNCT,100.0,9.38,11.54,1.0,0.0,0.0,False,False,False,1,0,0,100.0,31.51,5.68,,venez ici!,"Viens ici, viens ici !",0.0,28.84,77.81
285,prohibitive_dem,ne fais pas ça !,kàna o kɛ,AUX PRON VERB,kàna o kùnnasìri,I kana o kɛ!,kana o kɛ !,AUX PRON PUNCT,PRON AUX PRON PUNCT,AUX PRON VERB PUNCT,56.1,45.73,47.42,1.0,0.0,1.0,False,False,False,0,0,0,49.73,47.01,89.23,,ne fais pas ça !,Ne le fais pas!,0.0,100.0,60.75
286,imperative_iobj,aide-moi !,n dɛmɛ,PRON PUNCT,n bólodɛ̀mɛ,Aw bɛ ne dɛmɛ!,n dɛmɛ!,PRON PUNCT,PRON AUX PRON PUNCT,PRON PUNCT,24.68,43.88,92.45,0.0,0.0,0.0,False,True,False,1,0,1,100.0,81.77,100.0,,aide-moi!,Vous m'avez aidé.,0.0,100.0,15.46
287,prohibitive,ne pleure pas !,kàna kàsi,AUX VERB,kàna kàsi,I kana kasi!,kana kasi !,AUX VERB,PRON AUX PUNCT,AUX VERB PUNCT,100.0,21.27,21.83,1.0,0.0,0.0,False,False,False,1,0,0,100.0,15.88,80.72,,ne pleure pas !,Ne pleure pas !,0.0,100.0,100.0
288,imperative_adv,mange vite !,dún joona,PART PUNCT,dúnli kɛ súwɛ,Aw bɛ dumuni kɛ joona!,dumuni kɛ joona!,NOUN VERB PUNCT,PRON AUX NOUN VERB PUNCT,NOUN VERB PUNCT,12.73,33.01,36.44,0.0,0.0,0.0,False,True,False,0,0,0,32.0,30.35,32.0,,mange vite !,Allez vite manger!,0.0,100.0,43.83
289,prohibitive_object,ne bois pas l'eau !,kàna jí mìn,AUX NOUN DET,kàna jí jí,I kana ji min!,Aw kana ji min!,AUX NOUN NOUN,PRON AUX NOUN PUNCT,PRON AUX NOUN PUNCT,51.82,16.86,16.49,0.667,0.0,0.0,False,False,False,0,0,0,56.21,51.33,51.33,,Ne buvez pas d'eau !,Ne bois pas d'eau!,0.0,31.98,69.53
290,prohibitive_object,ne mange pas la viande !,kàna sògo dún,AUX NOUN VERB,kàna sògo dún,Aw kana sogo dun!,Aw kana sogo dun!,AUX NOUN VERB,PRON AUX NOUN PUNCT,PRON AUX NOUN PUNCT,100.0,21.26,21.26,1.0,0.0,0.0,False,False,False,1,0,0,100.0,47.01,47.01,,Ne mangez pas de viande !,Ne mangez pas de viande!,0.0,57.74,57.74
291,interrogative_est_ce_que,Est-ce qu'il mange ?,Yala a bɛ dún wà ?,SCONJ PRON AUX VERB PART PUNCT,Yala a bɛ dúnli kɛ wà ?,A bɛ dumuni kɛ wa?,Yala a bɛ dumuni kɛ wa?,SCONJ PRON AUX NOUN VERB PART PUNCT,PRON AUX NOUN VERB PUNCT,SCONJ PRON AUX NOUN VERB PUNCT,73.24,13.06,50.23,1.0,1.0,1.0,True,True,True,0,0,0,85.22,43.25,62.41,,Est-ce qu'il mange la nourriture ?,Est-ce qu'il mange quelque chose?,0.0,81.49,81.49
292,interrogative_est_ce_que,Est-ce qu'elle travaille ?,Yala a bɛ báara la wà ?,SCONJ PRON AUX PROPN ADP PART PUNCT,a bɛ ko a bɛ báara kɛ wà ?,A bɛ baara kɛ wa?,Yala a bɛ baara kɛ wa?,PRON AUX VERB PRON AUX X VERB PART PUNCT,PRON AUX X VERB PUNCT,SCONJ PRON AUX X VERB PUNCT,43.58,18.12,46.13,0.81,1.0,1.0,True,True,True,0,0,0,45.7,28.81,47.71,,Est-ce que ça marche ?,Cela fonctionne-t-il ?,0.0,32.99,11.3
293,interrogative_passe,a-t-il mangé ?,a yé dún wà ?,PRON AUX PART PART PUNCT,a yé dúnli kɛ wà ?,a ye dumuni kɛ wa?,a ye dumuni kɛ wa?,PRON AUX NOUN VERB PART PUNCT,PRON AUX NOUN VERB PUNCT,PRON AUX NOUN VERB PUNCT,55.92,11.85,11.85,1.0,0.0,0.0,True,False,False,0,0,0,59.68,39.28,39.28,,a-t-il mangé la nourriture ?,Est-ce qu'il a mangé quelque chose?,0.0,72.15,26.4
294,interrogative,Travailles-tu ?,i bɛ báara la wà ?,PRON AUX PROPN ADP PART PUNCT,i bɛ báara la wà ?,I bɛ baara kɛ wa?,Yala i bɛ baara kɛ wa?,PRON AUX PROPN ADP PART PUNCT,PRON AUX X VERB PUNCT,SCONJ PRON AUX X VERB PUNCT,100.0,20.12,29.59,1.0,1.0,1.0,True,True,True,1,0,0,100.0,34.36,34.19,,Est-ce que vous faites le travail ?,Vous travaillez ?,0.0,39.06,58.09
295,interrogative_past_intrans,est-il venu ?,a nàra wà ?,PRON ADP PART PUNCT,a nàra wà ?,Yala a nana wa?,a nana wa?,PRON ADP PART PUNCT,SCONJ PRON VERB ADP,PRON VERB ADP,100.0,13.74,15.18,1.0,0.0,0.0,False,False,False,1,0,0,100.0,20.83,20.08,,une grand-mère de ?,Est-ce qu'il est venu ?,0.0,8.33,41.08
296,interrogative_est_ce_que_passe,Est-ce qu'ils sont arrivés ?,Yala ùw sera wà ?,SCONJ X VERB PART PUNCT,Yala u séra wà ?,Yala u sera wa?,Yala u sera yen wa?,SCONJ PRON VERB PART PUNCT,SCONJ PRON VERB PUNCT,SCONJ PRON VERB ADV PUNCT,37.62,37.62,29.56,1.0,1.0,1.0,False,False,False,0,0,0,74.77,44.06,39.48,,Y sont-ils arrivés ?,Est-ce qu'ils sont arrivés?,0.0,40.65,100.0
297,content_question_who_equative,Qui est-il ?,a yé jɔn yé ?,PRON AUX NOUN AUX PUNCT,a yé jɔn yé ?,Jɔn ye nin cɛ ye?,Ale ye jɔn ye?,PRON AUX NOUN AUX PUNCT,PROPN AUX DET NOUN PUNCT,PRON AUX NOUN ADP,100.0,14.43,23.7,0.7,0.0,0.0,True,False,False,1,0,0,100.0,37.84,61.75,,"Qui est-il, d'ailleurs ?",Qui est cet homme?,0.0,67.61,40.2
298,content_question_what,Qu'est-ce que tu fais ?,i bɛ mún kɛ ?,PRON AUX PRON VERB PUNCT,i bɛ mún lámákùn ?,I bɛ mun kɛ?,I be ka mun kɛ ?,PRON AUX PRON VERB PUNCT,PRON AUX PRON PUNCT,PRON VERB AUX PRON VERB PUNCT,47.08,33.3,23.7,1.0,1.0,1.0,True,True,False,1,0,0,100.0,64.45,81.98,,Que fais-tu ?,Qu'est-ce que tu fais ?,0.0,21.04,100.0
299,content_question_when_passe,Quand est-il parti ?,a fáɲira túma jùmɛn ?,PRON VERB NOUN DET PUNCT,a táara túma jùmɛn ?,A taara waati jumɛn?,A taara tuma jumɛn?,PRON VERB NOUN DET PUNCT,PRON VERB PUNCT PUNCT,PRON VERB NOUN ADP,67.93,19.41,24.01,1.0,0.0,0.0,False,False,False,1,0,0,100.0,53.73,58.88,,Quand est-il parti ?,Quand est-ce qu'il est parti ?,0.0,100.0,63.29
300,content_question_why_neg,Pourquoi ne viens-tu pas ?,i tɛ nà mún kósɔn ?,PRON AUX X PRON VERB PUNCT,i tɛ nà mún kósɔn ?,Mun y'a to i tɛ na?,Mun na i tɛ na?,PRON AUX X PRON VERB PUNCT,PRON AUX VERB PRON AUX PUNCT,PRON X PRON AUX PUNCT,100.0,15.28,17.27,1.0,1.0,1.0,True,False,False,1,0,0,100.0,57.2,51.34,,Pourquoi tu ne viens pas ?,Pourquoi ne viens-tu pas?,0.0,61.0,100.0
301,content_question_how_much,Combien coûte ce livre ?,wárí jóli bɛ nin kìtabu la ?,PART PRON AUX DET NOUN ADP PUNCT,nin kìtabu in bɛ fàlen jóli ?,Nin gafe in sɔngɔ ye mun ye?,Nin gafe in musaka ye joli ye?,DET PUNCT NOUN AUX VERB PRON PUNCT,DET PUNCT PUNCT NOUN AUX PRON PUNCT,DET PUNCT PUNCT X AUX PRON PUNCT,44.15,6.1,9.74,0.0,0.0,0.0,True,False,False,0,0,0,41.24,40.91,29.92,,Combien a coûté ce livre ?,Quel est le prix de ce livre?,0.0,63.84,37.76
302,content_question_who_passe,Qui a mangé ?,jɔn yé dún ?,NOUN AUX PART PUNCT,jɔn yé dúnli kɛ ?,Jɔn ye dumuni kɛ?,Jɔn ye dumuni kɛ?,NOUN AUX NOUN VERB PUNCT,PROPN AUX NOUN PUNCT,PROPN AUX NOUN PUNCT,75.73,15.79,15.79,1.0,0.0,0.0,True,False,False,0,0,0,47.74,40.0,40.0,,Qui a mangé la nourriture ?,Qui a mangé?,0.0,66.26,100.0
303,relative_subject,La femme qui mange,númanfɛlaka mìn bɛ dún,NOUN X AUX VERB,númanfɛlaka mìn bɛ dúnli kɛ,Muso min bɛ dumuni kɛ,Muso min bɛ dumuni kɛ,NOUN X AUX NOUN VERB,PROPN DET AUX NOUN VERB,PROPN DET AUX NOUN VERB,95.34,13.98,13.98,1.0,0.0,0.0,True,True,True,0,0,0,66.32,34.96,34.96,,La femme qui mange,Une femme qui mange,0.0,100.0,82.36
304,relative_object,Le livre que j'ai acheté,kìtabu mìn n yé sàn,PUNCT X PRON AUX NOUN,n yé kìtabu mìn sàn,Ne ye gafe min san,Ne ye gafe min san,PRON AUX X DET PUNCT,PRON AUX X DET PUNCT,PRON AUX X DET PUNCT,65.07,6.76,6.76,0.2,0.0,0.0,True,False,False,0,0,0,47.73,47.73,47.73,,Le livre que j'ai acheté,Le livre que j'ai acheté,0.0,100.0,100.0
305,relative_subject_past,L'homme qui est parti,mɔ̀gɔ mìn fáɲira,NOUN DET VERB,mɔ̀gɔ mìn táara,Cɛ min taara,Cɛ min bɔra yen,NOUN DET VERB,PROPN PUNCT VERB,PROPN PUNCT VERB ADV,52.38,7.68,8.68,1.0,0.0,0.0,False,False,False,1,0,0,100.0,32.08,31.68,,L'homme qui est parti,L'homme qui est allé,0.0,100.0,69.16
306,relative_subject_present,L'enfant qui pleure,dén mìn bɛ kàsi,NOUN DET AUX VERB,dén mìn bɛ kàsi,Denmisɛn min bɛ kasi,Den kasitɔ,NOUN DET AUX VERB,PROPN X AUX VERB,PROPN ADP,100.0,21.9,7.45,1.0,0.0,0.0,True,True,False,1,0,0,100.0,40.81,6.51,,Puis roulette,Un enfant qui pleure,0.0,11.6,86.01
307,relative_object_past,La maison que nous avons construite,so mìn anw yé lá,NOUN DET PRON AUX ADP,anw yé só mìn dílan,"An ye so min jɔ,",An ye so min jɔ,PRON AUX NOUN DET VERB,PRON AUX NOUN DET PUNCT,PRON AUX NOUN DET VERB,33.55,13.03,13.26,-0.333,0.0,0.0,True,False,False,0,0,0,59.31,65.33,59.31,,La maison que nous avons construite,"La maison que nous avons bâtie,",0.0,100.0,67.11
308,ccomp_interrogative_passe,tu sais qu'il est parti ?,i bɛ dɔ́n ko a fáɲira wà ?,PRON AUX AUX PART PRON VERB PART PUNCT,i bɛ dɔ́n ko a táara wà ?,I y'a dɔn ko a taara?,aw b' a dɔn ko a taara wa ?,PRON AUX AUX PART PRON VERB PART PUNCT,PRON X AUX PART PRON PUNCT,PRON AUX PRON AUX PART PRON VERB PART PUNCT,60.68,16.06,19.19,1.0,1.0,0.5,True,False,False,1,0,0,100.0,50.6,88.36,,tu sais qu'il y est allé ?,Sais-tu qu'il est parti ?,0.0,54.92,75.86
309,ccomp_dire_futur,elle dit qu'elle partira,a ko a bɛ na táa,PRON VERB PRON AUX ADP VERB,a ko a bɛ na táa,a y'a fɔ ko a bɛ taa,a ko ale bɛ taa,PRON VERB PRON AUX ADP VERB,PRON X SCONJ PART PRON AUX VERB,PRON VERB PRON AUX VERB,100.0,30.5,26.09,0.8,0.5,1.0,True,True,True,1,0,0,100.0,39.5,74.05,,il a dit qu'il allait,"Il lui dit: ""Je m'en vais"".",0.0,26.49,12.82
310,ccomp_locatif,nous savons qu'il est là,anw bɛ dɔ́n ko a bɛ yèn,PRON AUX AUX PART PRON AUX ADV,anw bɛ dɔ́n ko a bɛ yèn,an y'a dɔn ko a bɛ yan,an b' a dɔn ko a bɛ yen,PRON AUX AUX PART PRON AUX ADV,PRON X AUX PART PRON AUX ADV,PRON AUX PRON AUX PART PRON AUX ADV,100.0,37.54,38.53,0.667,-0.333,-0.5,True,True,True,1,0,0,100.0,80.67,84.52,,nous savons que ça existe,Nous savons qu'il est ici.,0.0,57.4,86.47
311,ccomp_dire_neg,il dit qu'il ne mange pas,a ko a tɛ dún,PRON VERB PRON AUX PART,a ko a tɛ dúnli kɛ,a b'a fɔ ko a tɛ dumuni kɛ,a ko ale tɛ dumuni kɛ,PRON VERB PRON AUX NOUN VERB,PRON X SCONJ PART PRON AUX NOUN VERB,PRON VERB PRON AUX NOUN VERB,88.6,41.87,29.91,0.5,0.5,1.0,True,True,True,0,0,0,72.83,52.36,72.83,,il a dit qu'il ne mangeait pas,Et il dit: Je ne mangerai point.,0.0,75.45,38.42
312,ccomp_locatif,je sais que tu es là,n bɛ dɔ́n ko i bɛ yèn,PRON AUX AUX PART PRON AUX ADV,n bɛ dɔ́n ko i bɛ yèn,ne y'a dɔn ko i bɛ yan,N b'a dɔn ko i bɛ yen,PRON AUX AUX PART PRON AUX ADV,PRON X AUX PART PRON AUX ADV,PRON X AUX PART PRON AUX ADV,100.0,39.79,40.4,0.667,-0.333,0.333,True,True,True,1,0,0,100.0,80.67,80.67,,Je sais que tu es là,Je sais que tu es ici,0.0,100.0,82.36
313,ccomp_dire_passe_ccomp,ils disent qu'il est venu,ùw ko a nàra,X PART PRON VERB,u ko a nàra,u b'a fɔ ko a nana,u ko a nana,PRON VERB PRON VERB,PRON X SCONJ PART PRON VERB,PRON VERB PRON VERB,69.05,20.92,23.66,1.0,1.0,1.0,False,False,False,0,0,0,50.77,78.01,50.77,,ils ont dit qu'il était venu,"Ils disent: ""Il est venu!""",0.0,39.15,68.41
314,ccomp_dire_passe_root,il a dit qu'il mangeait,a yé fɔ ko a bɛ dún,PRON AUX X PART PRON AUX VERB,a yé láfɔ ko a tùn bɛ dúnli kɛ,a y'a fɔ ko a bɛ dumuni kɛ,a ko ale bɛ dumuni kɛ,PRON AUX NOUN PART PRON AUX AUX NOUN VERB,PRON X SCONJ PART PRON AUX NOUN VERB,PRON VERB PRON AUX NOUN VERB,44.59,50.66,17.97,0.5,0.5,1.0,True,True,True,0,0,0,64.58,54.57,38.04,,il a dit qu'il mangeait,"Alors Jésus lui dit: ""Mets-toi à table et mange"".",0.0,100.0,21.48
315,ccomp_dire_passe_root_plur,ils ont dit qu'il était parti,ùw yé fɔ ko a fáɲira,NOUN AUX X PART PRON VERB,u tùn yé láfɔ ko a táara,u y'a fɔ ko a taara,u ko a bɔra yen,PRON AUX AUX NOUN PART PRON VERB,PRON X SCONJ PART PRON VERB,PRON VERB PRON VERB ADV,26.36,24.53,13.37,1.0,1.0,1.0,True,False,False,0,0,0,66.94,55.91,35.32,,ils ont dit qu'il était parti,Ils lui dirent: Il est parti.,0.0,100.0,27.76
316,venir_de_noun_plur,Ils viennent du marché,u bɛ bɔ súgu la,PRON AUX VERB NOUN ADP,u bɛ bɔ súgu la,U bɛ bɔ sugu la,U bɛ Bɔ sugu la,PRON AUX VERB NOUN ADP,PRON AUX VERB NOUN ADP,PRON AUX VERB NOUN ADP,100.0,44.71,27.76,1.0,1.0,1.0,True,True,True,1,1,1,100.0,100.0,100.0,,Ils sont hors du marché,Ils sortent du marché,0.0,40.75,57.14
317,venir_de_noun,Elle vient de la mosquée,a bɛ bɔ sìlamɛdiinɛ la,PRON AUX VERB NOUN ADP,a bɛ bɔ sìlamɛdiinɛ la,O nana ka bɔ masajida la.,A bɛ Bɔ misiri la,PRON AUX VERB NOUN ADP,PRON VERB AUX VERB PUNCT PUNCT,PRON AUX VERB NOUN ADP,100.0,12.84,10.91,1.0,0.0,1.0,True,False,True,1,0,1,100.0,39.3,100.0,,Ça vient de la mosquée,C'est ainsi qu'il sortit du palais royal.,0.0,78.74,11.69
318,venir_de_propn_plur,Nous venons de Bamako,anw bɛ bɔ Bamako,PRON AUX VERB ADP,anw bɛ bɔ Bamako,An bɛ bɔ Bamako,An bɛ bɔ Bamakɔ,PRON AUX VERB ADP,PROPN AUX VERB ADP,PROPN AUX VERB ADP,100.0,73.34,63.35,1.0,1.0,1.0,True,True,True,1,0,0,100.0,79.46,79.46,,Nous sommes de Bamako,Nous venons de Bamako,0.0,52.91,100.0
319,venir_de_verbe,Elle vient de travailler,a bɔra ka báara kɛ,PRON VERB ADP VERB VERB,a bɔra ka báara kɛ,A bɔra baara la sisan,A tun bɛ baara kɛ dɔrɔn,PRON VERB ADP VERB VERB,PRON VERB NOUN ADP ADV,PRON AUX AUX X VERB ADV,100.0,24.17,25.58,1.0,1.0,1.0,False,False,True,1,0,0,100.0,39.41,30.87,,Ça a juste fonctionné,Il a récemment pris sa retraite.,0.0,5.72,19.36
320,venir_de_interrogative,tu viens d'où ?,i bɛ bɔ mín ?,PRON AUX VERB PRON PUNCT,i bɛ bɔ mín ?,I bɛ bɔ min?,i bɛ bɔ min ?,PRON AUX VERB PRON PUNCT,PRON AUX VERB PUNCT,PRON AUX VERB PRON PUNCT,100.0,41.26,56.01,1.0,1.0,1.0,True,True,True,1,0,1,100.0,69.63,100.0,,d'où venez-vous ?,D'où viens-tu ?,0.0,23.86,43.94
321,comitative_plur_noun,il est venu avec ses enfants,a nàra ni a dénw yé,PRON VERB X PRON NOUN AUX,a nàra ni a ka dén yé,a nana ni a denw ye,a nana n'a denw ye,PRON VERB X PRON AUX NOUN AUX,PRON VERB ADP PRON NOUN AUX,PRON VERB X NOUN AUX,60.98,31.13,18.51,0.5,0.0,0.0,False,False,False,0,0,0,81.82,77.09,64.45,,elle a amené ses enfants,et elle apporta ses enfants.,0.0,43.25,40.85
322,comitative_action,je mange avec ma famille,n bɛ dún ni n dakɔrɔbaw yé,PRON AUX VERB ADP PRON NOUN AUX,n bɛ dúnli kɛ ni n dénbaya yé,ne bɛ dumuni kɛ ni n ka denbaya ye,N bɛ dumuni kɛ ni n ka denbaya ye,PRON AUX NOUN VERB ADP PRON NOUN AUX,PRON AUX NOUN VERB ADP PRON ADP NOUN AUX,PRON AUX NOUN VERB ADP PRON ADP NOUN AUX,34.04,17.69,17.87,0.5,-0.333,0.167,True,True,True,0,0,0,85.22,72.06,72.06,,je mange avec ma famille,"je mangerai de la nourriture de ma famille,",0.0,100.0,53.59
323,comitative_passe,il est parti avec ses amis,a fáɲira ni a terilaw yé,PRON VERB X PRON X AUX,a táara ni a ka téri yé,a taara ni a teriw ye,a taara n'a teriw ye,PRON VERB X PRON ADP NOUN AUX,PRON VERB X PRON X AUX,PRON VERB PUNCT X AUX,24.57,44.77,24.96,0.5,0.0,0.0,False,False,False,0,1,0,72.21,100.0,49.47,,il est allé avec ses amis,Et il s'en alla avec ses amis.,0.0,59.67,50.3
324,comitative_travail,elle travaille avec son mari,a bɛ báara ni a cɛ yé,PRON AUX VERB X PRON NOUN AUX,a bɛ báara la ni a ka fúrucɛ yé,a bɛ baara kɛ ni a cɛ ye,a ni a cɛ bɛ baara kɛ ɲɔgɔn fɛ,PRON AUX PROPN ADP CCONJ PRON ADP X AUX,PRON AUX X VERB ADP PRON NOUN AUX,PRON CCONJ PRON NOUN AUX X VERB PRON ADP,58.57,44.25,36.77,0.533,0.5,0.3,True,True,True,0,0,0,37.45,71.96,59.13,,elle travaille avec son mari,elle travaille avec son mari,0.0,100.0,100.0
325,rule2_prohibitive_object,Ne bois pas le lait,kàna nɔnɔ mìn,AUX X PUNCT,kàna nɔ́nɔ jí,I kana nɔnɔ min,Aw kana nɔnɔ min,AUX VERB NOUN,PRON AUX X PUNCT,PRON AUX X PUNCT,43.32,52.71,51.55,0.0,0.0,0.0,False,False,False,0,0,0,17.07,88.6,88.6,,Ne buvez pas de lait,Ne buvez pas de lait,0.0,31.98,31.98
326,rule2_prohibitive_dem,Ne prends pas ça,kàna o ta,AUX PRON VERB,kàna o mɔ́n,I kana o ta,Aw kana nin ta,AUX PRON X,PRON AUX PRON VERB,PRON AUX PRON VERB,43.47,47.42,15.59,1.0,1.0,0.0,False,False,False,0,0,0,54.86,91.17,91.17,,Ne prends pas ça,Ne le prends pas,0.0,100.0,73.31
327,rule6_restrictive,tu n'es qu'un enfant,i tɛ foyi yé ni dén tɛ,PRON AUX NOUN AUX X NOUN AUX,i tɛ kɛ foyi yé ni dén tɛ,i ye denmisɛn ye,i ye denmisɛn dɔrɔn de ye,PRON AUX VERB NOUN AUX X NOUN AUX,PRON AUX NOUN AUX,PRON AUX X ADV PART AUX,87.82,9.82,8.99,0.571,0.0,0.0,True,False,False,0,0,0,82.91,63.94,33.45,,tu n'es qu'un enfant,tu es un enfant,0.0,100.0,46.18
328,rule6_restrictive,il n'est qu'un lâche,a tɛ foyi yé ni sègɛ tɛ,PRON AUX NOUN AUX X NOUN AUX,a tɛ kɛ foyi yé ni [lâche] tɛ,a ye bagabaga de ye,a ye siranbagatɔ dɔrɔn de ye,PRON AUX VERB NOUN AUX X PRON AUX,PRON AUX NOUN PART AUX,PRON AUX X ADV PART AUX,49.84,4.02,8.3,0.533,0.0,0.0,True,False,False,0,0,0,56.58,50.66,33.45,,c'est juste un lâche,c'est un poison,0.0,41.49,17.26
329,rule6_restrictive_adj,elle n'est que belle,a tɛ foyi yé ni ɲuman tɛ,PRON AUX NOUN AUX NOUN ADJ AUX,a tɛ kɛ foyi yé ni bólolango tɛ,a cɛ ka ɲi,a cɛ ka ɲi dɔrɔn,PRON AUX VERB NOUN AUX X NOUN AUX,PRON VERB ADP VERB,PRON VERB ADP VERB ADV,48.12,5.27,5.95,0.533,0.0,0.0,True,False,False,0,0,0,58.44,10.17,10.62,,c'est juste magnifique,il est beau,0.0,17.89,13.45
330,content_question_past,Qu'est-ce qu'il a fait ?,a yé mún kɛ ?,PRON AUX PRON VERB PUNCT,a yé mún kùnnasìri ?,A ye mun kɛ?,A ye mun kɛ?,PRON AUX PRON X PUNCT,PRON AUX PRON PUNCT,PRON AUX PRON PUNCT,56.62,24.9,24.9,1.0,0.0,0.0,True,False,False,0,0,0,63.69,64.45,64.45,,Qu'a-t-il fait ?,Comment a- t- il réagi?,0.0,26.22,11.03
331,rule7_quest_ce_que_plur,Qu'est-ce que vous voulez ?,mún aw bɛ ŋàniya ?,PRON NOUN AUX VERB PUNCT,aw bɛ mún ŋàniya ?,I bɛ mun de fɛ?,E bɛ mun fɛ?,PRON AUX PRON VERB PUNCT,PRON AUX PRON PART VERB,NOUN AUX PRON PUNCT,58.16,7.56,7.8,0.6,0.0,0.0,True,True,True,0,0,0,54.96,29.2,49.42,,Que veux-tu?,Que veux-tu de moi?,0.0,13.38,14.28
332,rule8_relative_topic,L'homme que tu vois est mon ami,"i bɛ cɛ mìn yé, o yé n terikɛ yé",PRON AUX NOUN DET X PRON AUX PRON NOUN AUX,"i bɛ mɔ̀gɔ mìn yé , o yé n téri yé","I ɲɛ bɛ cɛ min na, o ye ne teri ye.","I bɛ cɛ min ye, o ye ne teri ye",PRON AUX NOUN X AUX PUNCT PRON AUX PRON NOUN AUX,PRON NOUN AUX NOUN DET X PRON AUX PRON PUNCT PUNCT,PRON AUX NOUN DET X PRON AUX PRON NOUN AUX,50.23,26.79,28.29,0.75,1.0,1.0,True,True,True,0,0,1,77.31,86.09,100.0,,L'homme que tu vois est mon ami,"Car celui à qui tu regardes, c'est mon compagnon.",0.0,100.0,23.94
333,rule9_valoir_peine_neg,cela ne vaut pas la peine,o tɛ buntu cɛ wà,PRON AUX X NOUN CCONJ,o tɛ sɛ̀gɛn lèle,o tɛ foyi ɲɛ,a nafa tɛ a la,PRON AUX VERB PUNCT,PRON AUX NOUN NOUN,PRON X AUX PRON ADP,11.44,10.83,5.88,1.0,1.0,0.0,True,True,True,0,0,0,36.68,48.39,25.86,,ça n'en vaut pas la peine,cela n'a pas d'importance,0.0,68.76,24.82
334,experiencer_faim,J'ai faim,kɔngɔ bɛ n la,NOUN AUX PRON ADP,kɔ́ngɔ bɛ n la,Kɔngɔ bɛ ne la.,Kɔngɔ bɛ ne la,NOUN AUX PRON ADP,PROPN AUX PRON PUNCT,PROPN AUX PRON ADP,74.98,59.78,61.29,1.0,1.0,1.0,True,True,True,1,0,0,100.0,50.13,73.22,,j'en ai faim,Je suis affamé.,0.0,61.62,13.2
335,experiencer_soif,J'ai soif,jáabi bɛ n la,NOUN AUX PRON ADP,jíminnɔgɔ bɛ n la,Minnɔgɔ bɛ ne la.,Minnɔgɔ bɛ ne la,NOUN AUX PRON ADP,PROPN AUX PRON PUNCT,PROPN AUX PRON ADP,30.03,16.26,16.58,1.0,0.0,1.0,True,True,True,1,0,0,100.0,50.13,73.22,,j'ai soif,Je suis fatigué.,0.0,100.0,12.9
336,experiencer_peur,il a peur,siran bɛ a la,NOUN AUX PRON ADP,a jàpapalen dòn,a bɛ siran,a bɛ siran,PRON X AUX,PRON AUX VERB,PRON AUX VERB,9.6,38.2,38.2,0.0,-1.0,-1.0,False,True,True,0,0,0,22.52,30.67,30.67,,c'est effrayant,il a peur,0.0,5.95,100.0
337,experiencer_honte,elle a honte,maloya bɛ a la,NOUN AUX PRON ADP,a màlolen dòn,a bɛ maloya,a bɛ maloya,PRON X AUX,PRON AUX PUNCT,PRON AUX PUNCT,9.24,50.62,50.62,0.0,-1.0,-1.0,False,True,True,0,0,0,22.52,41.22,41.22,,il est gêné,et il est honteux de ce qu'il a fait.,0.0,8.7,27.69
338,experiencer_sommeil,j'ai sommeil,sùn bɛ n la,NOUN AUX PRON ADP,sùnɔgɔ bɛ n la,ne bɛ sunɔgɔ la,N bɛ sunɔgɔ la,NOUN AUX PRON ADP,PRON AUX VERB ADP,PRON AUX VERB ADP,48.38,17.53,16.01,1.0,1.0,0.333,True,True,True,1,0,0,100.0,36.71,36.71,,je dors,Je suis endormi,0.0,6.67,11.84
339,experiencer_froid,nous avons froid,sɛgi bɛ an la,NOUN AUX PRON ADP,nɛ́nɛ bɛ anw la,an bɛ nɛnɛma,an bɛ nɛnɛ,NOUN AUX PRON ADP,NOUN AUX PUNCT,NOUN AUX VERB,24.53,13.7,12.56,1.0,-1.0,-1.0,True,True,True,1,0,0,100.0,49.54,41.04,,nous avons froid,nous nous réchauffons,0.0,100.0,23.41
340,experiencer_chaud,tu as chaud,teliman bɛ i la,NOUN AUX PRON ADP,gòni bɛ i la,i degunnen bɛ,aw bɛ funteni sɔrɔ,NOUN AUX PRON ADP,PRON NOUN AUX,PRON AUX AUX VERB,28.2,11.85,12.13,1.0,-1.0,0.0,True,False,True,1,0,0,100.0,53.33,31.56,,tu sens la chaleur,tu es opprimé,0.0,20.54,7.3
341,experiencer_faim_neg,je n'ai pas faim,kɔngɔ tɛ n la,NOUN AUX PRON ADP,kɔ́ngɔ tɛ n la,kɔngɔ tɛ ne la,Kɔngɔ tɛ ne la,NOUN AUX PRON ADP,NOUN AUX PRON ADP,PROPN AUX PRON ADP,74.98,74.98,61.29,1.0,1.0,1.0,True,True,True,1,1,0,100.0,100.0,73.22,,je n'ai pas faim,Je n'ai pas faim,0.0,100.0,100.0
342,experiencer_peur_neg,il n'a pas peur,siran tɛ a la,NOUN AUX PRON ADP,a jàpapalen tɛ,a tɛ siran,a tɛ siran,PRON NOUN AUX,PRON AUX PUNCT,PRON AUX PUNCT,18.52,38.2,38.2,-1.0,-1.0,-1.0,False,True,True,0,0,0,53.33,41.22,41.22,,il n'a pas peur,il n'a pas peur,0.0,100.0,100.0
343,experiencer_pain_tete,j'ai mal à la tête,n horon bɛ n dimi,PRON NOUN AUX PRON VERB,n kùn bɛ n dádigi,n kunkolo bɛ n na,Kungolodimi bɛ n na,PRON NOUN AUX PRON PUNCT,PRON NOUN AUX PRON ADP,PROPN AUX PRON ADP,26.93,13.27,25.98,0.0,0.0,-1.0,True,True,True,0,0,0,74.58,76.43,39.97,,J'ai mal à la tête,J'ai la tête sur la tête,0.0,100.0,40.81
344,experiencer_pain_ventre,elle a mal au ventre,a kɔnɔ bɛ a dimi,PRON NOUN AUX PRON VERB,a nàga bɛ a dádigi,a kɔnɔboli bɛ a la,kɔnɔdimi bɛ a la,PRON NOUN AUX PRON VERB,PRON NOUN AUX PRON ADP,NOUN AUX PRON ADP,21.58,41.89,40.09,0.0,0.0,-1.0,True,True,True,1,0,0,100.0,76.43,55.22,,il a des douleurs abdominales,Elle est enceinte.,0.0,15.15,17.55
345,experiencer_pain_pied,il a mal aux pieds,a sew bɛ a dimi,PRON NOUN AUX PRON VERB,a jɔ̀lan bɛ a dádigi,a sen bɛ dimi,a senw tun bɛ dimi,PRON X AUX PRON VERB,PRON NOUN AUX VERB,PRON NOUN AUX AUX VERB,20.97,31.91,30.95,0.0,1.0,1.0,True,True,True,0,0,0,62.53,63.32,61.01,,il a mal aux jambes,ses pieds ont de la douleur,0.0,56.92,23.09
346,freq_tous_les_jours,tous les jours,dón bɛɛ,AUX DET,dóngòw bɛɛ,don o don,don o don,NOUN DET,AUX PRON AUX,AUX PRON AUX,34.33,5.38,5.38,0.0,0.0,0.0,False,False,False,0,0,0,21.13,16.59,16.59,,tous les jours,chaque jour,0.0,100.0,18.75
347,freq_chaque_jour,chaque jour,dón bɛɛ,AUX DET,dóngò ò dóngò,don o don,don o don,X PRON VERB,AUX PRON AUX,AUX PRON AUX,16.05,5.38,5.38,0.0,0.0,0.0,False,False,False,0,0,0,5.05,16.59,16.59,,tous les jours,chaque jour,0.0,21.16,100.0
348,freq_chaque_mois,chaque mois,kalo kelen kelen,NOUN NUM NUM,sélidenninkalo ò sélidenninkalo,kalo o kalo,kalo o kalo,X PRON PUNCT,X PRON ADP,X PRON ADP,20.45,17.95,17.95,0.0,0.0,0.0,False,False,False,0,0,0,8.52,3.47,3.47,,chaque mois,chaque mois,0.0,100.0,100.0
349,freq_chaque_semaine,chaque semaine,dɔgɔkun kelen kelen,PART NUM NUM,dɔ́gɔfurancɛ ò dɔ́gɔfurancɛ,dɔgɔkun o dɔgɔkun,dɔgɔkun o dɔgɔkun,X PRON PUNCT,PART PRON VERB,PART PRON VERB,8.17,32.9,32.9,0.0,0.0,0.0,False,False,False,0,0,0,10.0,19.55,19.55,,chaque semaine,chaque semaine,0.0,100.0,100.0
350,freq_chaque_annee,chaque année,san kelen kelen,NOUN NUM NUM,sàn ò sàn,san san san san san san san san san san san san san san san san san san san san san san san san san san san san san san san san san san san san san san san san san san san san san san san san san san san san san san san san san san san san san san san san san san san san san san san san san san san san san san san san san san san san san san san san san san san san san san san san san san san san san san san san san san san san san san san san san san san san san san san san san san san san san san san,san o san,NOUN DET PUNCT,NOUN NOUN NOUN NOUN NOUN NOUN NOUN NOUN NOUN NOUN NOUN NOUN NOUN NOUN NOUN NOUN NOUN NOUN NOUN NOUN NOUN NOUN NOUN NOUN NOUN NOUN NOUN NOUN NOUN NOUN NOUN NOUN NOUN NOUN NOUN NOUN NOUN NOUN NOUN NOUN NOUN NOUN NOUN NOUN NOUN NOUN NOUN NOUN NOUN NOUN NOUN NOUN NOUN NOUN NOUN NOUN NOUN NOUN NOUN NOUN NOUN NOUN NOUN NOUN NOUN NOUN NOUN NOUN NOUN NOUN NOUN NOUN NOUN NOUN NOUN NOUN NOUN NOUN NOUN NOUN NOUN NOUN NOUN NOUN NOUN NOUN NOUN NOUN NOUN NOUN NOUN NOUN NOUN NOUN NOUN NOUN NOUN NOUN NOUN NOUN NOUN NOUN NOUN NOUN NOUN NOUN NOUN NOUN NOUN NOUN NOUN NOUN NOUN NOUN NOUN NOUN NOUN NOUN NOUN NOUN NOUN NOUN NOUN NOUN NOUN NOUN PUNCT,NOUN DET PUNCT,4.24,1.55,10.44,0.0,0.0,0.0,False,False,False,0,0,0,21.16,2.76,21.16,,chaque année,année année année année année année année année année année année année année année année année année année année année année année année année année année année année année année année année,0.0,100.0,9.4
351,freq_tous_les_matins,tous les matins,sɔgɔma bɛɛ,NOUN DET,sɔ̀gɔmàw bɛɛ,sɔgɔma o sɔgɔma,sɔgɔma o sɔgɔma,NOUN DET,NOUN DET NOUN,NOUN DET NOUN,28.61,44.88,44.88,0.0,0.0,0.0,False,False,False,1,0,0,100.0,83.83,83.83,,chaque matin,"Chaque matin, chaque matin,",0.0,25.14,21.49
352,freq_tous_les_soirs,tous les soirs,wùlafɛ bɛɛ,NOUN DET,fìtirimagɛnw bɛɛ,su o su,wulada o wulada,NOUN DET,NOUN CCONJ NOUN,PART PRON VERB,17.1,0.0,7.0,0.0,0.0,0.0,False,False,False,1,0,0,100.0,23.71,8.33,,soirée ou soirée,chaque nuit,0.0,24.64,5.75
353,freq_vient_tous_les_jours,il vient tous les jours,a bɛ nà dón bɛɛ,PRON AUX NOUN AUX DET,a bɛ nà dóngòw bɛɛ,a bɛ na don o don,a bɛ na don o don,PRON AUX VERB NOUN DET,PRON AUX ADP AUX PRON AUX,PRON AUX ADP AUX PRON AUX,68.18,19.49,19.49,1.0,1.0,1.0,True,True,True,0,0,0,46.04,41.8,41.8,,ça vient tous les jours,il viendra chaque jour,0.0,87.75,31.4
354,freq_mange_chaque_matin,elle mange chaque matin,a bɛ dún sɔgɔma bɛɛ,PRON AUX VERB NOUN DET,a bɛ dúnli kɛ ò sɔ̀gɔmà ò sɔ̀gɔmà,a bɛ dumuni kɛ sɔgɔma o sɔgɔma,a bɛ dumuni kɛ sɔgɔma o sɔgɔma,PRON AUX NOUN VERB DET NOUN DET NOUN,PRON AUX NOUN VERB NOUN DET NOUN,PRON AUX NOUN VERB NOUN DET NOUN,32.77,35.96,35.96,1.0,0.833,0.833,True,True,True,0,0,0,58.16,74.79,74.79,,il mange tous les matins,Il mange chaque matin.,0.0,31.12,78.66
355,freq_travaille_chaque_semaine,nous travaillons chaque semaine,an bɛ báara kɛ dɔgɔkun kelen kelen,NOUN AUX X VERB X NUM NUM,anw bɛ báara la ò dɔ́gɔfurancɛ ò dɔ́gɔfurancɛ,an bɛ baara kɛ dɔgɔkun o dɔgɔkun,an bɛ baara kɛ dɔgɔkun o dɔgɔkun,PRON AUX PROPN ADP CCONJ X PRON PUNCT,NOUN AUX X VERB X PRON VERB,NOUN AUX X VERB X PRON VERB,23.88,48.31,48.31,1.0,0.9,0.9,True,True,True,0,0,0,14.6,62.6,62.6,,nous travaillons chaque semaine,nous travaillons chaque semaine,0.0,100.0,100.0
