#,categorie,phrase_fr,bambara_attendu,bambara_obtenu,statut,french_pos_tree,bambara_pos_tree,french_dep_tree,bambara_dep_tree,google_translate,nllb_translate,google_backtrans_fr,nllb_backtrans_fr,camembert_kuma,camembert_google,camembert_nllb,meteor_kuma,meteor_google,meteor_nllb,bertscore_prf_kuma,bertscore_prf_google,bertscore_prf_nllb
1,equative_sing,Je suis enseignant,N yé karamɔgɔ yé,ń yé kàramɔgɔkɛ yé,FAIL,PRON AUX NOUN,NOUN VERB NOUN ADP,Je/PRON/nsubj->3 suis/AUX/cop->3 enseignant/NOUN/ROOT->0,ń/NOUN/nsubj->2 yé/VERB/root->0 kàramɔgɔkɛ/NOUN/obl->2 yé/ADP/case->3,Ne ye karamɔgɔ ye,Ne ye karamɔgɔ ye,Je suis enseignant,Je suis professeur,1.000,0.756,0.650,0.250,0.125,0.125,1.000|1.000|1.000,0.672|0.698|0.685,0.633|0.646|0.640
2,equative_sing,il est professeur,a yé porofesɛri yé,a yé porofesɛri yé,PASS,PRON AUX NOUN,PRON VERB NOUN ADP,il/PRON/nsubj->3 est/AUX/cop->3 professeur/NOUN/ROOT->0,a/PRON/nsubj->2 yé/VERB/root->0 porofesɛri/NOUN/obl->2 yé/ADP/case->3,a ye karamɔgɔ ye,a ye karamɔgɔ ye,il est professeur,il est professeur,1.000,0.847,0.588,0.992,0.125,0.125,1.000|1.000|1.000,0.715|0.690|0.703,0.555|0.544|0.549
3,equative_sing,Musa est un chasseur,Musa yé donso yé,Musa yé dònso yé,FAIL,PROPN AUX DET NOUN,NOUN VERB NOUN ADP,Musa/PROPN/nsubj->4 est/AUX/cop->4 un/DET/det->4 chasseur/NOUN/ROOT->0,Musa/NOUN/nsubj->2 yé/VERB/root->0 dònso/NOUN/obl->2 yé/ADP/case->3,Musa ye kungotigi ye,Musa ye jagokɛla ye,Moïse est un chasseur,Moïse est un marchand,1.000,0.334,0.374,0.639,0.125,0.125,1.000|1.000|1.000,0.317|0.320|0.318,0.287|0.281|0.284
4,equative_sing,je suis étudiant,n yé kalandenba yé,ń yé kàlandenba yé,FAIL,PRON AUX ADJ,NOUN VERB NOUN ADP,je/PRON/nsubj->3 suis/AUX/cop->3 étudiant/ADJ/ROOT->0,ń/NOUN/nsubj->2 yé/VERB/root->0 kàlandenba/NOUN/obl->2 yé/ADP/case->3,Ne ye kalanden ye,ne ye kalanden ye,Je suis étudiant,Je suis un disciple,1.000,0.847,0.523,0.250,0.000,0.000,1.000|1.000|1.000,0.777|0.814|0.795,0.518|0.516|0.517
5,equative_sing,tu es mon ami,i yé n teri yé,í yé n téri yé,FAIL,PRON AUX DET NOUN,NOUN VERB NOUN ADP,tu/PRON/nsubj->4 es/AUX/cop->4 mon/DET/det->4 ami/NOUN/ROOT->0,í/NOUN/nsubj->2 yé/VERB/root->0 n téri/NOUN/obl->2 yé/ADP/case->3,i ye ne teri ye,i ye ne teri ye,tu es mon ami,tu es mon ami,1.000,0.591,0.482,0.511,0.200,0.200,1.000|1.000|1.000,0.683|0.704|0.693,0.634|0.650|0.642
6,equative_sing,elle est médecin,a yé dɔkɔtɔrɔ yé,a yé medesɛn yé,FAIL,PRON AUX ADJ,PRON VERB NOUN ADP,elle/PRON/nsubj->3 est/AUX/cop->3 médecin/ADJ/ROOT->0,a/PRON/nsubj->2 yé/VERB/root->0 medesɛn/NOUN/obl->2 yé/ADP/case->3,a ye dɔgɔtɔrɔ ye,a ye dɔgɔtɔrɔ ye,il est médecin,il est médecin,1.000,0.764,0.569,0.639,0.125,0.125,1.000|1.000|1.000,0.743|0.767|0.754,0.590|0.587|0.589
7,equative_plur,nous sommes des paysans,ánw yé wúlakɔnɔmɔgɔw yé,ánw yé wúlakɔnɔmɔgɔw yé,PASS,PRON AUX DET NOUN,NOUN VERB NOUN ADP,nous/PRON/nsubj->4 sommes/AUX/cop->4 des/DET/det->4 paysans/NOUN/ROOT->0,ánw/NOUN/nsubj->2 yé/VERB/root->0 wúlakɔnɔmɔgɔw/NOUN/obl->2 yé/ADP/case->3,an ye sɛnɛkɛlaw ye,an ye sɛnɛkɛlaw ye,nous sommes des agriculteurs,nous sommes des agriculteurs,1.000,0.518,0.492,0.992,0.000,0.000,1.000|1.000|1.000,0.559|0.552|0.556,0.563|0.560|0.562
8,equative_plur,Ils sont étudiants,ùw yé kàlandenbaw yé,u yé kàlandenbaw yé,FAIL,PRON AUX NOUN,PRON VERB NOUN ADP,Ils/PRON/nsubj->3 sont/AUX/cop->3 étudiants/NOUN/ROOT->0,u/PRON/nsubj->2 yé/VERB/root->0 kàlandenbaw/NOUN/obl->2 yé/ADP/case->3,U ye kalandenw ye,U ye kalandenw ye,Ce sont des étudiants,Ils furent donc ses disciples.,1.000,0.576,0.360,0.736,0.000,0.000,1.000|1.000|1.000,0.479|0.532|0.504,0.181|0.198|0.189
9,equative_plur,vous êtes des enseignants,aw yé karamɔgɔw yé,áw yé kàramɔgɔkɛw yé,FAIL,PRON AUX DET NOUN,NOUN VERB NOUN ADP,vous/PRON/nsubj->4 êtes/AUX/cop->4 des/DET/det->4 enseignants/NOUN/ROOT->0,áw/NOUN/nsubj->2 yé/VERB/root->0 kàramɔgɔkɛw/NOUN/obl->2 yé/ADP/case->3,aw ye karamɔgɔw ye,aw ye karamɔgɔ ye,vous êtes les professeurs,tu es un maître,1.000,0.507,0.586,0.250,0.250,0.125,1.000|1.000|1.000,0.246|0.254|0.250,0.763|0.753|0.758
10,equative_neg,il n'est pas professeur,a tɛ porofesɛri yé,a tɛ porofesɛri yé,PASS,PRON ADV AUX ADV NOUN,PRON VERB NOUN ADP,il/PRON/expl:subj->5 n'/ADV/advmod->5 est/AUX/cop->5 pas/ADV/advmod->5 professeur/NOUN/ROOT->0,a/PRON/nsubj->2 tɛ/VERB/root->0 porofesɛri/NOUN/obl->2 yé/ADP/case->3,a tɛ karamɔgɔ ye,a tɛ karamɔgɔ ye,il n'est pas professeur,il n'est pas un maître,1.000,0.645,0.637,0.992,0.469,0.469,1.000|1.000|1.000,0.769|0.781|0.775,0.661|0.682|0.671
11,equative_neg,il n'est pas un professeur,a tɛ porofesɛri yé,a tɛ porofesɛri yé,PASS,PRON ADV AUX ADV DET NOUN,PRON VERB NOUN ADP,il/PRON/expl:subj->6 n'/ADV/advmod->6 est/AUX/cop->6 pas/ADV/advmod->6 un/DET/det->6 professeur/NOUN/ROOT->0,a/PRON/nsubj->2 tɛ/VERB/root->0 porofesɛri/NOUN/obl->2 yé/ADP/case->3,a tɛ karamɔgɔ ye,a tɛ karamɔgɔ ye,il n'est pas professeur,il n'est pas un maître,1.000,0.604,0.579,0.992,0.469,0.469,1.000|1.000|1.000,0.793|0.766|0.779,0.655|0.668|0.661
12,equative_neg,il n'est pas un étudiant,a tɛ kàlandenba yé,a tɛ kàlandenba yé,PASS,PRON ADV AUX ADV DET NOUN,PRON VERB NOUN ADP,il/PRON/expl:subj->6 n'/ADV/advmod->6 est/AUX/cop->6 pas/ADV/advmod->6 un/DET/det->6 étudiant/NOUN/ROOT->0,a/PRON/nsubj->2 tɛ/VERB/root->0 kàlandenba/NOUN/obl->2 yé/ADP/case->3,a tɛ kalanden ye,a tɛ kalanden ye,il n'est pas étudiant,il n'est pas un disciple,1.000,0.604,0.489,0.992,0.469,0.469,1.000|1.000|1.000,0.677|0.648|0.662,0.376|0.351|0.363
13,equative_neg,je ne suis pas enseignant,n tɛ karamɔgɔ yé,ń tɛ kàramɔgɔkɛ yé,FAIL,PRON ADV AUX ADV NOUN,NOUN VERB NOUN ADP,je/PRON/nsubj->5 ne/ADV/advmod->5 suis/AUX/cop->5 pas/ADV/advmod->5 enseignant/NOUN/ROOT->0,ń/NOUN/nsubj->2 tɛ/VERB/root->0 kàramɔgɔkɛ/NOUN/obl->2 yé/ADP/case->3,Ne tɛ karamɔgɔ ye,ne tɛ karamɔgɔ ye,je ne suis pas professeur,Je ne suis pas un enseignant,1.000,0.591,0.652,0.250,0.469,0.469,1.000|1.000|1.000,0.615|0.622|0.619,0.652|0.648|0.650
14,equative_neg_nothing,Il n'est rien,a tɛ foyi yé,a tɛ foyi yé,PASS,PRON ADV VERB PRON,PRON VERB NOUN ADP,Il/PRON/expl:subj->4 n'/ADV/advmod->4 est/VERB/cop->4 rien/PRON/ROOT->0,a/PRON/nsubj->2 tɛ/VERB/root->0 foyi/NOUN/obl->2 yé/ADP/case->3,Ale tɛ foyi ye,A tɛ foyi ye,Il n'est rien,Il n'y a rien,1.000,0.498,0.546,0.992,0.469,0.736,1.000|1.000|1.000,0.476|0.512|0.493,0.519|0.524|0.522
15,equative_neg,ce n'est pas vrai,o tɛ tiɲɛ yé,o tɛ làkika yé,FAIL,PRON ADV AUX ADV ADJ,NOUN VERB NOUN ADP,ce/PRON/expl:subj->5 n'/ADV/advmod->5 est/AUX/cop->5 pas/ADV/advmod->5 vrai/ADJ/ROOT->0,o/NOUN/nsubj->2 tɛ/VERB/root->0 làkika/NOUN/obl->2 yé/ADP/case->3,nin tɛ tiɲɛ ye,o tɛ tiɲɛ ye,ce n'est pas vrai,ce n'est pas vrai,1.000,0.514,0.605,0.639,0.469,0.736,1.000|1.000|1.000,0.234|0.254|0.244,0.471|0.457|0.464
16,equative_past,il était professeur,a tùn yé porofesɛri yé,a tùn yé porofesɛri yé,PASS,PRON AUX NOUN,PRON NOUN ADP,il/PRON/nsubj->3 était/AUX/cop->3 professeur/NOUN/ROOT->0,a/PRON/nsubj->0 porofesɛri/NOUN/obl->0 yé/ADP/case->2,a tun ye karamɔgɔ ye,a tun ye karamɔgɔ ye,il était professeur,il était professeur,1.000,0.886,0.588,0.996,0.100,0.100,1.000|1.000|1.000,0.718|0.720|0.719,0.554|0.562|0.558
17,equative_past,j'étais étudiant,n tùn yé kalandenba yé,n tùn yé kàlandenba yé,FAIL,PRON AUX NOUN,PRON NOUN ADP,j'/PRON/nsubj->3 étais/AUX/cop->3 étudiant/NOUN/ROOT->0,n/PRON/nsubj->0 kàlandenba/NOUN/obl->0 yé/ADP/case->2,Ne tun ye kalanden ye,ne tun ye kalanden ye,j'étais étudiant,j'étais un disciple,1.000,0.739,0.426,0.750,0.000,0.000,1.000|1.000|1.000,0.631|0.653|0.642,0.338|0.326|0.332
18,equative_past_neg,il n'était pas étudiant,a tùn tɛ kalandenba yé,a tùn tɛ kàlandenba yé,FAIL,PRON ADV AUX ADV ADJ,PRON NOUN ADP,il/PRON/nsubj->5 n'/ADV/advmod->5 était/AUX/cop->5 pas/ADV/advmod->5 étudiant/ADJ/ROOT->0,a/PRON/nsubj->0 kàlandenba/NOUN/obl->0 yé/ADP/case->2,a tun tɛ kalanden ye,a tun tɛ kalanden ye,il n'était pas étudiant,il n'était pas un disciple,1.000,0.669,0.529,0.750,0.200,0.200,1.000|1.000|1.000,0.693|0.702|0.698,0.338|0.332|0.335
19,locative,Je suis en route,n bɛ síraden la,ń bɛ síraden la,FAIL,PRON AUX ADP NOUN,NOUN VERB NOUN ADP,Je/PRON/nsubj->4 suis/AUX/cop->4 en/ADP/case->4 route/NOUN/ROOT->0,ń/NOUN/nsubj->2 bɛ/VERB/root->0 síraden/NOUN/obl->2 la/ADP/case->3,N bɛ n ka sira kan,Ne bɛ taa,je suis en route,Je vais partir,1.000,0.470,0.371,0.736,0.238,0.128,1.000|1.000|1.000,0.400|0.410|0.405,0.570|0.579|0.575
20,locative,Musa est au village,Musa bɛ dùgu la,Musa bɛ dùgu la,PASS,PROPN VERB ADP NOUN,NOUN VERB NOUN ADP,Musa/PROPN/nsubj->2 est/VERB/ROOT->0 au/ADP/case->4 village/NOUN/obl:arg->2,Musa/NOUN/nsubj->2 bɛ/VERB/root->0 dùgu/NOUN/obl->2 la/ADP/case->3,Musa bɛ dugu kɔnɔ,Musa bɛ dugu la,Moïse est dans la ville,Moïse est dans la ville.,1.000,0.559,0.405,0.992,0.469,0.639,1.000|1.000|1.000,0.383|0.408|0.395,0.313|0.316|0.315
21,locative_plur,Les enfants sont en route,dɔgɔw bɛ síraden la,dén bɛ síraden la,FAIL,DET NOUN AUX ADP NOUN,NOUN VERB NOUN ADP,Les/DET/det->2 enfants/NOUN/nsubj->5 sont/AUX/cop->5 en/ADP/case->5 route/NOUN/ROOT->0,dén/NOUN/nsubj->2 bɛ/VERB/root->0 síraden/NOUN/obl->2 la/ADP/case->3,Denmisɛnw bɛ sira kan,Denmisɛnw bɛ sira kan,Les enfants sont en route,Les enfants sont dans la rue,1.000,0.510,0.440,0.736,0.125,0.125,1.000|1.000|1.000,0.639|0.636|0.638,0.466|0.460|0.463
22,locative_plur,Ils sont aux portes,u bɛ bóndaw la,u bɛ kónw la,FAIL,PRON VERB ADP NOUN,PRON VERB NOUN ADP,Ils/PRON/nsubj->2 sont/VERB/ROOT->0 aux/ADP/case->4 portes/NOUN/obl:arg->2,u/PRON/nsubj->2 bɛ/VERB/root->0 kónw/NOUN/obl->2 la/ADP/case->3,U bɛ daaw da la,U bɛ da la,Ils sont aux portes,Ils sont à la porte,1.000,0.401,0.437,0.639,0.623,0.639,1.000|1.000|1.000,0.216|0.207|0.211,0.496|0.484|0.490
23,locative,je suis à la maison,n bɛ so,ń bɛ só la,FAIL,PRON VERB ADP DET NOUN,NOUN VERB NOUN ADP,je/PRON/nsubj->2 suis/VERB/ROOT->0 à/ADP/case->5 la/DET/det->5 maison/NOUN/obl:arg->2,ń/NOUN/nsubj->2 bɛ/VERB/root->0 só/NOUN/obl->2 la/ADP/case->3,N bɛ so kɔnɔ,ne bɛ so,je suis à la maison,je suis à la maison,1.000,0.474,0.427,0.161,0.950,0.625,1.000|1.000|1.000,0.196|0.198|0.197,0.458|0.460|0.459
24,locative_plur,nous sommes au marché,anw bɛ súgu la,ánw bɛ dɔ́gɔ la,FAIL,PRON VERB ADP NOUN,NOUN VERB NOUN ADP,nous/PRON/nsubj->2 sommes/VERB/ROOT->0 au/ADP/case->4 marché/NOUN/obl:arg->2,ánw/NOUN/nsubj->2 bɛ/VERB/root->0 dɔ́gɔ/NOUN/obl->2 la/ADP/case->3,an bɛ sugu la,an bɛ sugu la,nous sommes sur le marché,nous sommes sur le marché,1.000,0.452,0.612,0.250,0.250,0.250,1.000|1.000|1.000,0.236|0.225|0.230,0.707|0.716|0.711
25,locative,il est au champ,a bɛ foro la,a bɛ fòro la,FAIL,PRON VERB ADP NOUN,PRON VERB NOUN ADP,il/PRON/nsubj->2 est/VERB/ROOT->0 au/ADP/case->4 champ/NOUN/obl:arg->2,a/PRON/nsubj->2 bɛ/VERB/root->0 fòro/NOUN/obl->2 la/ADP/case->3,a bɛ foro la,a bɛ foro la,il est sur le terrain,il est dans un champ,1.000,0.731,0.446,0.639,0.992,0.992,1.000|1.000|1.000,0.636|0.636|0.636,0.555|0.522|0.538
26,locative,elle est à l'école,a bɛ lakɔli la,a bɛ làkɔli la,FAIL,PRON VERB ADP DET NOUN,PRON VERB NOUN ADP,elle/PRON/nsubj->2 est/VERB/ROOT->0 à/ADP/case->5 l'/DET/det->5 école/NOUN/obl:arg->2,a/PRON/nsubj->2 bɛ/VERB/root->0 làkɔli/NOUN/obl->2 la/ADP/case->3,a bɛ lakɔli la,a bɛ lakɔli la,il est à l'école,il est à l'école,1.000,0.631,0.427,0.639,0.992,0.992,1.000|1.000|1.000,0.578|0.559|0.568,0.434|0.448|0.441
27,locative_neg,il n'est pas à la maison,a tɛ so,a tɛ só la,FAIL,PRON ADV VERB ADV ADP DET NOUN,PRON VERB NOUN ADP,il/PRON/expl:subj->3 n'/ADV/advmod->3 est/VERB/ROOT->0 pas/ADV/advmod->3 à/ADP/case->7 la/DET/det->7 maison/NOUN/obl:arg->3,a/PRON/nsubj->2 tɛ/VERB/root->0 só/NOUN/obl->2 la/ADP/case->3,a tɛ so kɔnɔ,a tɛ so kɔnɔ,il n'est pas à la maison,il n'est pas à la maison,1.000,0.546,0.479,0.605,0.950,0.950,1.000|1.000|1.000,0.348|0.369|0.358,0.338|0.336|0.337
28,locative_neg,je ne suis pas au marché,n tɛ súgu la,ń tɛ dɔ́gɔ la,FAIL,PRON ADV VERB ADV ADP NOUN,NOUN VERB NOUN ADP,je/PRON/nsubj->3 ne/ADV/advmod->3 suis/VERB/ROOT->0 pas/ADV/advmod->3 au/ADP/case->6 marché/NOUN/obl:arg->3,ń/NOUN/nsubj->2 tɛ/VERB/root->0 dɔ́gɔ/NOUN/obl->2 la/ADP/case->3,N tε sugu la,ne tɛ sugu la,je ne suis pas sur le marché,je ne suis pas au marché,1.000,0.451,0.594,0.250,0.250,0.250,1.000|1.000|1.000,0.229|0.238|0.233,0.678|0.652|0.665
29,qualitative,je suis belle,n ka cɛ̀ɲi,ń ka yɛ̀gɛbɛ,FAIL,PRON AUX ADJ,NOUN AUX VERB,je/PRON/nsubj->3 suis/AUX/cop->3 belle/ADJ/ROOT->0,ń/NOUN/nsubj->3 ka/AUX/aux->3 yɛ̀gɛbɛ/VERB/root->0,Ne cɛ ka ɲi,ne cɛ ka ɲi,je suis belle,mon homme est beau,0.814,0.533,0.356,0.167,0.161,0.161,0.776|0.780|0.778,0.516|0.537|0.526,0.323|0.317|0.320
30,qualitative,le cheval est rapide,sò ka téli,sò ka téli,PASS,DET NOUN AUX ADJ,NOUN ADP NOUN,le/DET/det->2 cheval/NOUN/nsubj->4 est/AUX/cop->4 rapide/ADJ/ROOT->0,sò/NOUN/nmod:poss->3 ka/ADP/case->1 téli/NOUN/root->0,sow bɛ teliya,so bɛ teliya,les chevaux sont plus rapides,la maison est en train de se dépêcher,1.000,0.357,0.279,0.981,0.000,0.000,1.000|1.000|1.000,0.292|0.284|0.288,0.309|0.283|0.295
31,qualitative,La maison est loin,só ka póroo,só ka póroo,PASS,DET NOUN AUX ADV,NOUN ADP INTJ,La/DET/det->2 maison/NOUN/nsubj->4 est/AUX/cop->4 loin/ADV/ROOT->0,só/NOUN/root->0 ka/ADP/case->1 póroo/INTJ/discourse->1,So yɔrɔ ka jan,So bɛ yɔrɔ jan,La maison est loin,La maison est loin,1.000,0.680,0.201,0.981,0.161,0.000,1.000|1.000|1.000,0.602|0.609|0.606,0.504|0.519|0.511
32,qualitative_plur,Les maisons sont loin,sów ka póroo,sów ka póroo,PASS,DET NOUN AUX ADV,NOUN ADP INTJ,Les/DET/det->2 maisons/NOUN/nsubj->4 sont/AUX/cop->4 loin/ADV/ROOT->0,sów/NOUN/root->0 ka/ADP/case->1 póroo/INTJ/case->1,Sow yɔrɔ ka jan,Sow bɛ yɔrɔ jan,Les maisons sont loin,Les maisons sont loin,1.000,0.490,0.195,0.981,0.161,0.000,1.000|1.000|1.000,0.358|0.428|0.390,0.433|0.435|0.434
33,qualitative,l'eau est chaude,jí ká gàn,jí ka gòni,FAIL,DET NOUN AUX ADJ,NOUN ADP NOUN,l'/DET/det->2 eau/NOUN/nsubj->4 est/AUX/cop->4 chaude/ADJ/ROOT->0,jí/NOUN/nmod:poss->3 ka/ADP/case->1 gòni/NOUN/root->0,ji ka suma,ji bɛ funteni na,l'eau est chaude,l'eau est chaude,1.000,0.479,0.542,0.000,0.000,0.000,1.000|1.000|1.000,0.457|0.443|0.450,0.783|0.796|0.789
34,qualitative,la route est longue,síraden ka jàn,síraden ka jàn,PASS,DET NOUN AUX ADJ,NOUN AUX VERB,la/DET/det->2 route/NOUN/nsubj->4 est/AUX/cop->4 longue/ADJ/ROOT->0,síraden/NOUN/nsubj->3 ka/AUX/aux->3 jàn/VERB/root->0,sira ka jan,sira ka jan,la route est longue,le chemin est long,1.000,0.390,0.369,0.981,0.167,0.167,1.000|1.000|1.000,0.406|0.396|0.401,0.457|0.411|0.433
35,qualitative_neg,tu n'es pas bien,i mán ɲi,í man kóɲuman,FAIL,PRON ADV AUX ADV ADV,NOUN AUX NOUN,tu/PRON/nsubj->5 n'/ADV/advmod->5 es/AUX/cop->5 pas/ADV/advmod->5 bien/ADV/ROOT->0,í/NOUN/nmod:poss->3 man/AUX/aux->3 kóɲuman/NOUN/root->0,aw tɛ kɛnɛya la,i ka kɛnɛ tɛ,tu n'es pas en bonne santé,ta lumière n'est pas,1.000,0.283,0.446,0.000,0.000,0.161,1.000|1.000|1.000,0.351|0.361|0.356,0.188|0.205|0.196
36,qualitative_neg,la maison n'est pas grande,só man bòn,só man bòn,PASS,DET NOUN ADV AUX ADV ADJ,NOUN AUX VERB,la/DET/det->2 maison/NOUN/nsubj->6 n'/ADV/advmod->6 est/AUX/cop->6 pas/ADV/advmod->6 grande/ADJ/ROOT->0,só/NOUN/nsubj->3 man/AUX/aux->3 bòn/VERB/root->0,so man bon,so tɛ bonba ye,donc l'homme est bon,la maison n'est pas grande,1.000,0.361,0.566,0.981,0.167,0.000,1.000|1.000|1.000,0.419|0.300|0.350,0.768|0.707|0.736
37,qualitative_past,la route était longue,síraden tùn ka jàn,síraden tùn ka jàn,PASS,DET NOUN AUX ADJ,NOUN ADV AUX VERB,la/DET/det->2 route/NOUN/nsubj->4 était/AUX/cop->4 longue/ADJ/ROOT->0,síraden/NOUN/nsubj->4 tùn/ADV/obl->1 ka/AUX/aux->4 jàn/VERB/root->0,sira tun ka jan,sira tun ka jan,la route était longue,le chemin était long,1.000,0.490,0.369,0.992,0.125,0.125,1.000|1.000|1.000,0.445|0.467|0.456,0.506|0.488|0.497
38,qualitative_past_neg,il n'était pas bien,a tùn mán ɲi,a tùn ma kóɲuman,FAIL,PRON ADV AUX ADV ADV,PRON ADV AUX NOUN,il/PRON/expl:subj->5 n'/ADV/advmod->5 était/AUX/cop->5 pas/ADV/advmod->5 bien/ADV/ROOT->0,a/PRON/nmod:poss->4 tùn/ADV/case->1 ma/AUX/aux->4 kóɲuman/NOUN/root->0,a tun man kɛnɛ,a tun man ɲi,il n'était pas en bonne santé,il n'était pas bon,1.000,0.483,0.349,0.469,0.125,0.250,1.000|1.000|1.000,0.167|0.134|0.149,0.376|0.401|0.388
39,statif,je suis sûre de ça,ń jɛ́len dòn o la,ń jɛ́len dòn o la,PASS,PRON AUX ADJ ADP PRON,NOUN AUX,je/PRON/nsubj->3 suis/AUX/cop->3 sûre/ADJ/ROOT->0 de/ADP/case->5 ça/PRON/obl:arg->3,ń/NOUN/nsubj->0 dòn/AUX/aux->0,N dalen b'o la,ne jɛyalen bɛ a la,j'y crois,Je suis plein de confiance en lui.,0.965,0.349,0.407,0.996,0.102,0.100,0.964|0.941|0.952,0.210|0.186|0.197,0.326|0.352|0.338
40,statif_plur,Les maisons sont sûres,sów jɛ́len dòn,sów jɛ́len dòn,PASS,DET NOUN AUX ADJ,NOUN AUX,Les/DET/det->2 maisons/NOUN/nsubj->4 sont/AUX/cop->4 sûres/ADJ/ROOT->0,sów/NOUN/nsubj->0 dòn/AUX/aux->0,Sow lakananen don,Bonw bɛ se ka kɛ yɔrɔ ɲumanw ye,Les bâtiments sont sécuritaires,Les maisons peuvent être des lieux de bien-être,0.956,0.301,0.291,0.981,0.000,0.000,0.970|0.942|0.956,0.256|0.264|0.260,0.367|0.408|0.386
41,past_intransitive,C'est cuit,o mɔnna,nin tóbira,FAIL,PRON AUX ADJ,NOUN VERB,C'/PRON/expletive->3 est/AUX/cop->3 cuit/ADJ/ROOT->0,nin/NOUN/nsubj->2 tóbira/VERB/root->0,A tobilen don,A bɛ tobi,C'est cuit pour,Il cuisine,0.938,0.576,0.333,0.000,0.000,0.000,0.897|0.897|0.897,0.566|0.576|0.571,0.367|0.371|0.369
42,past_intransitive_plur,Les viandes sont cuites,sɔgɔw mɔnna,sògow tóbilen dòn,FAIL,DET NOUN AUX VERB,NOUN ADJ VERB,Les/DET/det->2 viandes/NOUN/nsubj:pass->4 sont/AUX/aux:pass->4 cuites/VERB/ROOT->0,sògow/NOUN/nsubj->3 tóbilen/ADJ/amod->1 dòn/VERB/root->0,Sogow bɛ tobi,Dumuni bɛ tobi,La viande est cuite,La nourriture est cuite,1.000,0.479,0.290,0.000,0.000,0.000,1.000|1.000|1.000,0.525|0.565|0.544,0.374|0.357|0.365
43,past_intransitive,il est parti,o fáɲira,a fáɲira,FAIL,PRON AUX VERB,PRON VERB,il/PRON/nsubj->3 est/AUX/aux:tense->3 parti/VERB/ROOT->0,a/PRON/nsubj->2 fáɲira/VERB/root->0,a bɔra yen,a taara,il a été expulsé de là,Il s'en alla,1.000,0.454,0.314,0.250,0.000,0.000,1.000|1.000|1.000,0.209|0.240|0.223,0.279|0.266|0.273
44,past_intransitive,elle est tombée,a bìnna,a bìnna,PASS,PRON AUX VERB,PRON VERB,elle/PRON/nsubj->3 est/AUX/aux:tense->3 tombée/VERB/ROOT->0,a/PRON/nsubj->2 bìnna/VERB/root->0,a binna,a binna,il est tombé,il est tombé,1.000,0.347,0.378,0.938,0.250,0.250,1.000|1.000|1.000,0.186|0.184|0.185,0.592|0.585|0.588
45,past_intransitive_plur,ils sont arrivés,ùw sera,u séra,FAIL,PRON AUX VERB,PRON VERB,ils/PRON/nsubj->3 sont/AUX/aux:tense->3 arrivés/VERB/ROOT->0,u/PRON/nsubj->2 séra/VERB/root->0,u sera yen,u sera,ils y sont arrivés,ils sont arrivés,1.000,0.242,0.436,0.000,0.238,0.250,1.000|1.000|1.000,0.295|0.306|0.300,0.686|0.628|0.656
46,past_transitive,Musa a mangé le riz,Musa yé màlo dún,Musa ye màlo dún,FAIL,PROPN AUX VERB DET NOUN,NOUN AUX NOUN VERB,Musa/PROPN/nsubj->3 a/AUX/aux:tense->3 mangé/VERB/ROOT->0 le/DET/det->5 riz/NOUN/obj->3,Musa/NOUN/nsubj->4 ye/AUX/aux->4 màlo/NOUN/obj->4 dún/VERB/root->0,Musa ye tiga dun,Musa ye shɛfan dun,Moïse a mangé le riz,Moïse mangea le bois de la vigne,1.000,0.440,0.399,0.639,0.125,0.125,1.000|1.000|1.000,0.517|0.503|0.510,0.464|0.432|0.447
47,past_transitive,J'ai acheté des pagnes,n yé fìníw sàn,n ye tàafew sàn,FAIL,PRON AUX VERB DET NOUN,PRON AUX NOUN VERB,J'/PRON/nsubj->3 ai/AUX/aux:tense->3 acheté/VERB/ROOT->0 des/DET/det->5 pagnes/NOUN/obj->3,n/PRON/nsubj->4 ye/AUX/aux->4 tàafew/NOUN/obj->4 sàn/VERB/root->0,N ye wuluwuluw san,Ne ye fini dɔw san,j'ai acheté des plumes,J'ai acheté des vêtements,1.000,0.170,0.263,0.250,0.125,0.000,1.000|1.000|1.000,0.129|0.126|0.127,0.350|0.333|0.341
48,past_transitive,tu as vu l'homme,i yé cɛ yé,í ye mɔ̀gɔ yé,FAIL,PRON AUX VERB DET NOUN,NOUN AUX NOUN VERB,tu/PRON/nsubj->3 as/AUX/aux:tense->3 vu/VERB/ROOT->0 l'/DET/det->5 homme/NOUN/obj->3,í/NOUN/nsubj->4 ye/AUX/aux->4 mɔ̀gɔ/NOUN/obj->4 yé/VERB/root->0,i ye cɛ in ye,i ye nin cɛ ye,tu es le gars,Tu es cet homme,1.000,0.334,0.399,0.125,0.244,0.244,1.000|1.000|1.000,0.393|0.375|0.384,0.324|0.327|0.326
49,past_transitive,elle a bu de l'eau,a yé jí mìn,a ye jí mìn,FAIL,PRON AUX VERB ADP DET NOUN,PRON AUX NOUN VERB,elle/PRON/nsubj->3 a/AUX/aux:tense->3 bu/VERB/ROOT->0 de/ADP/det->6 l'/DET/fixed->4 eau/NOUN/obj->3,a/PRON/nsubj->4 ye/AUX/aux->4 jí/NOUN/obj->4 mìn/VERB/root->0,a ye ji min,a ye ji min,il a bu de l'eau,il a bu de l'eau,1.000,0.471,0.316,0.639,0.125,0.125,1.000|1.000|1.000,0.448|0.435|0.441,0.444|0.448|0.446
50,past_transitive_plur,nous avons mangé le riz,anw yé màlo dún,ánw ye màlo dún,FAIL,PRON AUX VERB DET NOUN,NOUN AUX NOUN VERB,nous/PRON/nsubj->3 avons/AUX/aux:tense->3 mangé/VERB/ROOT->0 le/DET/det->5 riz/NOUN/obj->3,ánw/NOUN/nsubj->4 ye/AUX/aux->4 màlo/NOUN/obj->4 dún/VERB/root->0,an ye tiga dun,an ye arisi dun,nous avons mangé du riz,nous avons mangé du riz,1.000,0.472,0.538,0.469,0.000,0.000,1.000|1.000|1.000,0.514|0.503|0.508,0.565|0.545|0.555
51,past_transitive_plur,ils ont construit la maison,u ye só gòsi,u ye só gòsi,PASS,PRON AUX VERB DET NOUN,PRON AUX NOUN VERB,ils/PRON/nsubj->3 ont/AUX/aux:tense->3 construit/VERB/ROOT->0 la/DET/det->5 maison/NOUN/obj->3,u/PRON/nsubj->4 ye/AUX/aux->4 só/NOUN/obj->4 gòsi/VERB/root->0,u ye so jɔ,u ye so jɔ,ils ont construit la maison,ils ont construit une maison,1.000,0.404,0.235,0.992,0.469,0.469,1.000|1.000|1.000,0.549|0.547|0.548,0.675|0.643|0.659
52,relative_topic,L'homme que tu as vu hier est parti,"i yé cɛ mìn yé kúnùn, o fáɲira","í ye mɔ̀gɔ mìn yé kúnùn, o fáɲira",FAIL,DET NOUN PRON PRON AUX VERB ADV AUX VERB,NOUN AUX NOUN VERB NOUN ADV PUNCT PRON VERB,L'/DET/det->2 homme/NOUN/nsubj->9 que/PRON/obj->6 tu/PRON/nsubj->6 as/AUX/aux:tense->6 vu/VERB/acl:relcl->2 hier/ADV/advmod->6 est/AUX/aux:tense->9 parti/VERB/ROOT->0,"í/NOUN/nsubj->4 ye/AUX/aux->4 mɔ̀gɔ/NOUN/obj->4 mìn/VERB/root->0 yé/NOUN/obl->4 kúnùn/ADV/case->5 ,/PUNCT/punct->4 o/PRON/nsubj->9 fáɲira/VERB/parataxis->4","I ye cɛ min ye kunun, o tɛ yen tugun","I ye cɛ min ye kunu, o taara",L'homme que tu as vu hier est parti,L'homme que tu as vu hier est parti,1.000,0.471,0.276,0.623,0.183,0.188,1.000|1.000|1.000,0.320|0.303|0.311,0.314|0.307|0.310
53,noun_phrase_have_material,J'ai de l'argent,wárí bɛ n bóló,wári bɛ n bóló,FAIL,PRON VERB ADP DET NOUN,NOUN VERB PRON NOUN,J'/PRON/nsubj->2 ai/VERB/ROOT->0 de/ADP/det->5 l'/DET/fixed->3 argent/NOUN/obj->2,wári/NOUN/nsubj->2 bɛ/VERB/root->0 n/PRON/nmod:poss->4 bóló/NOUN/parataxis:obj->2,Wari bɛ ne bolo,wari bɛ ne fɛ,j'ai l'argent,J'ai de l'argent avec moi,0.895,0.438,0.414,0.736,0.125,0.125,0.812|0.812|0.812,0.356|0.365|0.360,0.507|0.549|0.527
54,noun_phrase_have_material,il a une voiture,wátiri bɛ a bóló,wátiri bɛ a bóló,PASS,PRON VERB DET NOUN,NOUN VERB PRON NOUN,il/PRON/nsubj->2 a/VERB/ROOT->0 une/DET/det->4 voiture/NOUN/obj->2,wátiri/NOUN/nsubj->2 bɛ/VERB/root->0 a/PRON/nmod:poss->4 bóló/NOUN/obl->2,mobili b' a bolo,mobili bɛ a fɛ,il a une voiture,il a une voiture avec lui,0.868,0.458,0.487,0.992,0.125,0.469,0.730|0.730|0.730,0.199|0.222|0.210,0.516|0.515|0.516
55,noun_phrase_have_material_plur,Ils ont des voitures,móbiliw bɛ ùw bóló,wátiriw bɛ u bóló,FAIL,PRON VERB DET NOUN,NOUN VERB PRON NOUN,Ils/PRON/nsubj->2 ont/VERB/ROOT->0 des/DET/det->4 voitures/NOUN/obj->2,wátiriw/NOUN/nsubj->2 bɛ/VERB/root->0 u/PRON/nmod:poss->4 bóló/NOUN/obl->2,Mobiliw b’u bolo,Mobiliw bɛ u fɛ,Ils ont des voitures,Ils ont des voitures,0.868,0.353,0.403,0.250,0.000,0.125,0.730|0.730|0.730,0.337|0.268|0.298,0.457|0.461|0.459
56,noun_phrase_have_material,tu as un couteau,mùru bɛ i bóló,mùru bɛ í fɛ,FAIL,PRON VERB DET NOUN,PROPN VERB NOUN DET,tu/PRON/nsubj->2 as/VERB/ROOT->0 un/DET/det->4 couteau/NOUN/obj->2,mùru/PROPN/nsubj->2 bɛ/VERB/root->0 í/NOUN/obl->2 fɛ/DET/det->3,i bɛ ni muru ye,npan b'i bolo,tu as un couteau,tu as une épée à la main,0.836,0.558,0.207,0.469,0.244,0.000,0.839|0.809|0.824,0.617|0.644|0.630,0.243|0.236|0.239
57,noun_phrase_have_age,Quel âge as-tu ?,i bɛ saan jùmɛn la ?,í bɛ saan jùmɛn la ?,FAIL,DET NOUN AUX PUNCT PRON VERB,NOUN AUX VERB NOUN ADP PUNCT,Quel/DET/det->2 âge/NOUN/nsubj->3 as/AUX/ROOT->0 -/PUNCT/punct->3 tu/PRON/nsubj->3 ?/VERB/punct->3,í/NOUN/nsubj->3 bɛ/AUX/aux->3 saan/VERB/root->0 jùmɛn/NOUN/obl->3 la/ADP/case->4 ?/PUNCT/punct->3,I ye san joli ye?,I bɛ san jumɛnw na?,Quel âge as-tu?,Quel est ton âge ?,1.000,0.390,0.285,0.794,0.100,0.375,1.000|1.000|1.000,0.342|0.338|0.340,0.213|0.220|0.216
58,noun_phrase_have_material_neg,elle n'a pas d'argent,wárí tɛ a bóló,wári tɛ a bóló,FAIL,PRON ADV VERB ADV DET NOUN,NOUN VERB PRON NOUN,elle/PRON/nsubj->3 n'/ADV/advmod->3 a/VERB/ROOT->0 pas/ADV/advmod->3 d'/DET/det->6 argent/NOUN/obj->3,wári/NOUN/nsubj->2 tɛ/VERB/root->0 a/PRON/nmod:poss->4 bóló/NOUN/obl->2,wari t' a bolo,wari tɛ a fɛ,il n'a pas d'argent,il n'a pas d'argent,0.912,0.479,0.476,0.736,0.125,0.469,0.843|0.843|0.843,0.373|0.345|0.359,0.480|0.485|0.482
59,noun_phrase_have_abstract,J'ai un frère,bálimakɛ bɛ n fɛ,bálima bɛ n fɛ,FAIL,PRON VERB DET NOUN,NOUN VERB PRON NOUN,J'/PRON/nsubj->2 ai/VERB/ROOT->0 un/DET/det->4 frère/NOUN/obj->2,bálima/NOUN/nsubj->2 bɛ/VERB/root->0 n/PRON/nmod:poss->4 fɛ/NOUN/parataxis:obj->2,Balimakɛ dɔ bɛ ne fɛ,Balimacɛ dɔ bɛ ne fɛ,j'ai un frère avec moi,J'ai un frère avec moi.,0.868,0.445,0.523,0.736,0.244,0.244,0.817|0.819|0.818,0.360|0.414|0.385,0.489|0.520|0.504
60,noun_phrase_have_abstract,J'ai une sœur,bálimamuso bɛ n fɛ,bálimamuso bɛ n fɛ,PASS,PRON VERB DET NOUN,NOUN VERB PRON NOUN,J'/PRON/nsubj->2 ai/VERB/ROOT->0 une/DET/det->4 sœur/NOUN/obj->2,bálimamuso/NOUN/nsubj->2 bɛ/VERB/root->0 n/PRON/nmod:poss->4 fɛ/NOUN/parataxis:obj->2,Balimamuso dɔ bɛ n bolo,Ne dɔgɔmuso bɛ yen.,j'ai une belle-sœur,Il y a ma sœur.,0.846,0.375,0.472,0.992,0.457,0.125,0.806|0.810|0.808,0.399|0.432|0.415,0.492|0.543|0.516
61,noun_phrase_have_abstract_plur,J'ai des frères et sœurs,bálimakɛw ni bálimamusow bɛ n fɛ,bálimaw ni bálimamuso bɛ n fɛ,FAIL,PRON VERB DET NOUN CCONJ NOUN,NOUN CCONJ NOUN VERB PRON NOUN,J'/PRON/nsubj->2 ai/VERB/ROOT->0 des/DET/det->4 frères/NOUN/obj->2 et/CCONJ/cc->6 sœurs/NOUN/conj->4,bálimaw/NOUN/nsubj->4 ni/CCONJ/cc->3 bálimamuso/NOUN/conj->1 bɛ/VERB/root->0 n/PRON/nmod:poss->6 fɛ/NOUN/parataxis:obj->4,Balimakɛw ni balimamusow bɛ ne fɛ,Balimaw ni balimamusow bɛ ne fɛ,J'ai des frères et sœurs,"et les frères et sœurs qui sont avec moi,",0.897,0.377,0.415,0.625,0.250,0.250,0.848|0.852|0.850,0.519|0.536|0.528,0.631|0.603|0.617
62,volitif,J'aime manger,n bɛ dúnli kànuya,n bɛ dúnli kànu,FAIL,PRON VERB VERB,PRON AUX NOUN VERB,J'/PRON/nsubj->2 aime/VERB/ROOT->0 manger/VERB/xcomp->2,n/PRON/nsubj->4 bɛ/AUX/aux->4 dúnli/NOUN/obj->4 kànu/VERB/root->0,Dumuni ka di n ye,Dumuni ka di ne ye,J'aime la nourriture,J'aime la nourriture,1.000,0.176,0.174,0.736,0.122,0.000,1.000|1.000|1.000,0.371|0.426|0.396,0.424|0.469|0.446
63,noun_phrase_have_abstract,il a de la chance,gàrijɛgɛ bɛ a fɛ,gàrijɛgɛ bɛ a fɛ,PASS,PRON VERB ADP DET NOUN,NOUN VERB PRON VERB,il/PRON/nsubj->2 a/VERB/ROOT->0 de/ADP/det->5 la/DET/fixed->3 chance/NOUN/obj->2,gàrijɛgɛ/NOUN/nsubj->2 bɛ/VERB/root->0 a/PRON/nsubj->4 fɛ/VERB/ccomp->2,a ye hɛrɛ sɔrɔ,a ye numuya ye,il était en paix,c'est une douceur,0.895,0.623,0.209,0.992,0.125,0.125,0.818|0.816|0.817,0.238|0.239|0.239,0.142|0.145|0.144
64,noun_phrase_have_abstract_neg,elle n'a pas de frère,bálimakɛ tɛ a fɛ,bálima tɛ a fɛ,FAIL,PRON ADV VERB ADV DET NOUN,NOUN VERB PRON DET,elle/PRON/nsubj->3 n'/ADV/advmod->3 a/VERB/ROOT->0 pas/ADV/advmod->3 de/DET/det->6 frère/NOUN/obj->3,bálima/NOUN/nsubj->2 tɛ/VERB/root->0 a/PRON/obl->2 fɛ/DET/det->3,balimakɛ t'a fɛ,balimakɛ tɛ a fɛ,il n'a pas de frère,Il n'a pas de frère,0.912,0.448,0.555,0.736,0.128,0.736,0.840|0.841|0.840,0.464|0.382|0.419,0.514|0.514|0.514
65,existential_absolute,Il y'a du pain,búuru bɛ,búuru bɛ,PASS,PRON PRON VERB DET NOUN,NOUN VERB,Il/PRON/expl:subj->3 y'/PRON/expl:comp->3 a/VERB/ROOT->0 du/DET/det->5 pain/NOUN/obj->3,búuru/NOUN/nsubj->2 bɛ/VERB/root->0,Buru bɛ ​​yen,Dumuni bɛ yen,Il y a du pain,Il y a de la nourriture,0.895,0.315,0.293,0.938,0.238,0.238,0.705|0.705|0.705,0.157|0.149|0.152,0.463|0.446|0.455
66,existential_absolute,il y a un problème,báasi bɛ,báasi bɛ,PASS,PRON PRON VERB DET NOUN,NOUN VERB,il/PRON/expl:subj->3 y/PRON/expl:comp->3 a/VERB/ROOT->0 un/DET/det->5 problème/NOUN/obj->3,báasi/NOUN/nsubj->2 bɛ/VERB/root->0,gɛlɛya dɔ bɛ yen,gɛlɛya dɔ bɛ yen,il y a un problème,il y a un problème,0.895,0.334,0.509,0.938,0.227,0.227,0.772|0.777|0.774,0.429|0.466|0.447,0.758|0.734|0.746
67,existential_absolute,il y a du travail,baara bɛ,cá bɛ,FAIL,PRON PRON VERB DET NOUN,NOUN VERB,il/PRON/expl:subj->3 y/PRON/expl:comp->3 a/VERB/ROOT->0 du/DET/det->5 travail/NOUN/obj->3,cá/NOUN/nsubj->2 bɛ/VERB/root->0,baara bɛ yen,baara bɛ yen,il y a du travail,il y a un emploi,0.895,0.370,0.407,0.250,0.893,0.893,0.672|0.672|0.672,0.585|0.556|0.570,0.698|0.638|0.667
68,existential_absolute_neg,il n'y a pas de pain,búuru tɛ,búuru tɛ,PASS,PRON ADV PRON VERB ADV DET NOUN,NOUN VERB,il/PRON/expl:subj->4 n'/ADV/advmod->4 y/PRON/expl:comp->4 a/VERB/ROOT->0 pas/ADV/advmod->4 de/DET/det->7 pain/NOUN/obj->4,búuru/NOUN/nsubj->2 tɛ/VERB/root->0,buru tɛ yen,nbuuru tɛ yen,il n'y a pas de pain,il n'y a pas de pain,0.925,0.368,0.450,0.938,0.238,0.238,0.831|0.830|0.830,0.801|0.700|0.748,0.751|0.665|0.705
69,existential_localized_neg,il n'y a personne dans le village,mɔgɔ tɛ dugu kɔnɔ,mɔgɔ tɛ dùgu kɔnɔ,FAIL,PRON ADV PRON VERB PRON ADP DET NOUN,NOUN VERB NOUN ADP,il/PRON/expl:subj->4 n'/ADV/advmod->4 y/PRON/expl:comp->4 a/VERB/ROOT->0 personne/PRON/obj->4 dans/ADP/case->8 le/DET/det->8 village/NOUN/obl:mod->4,mɔgɔ/NOUN/nsubj->2 tɛ/VERB/root->0 dùgu/NOUN/obl->2 kɔnɔ/ADP/case->3,mɔgɔ si tɛ dugu kɔnɔ,mɔgɔ tɛ dugu kɔnɔ,il n'y a personne dans la ville,il n'y a pas de gens dans la ville,0.934,0.424,0.446,0.639,0.915,0.992,0.840|0.842|0.841,0.412|0.379|0.395,0.339|0.286|0.311
70,existential_localized,Il y a de l'eau dans la bouteille,jí bɛ bútèli kɔnɔ,jí bɛ bútèli kɔnɔ,PASS,PRON PRON VERB ADP DET NOUN ADP DET NOUN,NOUN VERB NOUN ADP,Il/PRON/expl:subj->3 y/PRON/expl:comp->3 a/VERB/ROOT->0 de/ADP/det->6 l'/DET/fixed->4 eau/NOUN/obj->3 dans/ADP/case->9 la/DET/det->9 bouteille/NOUN/obl:mod->3,jí/NOUN/nsubj->2 bɛ/VERB/root->0 bútèli/NOUN/obl->2 kɔnɔ/ADP/case->3,Ji bɛ buteli kɔnɔ,Ji bɛ jifilen kɔnɔ,Il y a de l'eau dans la bouteille,Il y a de l'eau dans le verre,0.941,0.394,0.423,0.992,0.250,0.250,0.845|0.838|0.841,0.536|0.454|0.492,0.522|0.488|0.504
71,existential_localized,Il y a des gens ici,mɔgɔw bɛ yàn,bìdenw bɛ yàn,FAIL,PRON PRON VERB DET NOUN ADV,NOUN VERB NOUN,Il/PRON/expl:subj->3 y/PRON/expl:comp->3 a/VERB/ROOT->0 des/DET/det->5 gens/NOUN/obj->3 ici/ADV/advmod->3,bìdenw/NOUN/nsubj->2 bɛ/VERB/root->0 yàn/NOUN/obl->2,Mɔgɔw ​​bɛ yan,Mɔgɔ dɔw bɛ yan,Il y a du monde ici,Il y a des gens ici,0.853,0.405,0.437,0.625,0.167,0.161,0.565|0.587|0.575,0.501|0.515|0.508,0.507|0.510|0.509
72,existential_localized_neg,Il n'y a personne ici,mɔgɔw tɛ yàn,mɔgɔ tɛ yàn,FAIL,PRON ADV PRON VERB PRON ADV,NOUN VERB NOUN,Il/PRON/expl:subj->4 n'/ADV/advmod->4 y/PRON/expl:comp->4 a/VERB/ROOT->0 personne/PRON/obj->4 ici/ADV/advmod->4,mɔgɔ/NOUN/nsubj->2 tɛ/VERB/root->0 yàn/NOUN/obl->2,Mɔgɔ si tɛ yan,Mɔgɔ si tɛ yan,Il n'y a personne ici,Il n'y a personne ici,0.912,0.495,0.428,0.625,0.161,0.161,0.780|0.782|0.781,0.332|0.303|0.317,0.333|0.287|0.308
73,existential_localized,il y a des enfants dans la maison,dɔgɔw bɛ so kɔnɔ,dénw bɛ só kɔnɔ,FAIL,PRON PRON VERB DET NOUN ADP DET NOUN,NOUN VERB NOUN ADP,il/PRON/expl:subj->3 y/PRON/expl:comp->3 a/VERB/ROOT->0 des/DET/det->5 enfants/NOUN/obj->3 dans/ADP/case->8 la/DET/det->8 maison/NOUN/obl:mod->3,dénw/NOUN/nsubj->2 bɛ/VERB/root->0 só/NOUN/obl->2 kɔnɔ/ADP/case->3,denmisɛnw bɛ du kɔnɔ,Denmisɛnw bɛ so kɔnɔ,les enfants sont dans la maison,Les enfants sont à la maison,0.934,0.391,0.458,0.250,0.250,0.736,0.866|0.875|0.870,0.360|0.330|0.344,0.556|0.532|0.544
74,existential_localized_neg,il n'y a pas d'eau dans la bouteille,jí tɛ bútèli kɔnɔ,jí tɛ bútèli kɔnɔ,PASS,PRON ADV PRON VERB ADV DET NOUN ADP DET NOUN,NOUN VERB NOUN ADP,il/PRON/expl:subj->4 n'/ADV/advmod->4 y/PRON/expl:comp->4 a/VERB/ROOT->0 pas/ADV/advmod->4 d'/DET/det->7 eau/NOUN/obj->4 dans/ADP/case->10 la/DET/det->10 bouteille/NOUN/obl:mod->4,jí/NOUN/nsubj->2 tɛ/VERB/root->0 bútèli/NOUN/obl->2 kɔnɔ/ADP/case->3,ji tɛ buteli kɔnɔ,ji tɛ jiriden kɔnɔ,il n'y a pas d'eau dans la bouteille,il n'y a pas d'eau dans le fruit,0.947,0.378,0.456,0.992,0.250,0.250,0.922|0.927|0.924,0.673|0.621|0.646,0.421|0.404|0.413
75,identificatory,C'est moi,n dòn,n de dòn,FAIL,PRON AUX PRON,PRON PART VERB,C'/PRON/expletive->3 est/AUX/cop->3 moi/PRON/ROOT->0,n/PRON/nsubj->3 de/PART/discourse->1 dòn/VERB/root->0,Ne de don,O ye ne de ye.,je suis celui,C'est moi qui suis.,1.000,0.392,0.515,0.476,0.000,0.000,1.000|1.000|1.000,0.351|0.373|0.362,0.422|0.524|0.468
76,identificatory_appos,C'est moi Hawa,n de Hawa yé,n de yé Hawa yé,FAIL,PRON AUX PRON PROPN,PRON PART NOUN CCONJ NOUN,C'/PRON/expletive->3 est/AUX/cop->3 moi/PRON/ROOT->0 Hawa/PROPN/ROOT->0,n/PRON/nmod:poss->3 de/PART/discourse->1 yé/NOUN/root->0 Hawa/CCONJ/cc->5 yé/NOUN/conj->3,O ye ne Hawa ye,Ne ye Hawa ye,C'est mon réveillon,Je suis Eve,1.000,0.490,0.358,0.915,0.122,0.125,1.000|1.000|1.000,0.473|0.493|0.483,0.467|0.457|0.462
77,identificatory_neg,Ce n'est pas moi,n tɛ,n tɛ,PASS,PRON ADV AUX ADV PRON,PRON VERB,Ce/PRON/nsubj->5 n'/ADV/advmod->5 est/AUX/cop->5 pas/ADV/advmod->5 moi/PRON/ROOT->0,n/PRON/nsubj->2 tɛ/VERB/root->0,O t ne ye,O tɛ ne de ye,Ce n'est pas moi,Ce n'est pas moi,1.000,0.388,0.594,0.938,0.000,0.217,1.000|1.000|1.000,0.405|0.421|0.413,0.456|0.472|0.464
78,presentative,c'est Musa,Musa dòn,Musa de dòn,FAIL,PRON AUX PROPN,NOUN PART VERB,c'/PRON/expl:subj->3 est/AUX/cop->3 Musa/PROPN/ROOT->0,Musa/NOUN/nsubj->3 de/PART/discourse->1 dòn/VERB/root->0,o ye Musa ye,o ye Musa ye,c'est Moïse,C'est Moïse qui est là.,1.000,0.495,0.467,0.476,0.227,0.227,1.000|1.000|1.000,0.484|0.482|0.483,0.450|0.459|0.455
79,presentative_plur,Ce sont mes frères et sœurs,ò yé n bálimakɛw ni n bálimamusow yé,o yé n bálimaw ni n bálimamusow yé,FAIL,PRON AUX DET NOUN CCONJ NOUN,NOUN VERB NOUN ADP,Ce/PRON/nsubj->4 sont/AUX/cop->4 mes/DET/det->4 frères/NOUN/ROOT->0 et/CCONJ/cc->6 sœurs/NOUN/conj->4,o/NOUN/nsubj->2 yé/VERB/root->0 n bálimaw ni n bálimamusow/NOUN/obl->2 yé/ADP/case->3,Ninnu ye ne balimakɛw ni ne balimamusow ye,O ye ne balimakɛw ni ne balimamusow ye,Ce sont mes frères et sœurs,"Ce sont mes frères et mes sœurs,",0.985,0.519,0.476,0.736,0.062,0.062,0.976|0.976|0.976,0.631|0.668|0.649,0.603|0.660|0.630
80,identificatory,c'est lui,ale dòn,ale de dòn,FAIL,PRON AUX PRON,PRON PART VERB,c'/PRON/expletive->3 est/AUX/cop->3 lui/PRON/ROOT->0,ale/PRON/nsubj->3 de/PART/discourse->1 dòn/VERB/root->0,ale de don,o ye ale de ye,c'est le don,C'est lui qui est,1.000,0.349,0.369,0.476,0.238,0.217,1.000|1.000|1.000,0.091|0.114|0.101,0.265|0.293|0.279
81,identificatory_neg,ce n'est pas lui,ale tɛ,o de dòn,FAIL,PRON ADV AUX ADV PRON,PRON PART VERB,ce/PRON/ROOT->0 n'/ADV/advmod->5 est/AUX/cop->5 pas/ADV/advmod->5 lui/PRON/conj->1,o/PRON/nsubj->3 de/PART/discourse->1 dòn/VERB/root->0,o tɛ ale de ye,o tɛ a ye,ce n'est pas lui,ce n'est pas lui,1.000,0.381,0.480,0.000,0.435,0.227,1.000|1.000|1.000,0.199|0.199|0.199,0.373|0.351|0.362
82,identificatory,c'est nous,anw dòn,ánw de dòn,FAIL,PRON AUX PRON,PRON PART VERB,c'/PRON/expl:subj->3 est/AUX/cop->3 nous/PRON/ROOT->0,ánw/PRON/nsubj->3 de/PART/discourse->1 dòn/VERB/root->0,o ye anw de ye,an bɛ o de ye,c'est nous qui sommes,Nous sommes les témoins de cela.,1.000,0.449,0.518,0.238,0.217,0.000,1.000|1.000|1.000,0.322|0.325|0.324,0.521|0.621|0.567
83,deictique,Voilà la voiture,wátiri félé,wátiri félé,PASS,VERB DET NOUN,NOUN NOUN,Voilà/VERB/ROOT->0 la/DET/det->3 voiture/NOUN/obj->1,wátiri/NOUN/nmod:poss->2 félé/NOUN/root->0,Mobili in filɛ nin ye,Nin ye mobili ye,Voici la voiture,C'est une voiture,1.000,0.151,0.543,0.938,0.000,0.000,1.000|1.000|1.000,0.387|0.477|0.427,0.574|0.594|0.584
84,deictique_plur,Voilà les voitures,Wátiriw félé,wátiriw félé,FAIL,VERB DET NOUN,NOUN NOUN,Voilà/VERB/ROOT->0 les/DET/det->3 voitures/NOUN/obj->1,wátiriw/NOUN/nmod:poss->2 félé/NOUN/root->0,Mobiliw filɛ nin ye,Nin ye mobiliw ye,Voici les voitures,Ce sont des voitures,1.000,0.571,0.408,0.938,0.000,0.000,1.000|1.000|1.000,0.361|0.366|0.363,0.439|0.474|0.456
85,deictique,Voilà Musa,Musa félé,Musa félé,PASS,VERB PROPN,INTJ NOUN,Voilà/VERB/ROOT->0 Musa/PROPN/obj->1,Musa/INTJ/discourse->2 félé/NOUN/root->0,Nin ye Musa ye,O ye Musa ye.,C'est Moïse,C'est Moïse qui a parlé.,1.000,0.371,0.353,0.938,0.227,0.227,1.000|1.000|1.000,0.443|0.461|0.452,0.281|0.294|0.287
86,deictique,Voilà l'eau,jí félé,jí félé,PASS,VERB DET NOUN,NOUN NOUN,Voilà/VERB/ROOT->0 l'/DET/det->3 eau/NOUN/obj->1,jí/NOUN/nmod:poss->2 félé/NOUN/root->0,Ji filɛ nin ye,Ji bɛ yan.,Voici l'eau,Il y a de l'eau ici.,1.000,0.508,0.517,0.938,0.000,0.000,1.000|1.000|1.000,0.484|0.505|0.494,0.679|0.698|0.688
87,interrogative,Parles-tu bambara ?,í bɛ bámanankan fɔ́ wà ?,í bɛ bámànan kúma wà ?,FAIL,VERB PUNCT PRON PROPN PUNCT,NOUN VERB NUM NOUN NOUN PUNCT,Parles/VERB/ROOT->0 -/PUNCT/punct->1 tu/PRON/dep->1 bambara/PROPN/dep->1 ?/PUNCT/punct->1,í/NOUN/nsubj->2 bɛ/VERB/root->0 bámànan/NUM/nmod:poss->4 kúma/NOUN/nmod:poss->5 wà/NOUN/parataxis:obj->2 ?/PUNCT/punct->2,Yala i bɛ bamanankan fɔ wa?,I bɛ bambara fɔ wa?,Parles-tu anglais?,Tu parles en langues langues ?,1.000,0.634,0.178,0.511,0.098,0.100,1.000|1.000|1.000,0.493|0.553|0.521,0.140|0.196|0.163
88,interrogative_motion,Allez-vous au marché ?,aw bɛ táa dɔ́gɔ la wà ?,aw bɛ táa dɔ́gɔ la wà ?,PASS,VERB PRON ADP NOUN PUNCT,PRON AUX VERB NOUN ADP NOUN PUNCT,Allez/VERB/ROOT->0 -vous/PRON/nsubj->1 au/ADP/case->4 marché/NOUN/obl:arg->1 ?/PUNCT/punct->1,aw/PRON/nsubj->3 bɛ/AUX/aux->3 táa/VERB/root->0 dɔ́gɔ/NOUN/obl->3 la/ADP/case->4 wà/NOUN/obl->3 ?/PUNCT/punct->3,Yala i bɛ taa sugu la wa?,Aw bɛ taa lɔgɔfiyɛ la wa?,Allez-vous au marché ?,Allez-vous au marché?,1.000,0.396,0.706,0.998,0.164,0.426,1.000|1.000|1.000,0.109|0.112|0.111,0.570|0.617|0.592
89,interrogative_question_marker,Est-ce que ça va vraiment bien ?,Yala nin bɛ táa yɛ̀rɛ kóɲuman wà ?,Yala nin bɛ táa yɛ̀rɛ kóɲuman wà ?,PASS,AUX PRON SCONJ PRON VERB ADV ADV PUNCT,SCONJ DET VERB NOUN DET AUX NOUN PUNCT,Est/AUX/expl:subj->2 -ce/PRON/nsubj->5 que/SCONJ/mark->5 ça/PRON/nsubj->5 va/VERB/ROOT->0 vraiment/ADV/advmod->7 bien/ADV/advmod->5 ?/PUNCT/punct->5,Yala/SCONJ/mark->3 nin/DET/det->1 bɛ/VERB/root->0 táa/NOUN/nmod:poss->7 yɛ̀rɛ/DET/det->4 kóɲuman/AUX/aux->7 wà/NOUN/parataxis:obj->3 ?/PUNCT/punct->3,Yala o tɛ baasi ye tiɲɛ na wa?,Yala i bɛ ko ɲuman kɛ wa?,N'est-ce pas vraiment bien ?,Est-ce que tu fais le bien?,1.000,0.429,0.383,0.999,0.070,0.143,1.000|1.000|1.000,0.121|0.135|0.127,0.390|0.406|0.398
90,interrogative_question_marker,Est-ce que tes frères et sœurs sont ici ?,Yala i bálimakɛw ni i balimamusow bɛ yàn wà ?,Yala i bálima ni bálimamusow bɛ yàn wà ?,FAIL,AUX PRON SCONJ DET NOUN CCONJ NOUN VERB ADV PUNCT,SCONJ PRON NOUN CCONJ NOUN VERB ADV NOUN PUNCT,Est/AUX/det->2 -ce/PRON/nsubj->8 que/SCONJ/mark->8 tes/DET/det->5 frères/NOUN/nsubj->8 et/CCONJ/cc->7 sœurs/NOUN/conj->5 sont/VERB/ROOT->0 ici/ADV/obl:arg->8 ?/PUNCT/punct->8,Yala/SCONJ/mark->6 i/PRON/nmod:poss->3 bálima/NOUN/nsubj->6 ni/CCONJ/cc->5 bálimamusow/NOUN/conj->3 bɛ/VERB/root->0 yàn/ADV/obl->6 wà/NOUN/parataxis:obj->6 ?/PUNCT/punct->6,Yala i balimakɛw ni i balimamusow bɛ yan wa?,I balimakɛw ni i balimamusow bɛ yan wa?,Vos frères et sœurs sont-ils ici ?,Est-ce que tes frères et tes sœurs sont ici?,0.990,0.619,0.436,0.574,0.654,0.544,0.982|0.982|0.982,0.527|0.525|0.526,0.549|0.522|0.535
91,interrogative_alternative,Tu veux du poisson ou bien tu veux de la viande ?,i bɛ jɛ́gɛ ŋàniya wàlima i bɛ sògo ŋàniya ?,í bɛ jɛ́gɛ ŋàniya wàlima í bɛ sògo ŋàniya ?,FAIL,PRON VERB DET NOUN CCONJ PRON VERB ADP DET NOUN PUNCT,NOUN AUX VERB NOUN NOUN NOUN VERB NOUN VERB PUNCT,Tu/PRON/nsubj->2 veux/VERB/ROOT->0 du/DET/det->4 poisson/NOUN/obj->2 ou bien/CCONJ/cc->8 tu/PRON/nsubj->8 veux/VERB/conj->2 de/ADP/det->11 la/DET/fixed->0 viande/NOUN/obj->8 ?/PUNCT/punct->2,í/NOUN/nsubj->3 bɛ/AUX/aux->3 jɛ́gɛ/VERB/root->0 ŋàniya/NOUN/nmod:poss->5 wàlima/NOUN/nmod:poss->6 í/NOUN/nsubj->7 bɛ/VERB/parataxis->3 sògo/NOUN/obj->9 ŋàniya/VERB/xcomp->7 ?/PUNCT/punct->3,Yala i b’a fɛ ka jɛgɛ sɔrɔ wa walima i b’a fɛ ka sogo sɔrɔ?,I b'a fɛ jɛgɛ wala sogo?,Voulez-vous du poisson ou voulez-vous du poulet ?,Tu veux du poisson ou de la viande?,1.000,0.732,0.376,0.769,0.104,0.057,1.000|1.000|1.000,0.509|0.556|0.531,0.424|0.428|0.426
92,interrogative_alternative,Tu veux des arachides ou bien tu veux des patates douces ?,i bɛ tìgaw ŋàniya wàlima i bɛ wósow ŋàniya ?,í bɛ tìgaw ŋàniya wàlima í bɛ wóso ŋàniya ?,FAIL,PRON VERB DET NOUN CCONJ PRON VERB DET NOUN ADJ PUNCT,NOUN VERB INTJ NOUN NOUN NOUN VERB NOUN VERB PUNCT,Tu/PRON/nsubj->2 veux/VERB/ROOT->0 des/DET/det->4 arachides/NOUN/obj->2 ou bien/CCONJ/cc->8 tu/PRON/nsubj->8 veux/VERB/conj->2 des/DET/det->10 patates/NOUN/obj->8 douces/ADJ/amod->0 ?/PUNCT/punct->2,í/NOUN/nsubj->2 bɛ/VERB/root->0 tìgaw/INTJ/discourse->7 ŋàniya/NOUN/nmod:poss->5 wàlima/NOUN/nmod:poss->6 í/NOUN/nsubj->7 bɛ/VERB/parataxis:obj->2 wóso/NOUN/obj->9 ŋàniya/VERB/xcomp->7 ?/PUNCT/punct->2,Yala aw b’a fɛ ka manje sɔrɔ walima aw b’a fɛ ka pɔmitɛri sɔrɔ?,I b'a fɛ pikirifɛn dɔw ye wa? Walima i b'a fɛ patata duman dɔw ye wa?,Voulez-vous des cacahuètes ou voulez-vous des patates douces ?,Vous voulez des légumes? Vous voulez des pommes de terre?,0.978,0.378,0.227,0.625,0.000,0.103,0.982|0.982|0.982,0.303|0.370|0.333,0.292|0.295|0.293
93,interrogative,il mange ?,a bɛ dúnli kɛ wà ?,a bɛ dúnli kɛ wà ?,PASS,PRON VERB PUNCT,PRON VERB NOUN NOUN NOUN PUNCT,il/PRON/nsubj->2 mange/VERB/ROOT->0 ?/PUNCT/punct->2,a/PRON/nsubj->2 bɛ/VERB/root->0 dúnli/NOUN/nmod:poss->4 kɛ/NOUN/nmod:poss->5 wà/NOUN/parataxis:obj->2 ?/PUNCT/punct->2,a bɛ dumuni kɛ wa?,A bɛ dumuni kɛ wa?,est-ce qu'il mange ?,Est-ce qu'il mange quelque chose?,1.000,0.582,0.516,0.996,0.511,0.511,1.000|1.000|1.000,0.377|0.439|0.406,0.430|0.432|0.431
94,interrogative,tu as de l'argent ?,wárí bɛ i bóló wà ?,wári bɛ í bóló wà ?,FAIL,PRON VERB ADP DET NOUN PUNCT,NOUN VERB NOUN NOUN NOUN PUNCT,tu/PRON/nsubj->2 as/VERB/ROOT->0 de/ADP/det->5 l'/DET/fixed->3 argent/NOUN/obj->2 ?/PUNCT/punct->2,wári/NOUN/nsubj->2 bɛ/VERB/root->0 í/NOUN/nmod:poss->4 bóló/NOUN/nmod:poss->5 wà/NOUN/parataxis:obj->2 ?/PUNCT/punct->2,wari b' aw bolo wa ?,wari bɛ i fɛ wa?,as-tu de l'argent ?,Avez-vous de l'argent avec vous?,0.869,0.359,0.419,0.511,0.000,0.375,0.854|0.845|0.850,0.273|0.279|0.276,0.443|0.457|0.450
95,interrogative,elle est à la maison ?,a bɛ so wà ?,a bɛ só wà ?,FAIL,PRON VERB ADP DET NOUN PUNCT,PRON VERB NOUN NOUN PUNCT,elle/PRON/nsubj->2 est/VERB/ROOT->0 à/ADP/case->5 la/DET/det->5 maison/NOUN/obl:arg->2 ?/PUNCT/punct->2,a/PRON/nsubj->2 bɛ/VERB/root->0 só/NOUN/nmod:poss->4 wà/NOUN/parataxis:obj->2 ?/PUNCT/punct->2,Yala a bɛ so kɔnɔ wa?,A bɛ so kɔnɔ wa?,Est-il dans la pièce ?,Est-ce qu'il est chez vous?,1.000,0.625,0.384,0.639,0.701,0.718,1.000|1.000|1.000,0.277|0.288|0.282,0.216|0.198|0.207
96,interrogative_modal_xcomp,peut-il manger de la viande ?,a bɛ se ka sògo dún wà ?,a bɛ sé ka sògo dún wà ?,FAIL,VERB PRON VERB ADP DET NOUN PUNCT,PRON VERB NOUN ADP NOUN VERB NOUN PUNCT,peut/VERB/ROOT->0 -il/PRON/nsubj->1 manger/VERB/xcomp->1 de/ADP/det->6 la/DET/fixed->4 viande/NOUN/obj->3 ?/PUNCT/punct->1,a/PRON/nsubj->2 bɛ/VERB/root->0 sé/NOUN/nmod:poss->5 ka/ADP/case->3 sògo/NOUN/nsubj->6 dún/VERB/parataxis:obj->2 wà/NOUN/obl->6 ?/PUNCT/punct->2,a bɛ se ka sogo dun wa ?,A bɛ se ka sogo dun wa?,peut-il manger de la viande ?,Est-ce qu'il peut manger de la viande?,1.000,0.649,0.491,0.841,0.567,0.567,1.000|1.000|1.000,0.468|0.519|0.492,0.537|0.577|0.556
97,content_question_who,Qui fait la bagarre ?,jɔn bɛ bàlawu kɛ́ ?,jɔn bɛ bàlawu kɛ́ ?,PASS,PRON VERB DET NOUN PUNCT,NOUN VERB INTJ NOUN PUNCT,Qui/PRON/nsubj->2 fait/VERB/ROOT->0 la/DET/det->4 bagarre/NOUN/obj->2 ?/PUNCT/punct->2,jɔn/NOUN/nsubj->2 bɛ/VERB/root->0 bàlawu/INTJ/discourse->4 kɛ́/NOUN/parataxis:obj->2 ?/PUNCT/punct->2,Jɔn de bɛ kɛlɛ in kɛ?,Jɔn bɛ kɛlɛ kɛ?,Qui mène la guerre ?,Qui est celui qui combat?,1.000,0.401,0.418,0.992,0.238,0.469,1.000|1.000|1.000,0.315|0.371|0.340,0.283|0.312|0.296
98,content_question_who_inversion,Qui aimez-vous ?,aw bɛ jɔn kànu ?,aw bɛ jɔn kànu ?,PASS,PRON VERB PRON PUNCT,PRON VERB ADV INTJ PUNCT,Qui/PRON/obj->2 aimez/VERB/ROOT->0 -vous/PRON/nsubj->2 ?/PUNCT/punct->2,aw/PRON/nsubj->2 bɛ/VERB/root->0 jɔn/ADV/obl->2 kànu/INTJ/parataxis:obj->2 ?/PUNCT/punct->2,I bɛ jɔn kanu?,I bɛ jɔni kanu?,Qui aimes-tu ?,Qui aimez-vous?,1.000,0.250,0.656,0.992,0.469,0.125,1.000|1.000|1.000,0.333|0.396|0.362,0.645|0.657|0.651
99,content_question_who_inversion,Qui aiment-ils ?,u bɛ jɔn kànu ?,u bɛ jɔn kànu ?,PASS,PRON VERB PRON PUNCT,PRON VERB ADV INTJ PUNCT,Qui/PRON/nsubj->2 aiment/VERB/ROOT->0 -ils/PRON/nsubj->2 ?/PUNCT/punct->2,u/PRON/nsubj->2 bɛ/VERB/root->0 jɔn/ADV/obl->2 kànu/INTJ/discourse->2 ?/PUNCT/punct->2,U bɛ jɔn kanu?,U bɛ jɔn kanu?,Qui aiment-ils ?,Qui est celui qui les aime?,1.000,0.201,0.603,0.992,0.736,0.736,1.000|1.000|1.000,0.340|0.410|0.372,0.524|0.572|0.547
100,content_question_what,Tu manges quoi ?,i bɛ mún dún ?,í bɛ mún dún ?,FAIL,PRON VERB PRON PUNCT,NOUN VERB ADV ADV PUNCT,Tu/PRON/nsubj->2 manges/VERB/ROOT->0 quoi/PRON/obj->2 ?/PUNCT/punct->2,í/NOUN/nsubj->2 bɛ/VERB/root->0 mún/ADV/obl->2 dún/ADV/obl->2 ?/PUNCT/punct->2,Aw bɛ mun dun?,I bɛ mun dun?,Que manges-tu ?,Que mangez-vous ?,1.000,0.428,0.530,0.736,0.125,0.469,1.000|1.000|1.000,0.229|0.215|0.222,0.484|0.491|0.487
101,content_question_what,Tu veux quoi ?,i bɛ mún ŋàniya ?,í bɛ mún ŋàniya ?,FAIL,PRON VERB PRON PUNCT,NOUN VERB ADV VERB PUNCT,Tu/PRON/nsubj->2 veux/VERB/ROOT->0 quoi/PRON/obj->2 ?/PUNCT/punct->2,í/NOUN/nsubj->2 bɛ/VERB/root->0 mún/ADV/obl->2 ŋàniya/VERB/parataxis:obj->2 ?/PUNCT/punct->2,E bɛ mun fɛ ?,I bɛ mun de fɛ?,Que veux-tu ?,Que veux-tu donc?,1.000,0.437,0.271,0.736,0.125,0.457,1.000|1.000|1.000,0.305|0.295|0.300,0.253|0.289|0.270
102,content_question_what,il mange quoi ?,a bɛ mún dún ?,a bɛ mún dún ?,PASS,PRON VERB PRON PUNCT,PRON VERB ADV ADV PUNCT,il/PRON/nsubj->2 mange/VERB/ROOT->0 quoi/PRON/obj->2 ?/PUNCT/punct->2,a/PRON/nsubj->2 bɛ/VERB/root->0 mún/ADV/obl->2 dún/ADV/obl->2 ?/PUNCT/punct->2,a bɛ mun dun ?,A bɛ mun dun?,que mange-t-il ?,Qu'est-ce qu'il mange ?,1.000,0.721,0.499,0.992,0.469,0.469,1.000|1.000|1.000,0.249|0.243|0.246,0.560|0.609|0.584
103,content_question_where,Où allez-vous ?,aw bɛ táa mín ?,aw bɛ táa mín ?,PASS,ADV VERB PRON PUNCT,PRON AUX VERB ADV PUNCT,Où/ADV/dep->2 allez/VERB/ROOT->0 -vous/PRON/nsubj->2 ?/PUNCT/punct->2,aw/PRON/nsubj->3 bɛ/AUX/aux->3 táa/VERB/root->0 mín/ADV/obl->3 ?/PUNCT/punct->3,I bɛ taa min ?,Aw bɛ taa min?,Où vas-tu ?,Où allez-vous ?,1.000,0.662,0.619,0.992,0.125,0.469,1.000|1.000|1.000,0.422|0.460|0.440,0.430|0.459|0.444
104,content_question_where,où est Musa ?,Musa bɛ mín ?,Musa bɛ mín ?,PASS,ADV VERB PROPN VERB,NOUN VERB ADV PUNCT,où/ADV/dep->2 est/VERB/ROOT->0 Musa/PROPN/nsubj->2 ?/VERB/punct->2,Musa/NOUN/nsubj->2 bɛ/VERB/root->0 mín/ADV/obl->2 ?/PUNCT/punct->2,Musa bɛ min ?,Musa bɛ min?,Où est Moïse ?,Où est Moïse?,1.000,0.665,0.358,0.981,0.625,0.625,1.000|1.000|1.000,0.550|0.529|0.540,0.201|0.205|0.203
105,content_question_when,Quand viens-tu ?,i bɛ nà túma jùmɛn ?,í bɛ nà túma jùmɛn ?,FAIL,ADV VERB PUNCT PRON PUNCT,NOUN VERB NOUN NOUN ADV PUNCT,Quand/ADV/advmod->2 viens/VERB/ROOT->0 -/PUNCT/punct->2 tu/PRON/dep->2 ?/PUNCT/punct->2,í/NOUN/nsubj->2 bɛ/VERB/root->0 nà/NOUN/nmod:poss->4 túma/NOUN/obl->2 jùmɛn/ADV/case->4 ?/PUNCT/punct->2,I bɛ na tuma jumɛn?,I bɛ na waati jumɛn?,Quand viens-tu ?,Quand viendras-tu?,1.000,0.425,0.290,0.794,0.375,0.375,1.000|1.000|1.000,0.358|0.370|0.364,0.257|0.255|0.256
106,content_question_when,quand pars-tu ?,i bɛ fáɲi túma jùmɛn ?,í bɛ fáɲi túma jùmɛn ?,FAIL,ADV VERB PUNCT PRON PUNCT,NOUN AUX VERB NOUN ADV PUNCT,quand/ADV/advmod->2 pars/VERB/ROOT->0 -/PUNCT/punct->2 tu/PRON/dep->2 ?/PUNCT/punct->2,í/NOUN/nsubj->3 bɛ/AUX/aux->3 fáɲi/VERB/root->0 túma/NOUN/obl->3 jùmɛn/ADV/case->4 ?/PUNCT/punct->3,i bɛ taa tuma jumɛn ?,I bɛ taa waati jumɛn?,quand pars-tu ?,Quand vas-tu à la maison ?,1.000,0.447,0.300,0.794,0.375,0.375,1.000|1.000|1.000,0.563|0.582|0.572,0.289|0.276|0.283
107,content_question_why,Pourquoi pleures-tu ?,i bɛ kàsi mún kósɔn ?,í bɛ kàsili kɛ mún kósɔn ?,FAIL,ADV VERB PUNCT PRON PUNCT,NOUN VERB NOUN NOUN VERB ADV PUNCT,Pourquoi/ADV/advmod->2 pleures/VERB/ROOT->0 -/PUNCT/punct->2 tu/PRON/dep->2 ?/PUNCT/punct->2,í/NOUN/nsubj->2 bɛ/VERB/root->0 kàsili/NOUN/nmod:poss->4 kɛ/NOUN/nsubj->5 mún/VERB/parataxis:obj->2 kósɔn/ADV/obl->5 ?/PUNCT/punct->2,Mun na i bɛ kasi?,Mun y'a to i bɛ kasi?,Pourquoi pleures-tu ?,Pourquoi pleures-tu?,1.000,0.231,0.715,0.501,0.375,0.368,1.000|1.000|1.000,0.284|0.279|0.282,0.541|0.555|0.548
108,content_question_why,pourquoi il mange ?,a bɛ dumuni kɛ mún kósɔn ?,a bɛ dúnli kɛ mún kósɔn ?,FAIL,ADV PRON VERB PUNCT,PRON VERB NOUN NOUN VERB ADV PUNCT,pourquoi/ADV/advmod->3 il/PRON/nsubj->3 mange/VERB/ROOT->0 ?/PUNCT/punct->3,a/PRON/nsubj->2 bɛ/VERB/root->0 dúnli/NOUN/nmod:poss->4 kɛ/NOUN/nsubj->5 mún/VERB/parataxis:obj->2 kósɔn/ADV/obl->5 ?/PUNCT/punct->2,mun na a bɛ dumuni kɛ?,Mun na a bɛ dumuni kɛ?,pourquoi mange-t-il ?,Pourquoi mange-t-il?,1.000,0.514,0.625,0.807,0.661,0.661,1.000|1.000|1.000,0.271|0.292|0.281,0.497|0.539|0.517
109,content_question_how,Comment t'appelles-tu ?,í bɛ wéle cógo dǐ ?,í bɛ wéle cógo dǐ ?,PASS,ADV PRON VERB PUNCT PRON PUNCT,NOUN VERB NOUN NOUN NOUN PUNCT,Comment/ADV/advmod->3 t'/PRON/iobj->3 appelles/VERB/ROOT->0 -/PUNCT/punct->3 tu/PRON/dep->3 ?/PUNCT/punct->3,í/NOUN/nsubj->2 bɛ/VERB/root->0 wéle/NOUN/nmod:poss->4 cógo/NOUN/nmod:poss->5 dǐ/NOUN/parataxis:obj->2 ?/PUNCT/punct->2,I tɔgɔ bɛ di ?,I tɔgɔ bɛ di?,Quel est ton nom ?,Quel est ton nom ?,1.000,0.368,0.216,0.996,0.102,0.102,1.000|1.000|1.000,0.206|0.239|0.222,0.285|0.289|0.287
110,content_question_how,Comment cela se fait-il ?,ó bɛ kɛ́ cógo dǐ ?,a bɛ kɛ́ cógo dǐ ?,FAIL,ADV PRON PRON VERB PRON PUNCT,PRON VERB NOUN NOUN NOUN PUNCT,Comment/ADV/advmod->4 cela/PRON/nsubj->4 se/PRON/expl:comp->4 fait/VERB/ROOT->0 -il/PRON/dep->4 ?/PUNCT/punct->4,a/PRON/nsubj->2 bɛ/VERB/root->0 kɛ́/NOUN/nmod:poss->4 cógo/NOUN/nmod:poss->5 dǐ/NOUN/parataxis:obj->2 ?/PUNCT/punct->2,O bɛ kɛ cogo di?,O bɛ kɛ cogo di?,Comment cela se produit-il ?,Comment cela se fait-il?,1.000,0.312,0.524,0.794,0.100,0.100,1.000|1.000|1.000,0.266|0.274|0.270,0.349|0.366|0.357
111,content_question_which_noun,Quelle femme ?,mùso jùmɛn ?,mùso jùmɛn ?,PASS,DET NOUN PUNCT,NOUN VERB PUNCT,Quelle/DET/det->2 femme/NOUN/ROOT->0 ?/PUNCT/punct->2,mùso/NOUN/obj->2 jùmɛn/VERB/root->0 ?/PUNCT/punct->2,Muso jumɛn?,Muso jumɛn?,Quelle femme ?,Quelle femme ?,1.000,0.467,0.486,0.938,0.000,0.000,1.000|1.000|1.000,0.407|0.407|0.407,0.733|0.750|0.741
112,content_question_which,Tu veux quelle maison ?,í bɛ só jùmɛn ŋàniya ?,í bɛ só jùmɛn ŋàniya ?,PASS,PRON VERB DET NOUN PUNCT,NOUN VERB NOUN ADV VERB PUNCT,Tu/PRON/nsubj->2 veux/VERB/ROOT->0 quelle/DET/det->4 maison/NOUN/obj->2 ?/PUNCT/punct->2,í/NOUN/nsubj->2 bɛ/VERB/root->0 só/NOUN/obj->5 jùmɛn/ADV/det->3 ŋàniya/VERB/xcomp->2 ?/PUNCT/punct->2,I b’a fɛ ka so jumɛn de fɛ?,I bɛ so jumɛn fɛ?,Quelle maison préférez-vous ?,Quelle maison veux-tu?,1.000,0.422,0.350,0.996,0.000,0.100,1.000|1.000|1.000,0.436|0.477|0.456,0.365|0.372|0.368
113,content_question_how_much,Ça coûte combien ?,o bɛ jóli bɔ́ ?,o bɛ jóli bɔ́ ?,PASS,PRON VERB PRON PUNCT,PRON VERB NOUN NOUN PUNCT,Ça/PRON/nsubj->2 coûte/VERB/ROOT->0 combien/PRON/obj->2 ?/PUNCT/punct->2,o/PRON/nsubj->2 bɛ/VERB/root->0 jóli/NOUN/nmod:poss->4 bɔ́/NOUN/parataxis:obj->2 ?/PUNCT/punct->2,A musaka ye joli ye?,A bɛ wari joli di?,Combien ça coûte?,Combien d'argent donne-t-il à son personnel?,0.764,0.479,0.172,0.992,0.000,0.122,0.467|0.482|0.475,0.607|0.619|0.613,0.145|0.154|0.149
114,content_question_how_much,tu as combien d'enfants ?,dénw jóli bɛ í fɛ ?,dénw jóli bɛ í fɛ ?,PASS,PRON VERB ADV ADP NOUN PUNCT,DET NOUN AUX NOUN VERB PUNCT,tu/PRON/nsubj->2 as/VERB/ROOT->0 combien/ADV/obj->2 d'/ADP/case->0 enfants/NOUN/obl:arg->3 ?/PUNCT/punct->2,dénw/DET/det->2 jóli/NOUN/nsubj->5 bɛ/AUX/aux->5 í/NOUN/obj->5 fɛ/VERB/root->0 ?/PUNCT/punct->5,den joli b' aw bolo ?,Den joli bɛ i fɛ?,combien d'enfants as-tu ?,Combien d'enfants avez-vous?,0.869,0.471,0.452,0.996,0.000,0.200,0.866|0.866|0.866,0.401|0.368|0.384,0.238|0.247|0.242
115,simple,je mange du riz,n bɛ màlo dún,ń bɛ màlo dún,FAIL,PRON VERB DET NOUN,NOUN AUX NOUN VERB,je/PRON/nsubj->2 mange/VERB/ROOT->0 du/DET/det->4 riz/NOUN/obj->2,ń/NOUN/nsubj->4 bɛ/AUX/aux->4 màlo/NOUN/obj->4 dún/VERB/root->0,N bɛ tiga dun,ne bɛ dumuni kɛ,je mange du riz,"Je mange,",1.000,0.438,0.494,0.736,0.469,0.125,1.000|1.000|1.000,0.429|0.463|0.445,0.369|0.327|0.347
116,simple,tu bois de l'eau,i bɛ jí mìn,í bɛ jí mìn,FAIL,PRON VERB ADP DET NOUN,NOUN AUX NOUN VERB,tu/PRON/nsubj->2 bois/VERB/ROOT->0 de/ADP/det->5 l'/DET/fixed->3 eau/NOUN/obj->2,í/NOUN/nsubj->4 bɛ/AUX/aux->4 jí/NOUN/obj->4 mìn/VERB/root->0,aw bɛ ji min,i bɛ ji min,tu bois de l'eau,tu bois de l'eau,1.000,0.373,0.409,0.736,0.125,0.469,1.000|1.000|1.000,0.329|0.325|0.327,0.444|0.447|0.446
117,simple,il parle bambara,a bɛ bámanankan fɔ́,a bɛ bámànan kúma,FAIL,PRON VERB PROPN,PRON AUX NOUN VERB,il/PRON/nsubj->2 parle/VERB/ROOT->0 bambara/PROPN/obj->2,a/PRON/nsubj->4 bɛ/AUX/aux->4 bámànan/NOUN/obj->4 kúma/VERB/root->0,a bɛ bamanankan fɔ,a bɛ bambara fɔ,il parle le bambara,il parle à la légère,1.000,0.717,0.174,0.469,0.469,0.469,1.000|1.000|1.000,0.592|0.610|0.601,0.071|0.066|0.068
118,simple,elle chante,a bɛ donkili dá,a bɛ kàsili kɛ,FAIL,PRON VERB,PRON AUX NOUN VERB,elle/PRON/nsubj->2 chante/VERB/ROOT->0,a/PRON/nsubj->4 bɛ/AUX/aux->4 kàsili/NOUN/obj->4 kɛ/VERB/root->0,a bɛ dɔnkili da,a bɛ dɔnkili la,il chante la chanson,il chante,1.000,0.463,0.463,0.469,0.469,0.469,1.000|1.000|1.000,0.463|0.556|0.505,0.572|0.600|0.586
119,simple_plur,nous travaillons,anw bɛ báara la,ánw bɛ báara la,FAIL,PRON VERB,NOUN AUX VERB,nous/PRON/nsubj->2 travaillons/VERB/ROOT->0,ánw/NOUN/nsubj->3 bɛ/AUX/aux->3 báara la/VERB/root->0,an bɛ baara kɛ,an bɛ baara kɛ,nous travaillons,nous travaillons,1.000,0.436,0.803,0.736,0.125,0.125,1.000|1.000|1.000,0.596|0.654|0.624,0.618|0.636|0.627
120,simple_plur,ils mangent du riz,ùw bɛ màlo dún,u bɛ màlo dún,FAIL,PRON VERB DET NOUN,PRON AUX NOUN VERB,ils/PRON/nsubj->2 mangent/VERB/ROOT->0 du/DET/det->4 riz/NOUN/obj->2,u/PRON/nsubj->4 bɛ/AUX/aux->4 màlo/NOUN/obj->4 dún/VERB/root->0,u bɛ tiga dun,u bɛ roso dun,ils mangent du riz,ils mangent du riz,1.000,0.438,0.421,0.736,0.125,0.125,1.000|1.000|1.000,0.446|0.500|0.471,0.320|0.296|0.308
121,simple_neg,je ne mange pas,n tɛ dún,ń tɛ dúnli kɛ,FAIL,PRON ADV VERB ADV,NOUN AUX NOUN VERB,je/PRON/nsubj->3 ne/ADV/advmod->3 mange/VERB/ROOT->0 pas/ADV/advmod->3,ń/NOUN/nsubj->4 tɛ/AUX/aux->4 dúnli/NOUN/obj->4 kɛ/VERB/root->0,N tɛ dumuni kɛ,ne tɛ dumuni kɛ,je ne mange pas,je ne mange pas,1.000,0.453,0.700,0.161,0.605,0.161,1.000|1.000|1.000,0.373|0.377|0.375,0.473|0.474|0.474
122,simple_neg,il ne parle pas bambara,a tɛ bámanankan fɔ́,a tɛ bámànan kúma,FAIL,PRON ADV VERB ADV PROPN,PRON AUX NOUN VERB,il/PRON/nsubj->3 ne/ADV/advmod->3 parle/VERB/ROOT->0 pas/ADV/advmod->3 bambara/PROPN/obj->3,a/PRON/nsubj->4 tɛ/AUX/aux->4 bámànan/NOUN/obj->4 kúma/VERB/root->0,a tɛ bamanankan fɔ,a tɛ bambara fɔ,il ne parle pas anglais,il ne parle pas en arabe,1.000,0.562,0.384,0.469,0.469,0.469,1.000|1.000|1.000,0.454|0.448|0.451,0.097|0.078|0.086
123,volitif,je veux manger,n bɛ ŋàniya ka dúnli kɛ,ń bɛ ŋàniya ka dúnli kɛ,FAIL,PRON VERB VERB,NOUN AUX VERB AUX NOUN VERB,je/PRON/nsubj->2 veux/VERB/ROOT->0 manger/VERB/xcomp->2,ń/NOUN/nsubj->3 bɛ/AUX/aux->3 ŋàniya/VERB/root->0 ka/AUX/aux->6 dúnli/NOUN/obj->6 kɛ/VERB/xcomp->3,N b'a fɛ ka dumuni kɛ,ne b'a fɛ ka dumuni kɛ,je vais manger,Je veux manger.,1.000,0.476,0.561,0.830,0.250,0.167,1.000|1.000|1.000,0.293|0.325|0.308,0.498|0.506|0.502
124,volitif,il veut partir,a bɛ ŋàniya ka fáɲi,a bɛ ŋàniya ka fáɲi,PASS,PRON VERB VERB,PRON AUX VERB AUX VERB,il/PRON/nsubj->2 veut/VERB/ROOT->0 partir/VERB/xcomp->2,a/PRON/nsubj->3 bɛ/AUX/aux->3 ŋàniya/VERB/root->0 ka/AUX/aux->5 fáɲi/VERB/xcomp->3,a b'a fɛ ka taa,a b'a fɛ ka taa,il veut y aller,Il veut partir.,1.000,0.576,0.261,0.996,0.200,0.200,1.000|1.000|1.000,0.197|0.205|0.201,0.229|0.233|0.231
125,volitif_neg,je ne veux pas manger,n tɛ ŋàniya ka dúnli kɛ,ń tɛ ŋàniya ka dúnli kɛ,FAIL,PRON ADV VERB ADV VERB,NOUN VERB NOUN ADP NOUN NOUN,je/PRON/nsubj->3 ne/ADV/advmod->3 veux/VERB/ROOT->0 pas/ADV/advmod->3 manger/VERB/xcomp->3,ń/NOUN/nsubj->2 tɛ/VERB/root->0 ŋàniya/NOUN/nmod:poss->5 ka/ADP/case->3 dúnli/NOUN/nmod:poss->6 kɛ/NOUN/obl->2,N t'a fɛ ka dumuni kɛ,ne t'a fɛ ka dumuni kɛ,je ne veux pas manger,Je ne veux pas manger.,1.000,0.425,0.562,0.830,0.250,0.167,1.000|1.000|1.000,0.255|0.301|0.276,0.488|0.547|0.516
126,progressif,je suis en train de manger,ń bɛ́ kà dúnli kɛ,ń bɛ́ kà dúnli kɛ,PASS,PRON AUX VERB,NOUN NOUN NOUN NOUN VERB,je/PRON/nsubj->4 suis/AUX/cop->4 manger/VERB/ROOT->4,ń/NOUN/nmod:poss->2 bɛ́/NOUN/nmod:poss->3 kà/NOUN/nmod:poss->4 dúnli/NOUN/nsubj->5 kɛ/VERB/root->0,N bɛ dumuni kɛ,ne bɛ dumuni kɛ,je mange la nourriture,"Je mange,",1.000,0.323,0.559,0.996,0.102,0.102,1.000|1.000|1.000,0.376|0.389|0.382,0.437|0.466|0.451
127,progressif,il est en train de parler,a bɛ́ kà kúma,a bɛ́ kà kúma,PASS,PRON AUX VERB,PRON NOUN NOUN NOUN,il/PRON/nsubj->4 est/AUX/cop->4 parler/VERB/ROOT->4,a/PRON/nmod:poss->2 bɛ́/NOUN/nmod:poss->3 kà/NOUN/nmod:poss->4 kúma/NOUN/root->0,a bɛ kuma,a bɛ kuma,il parle,Il parle,1.000,0.559,0.260,0.992,0.128,0.128,1.000|1.000|1.000,0.421|0.410|0.415,0.359|0.343|0.351
128,futur,je vais manger,ń bɛ na dúnli kɛ,ń bɛ na dúnli kɛ,PASS,PRON VERB VERB,NOUN VERB ADP NOUN NOUN,je/PRON/nsubj->2 vais/VERB/ROOT->0 manger/VERB/xcomp->2,ń/NOUN/nsubj->2 bɛ/VERB/root->0 na/ADP/case->4 dúnli/NOUN/obl->2 kɛ/NOUN/punct->2,N bɛ taa dumuni kɛ,ne bɛ dumuni kɛ,je vais manger,"Je mange,",1.000,0.371,0.568,0.996,0.200,0.204,1.000|1.000|1.000,0.431|0.478|0.453,0.455|0.466|0.460
129,futur,il va partir,a bɛ na fáɲi,a bɛ na fáɲi,PASS,PRON VERB VERB,PRON VERB ADP NOUN,il/PRON/nsubj->2 va/VERB/ROOT->0 partir/VERB/xcomp->2,a/PRON/nsubj->2 bɛ/VERB/root->0 na/ADP/case->4 fáɲi/NOUN/obl->2,a bɛ taa bɔ yen,a bɛ taa,il va là-bas,il s'en va,1.000,0.659,0.421,0.992,0.457,0.481,1.000|1.000|1.000,0.470|0.528|0.497,0.237|0.248|0.242
130,futur_neg,je n'irai pas,n tɛ na táa,ń tɛ́nà táa,FAIL,PRON ADV VERB ADV,NOUN AUX VERB,je/PRON/nsubj->3 n'/ADV/advmod->3 irai/VERB/ROOT->0 pas/ADV/advmod->3,ń/NOUN/nsubj->3 tɛ́nà/AUX/aux->3 táa/VERB/root->0,Ne tɛna taa,ne tɛ taa,je n'irai pas,je ne vais pas,1.000,0.570,0.681,0.128,0.000,0.128,1.000|1.000|1.000,0.591|0.561|0.576,0.504|0.470|0.486
131,past_neg,je n'ai pas mangé,ń ma dúnli kɛ,ń ma dúnli kɛ,PASS,PRON ADV AUX ADV VERB,NOUN AUX NOUN VERB,je/PRON/nsubj->5 n'/ADV/advmod->5 ai/AUX/aux:tense->5 pas/ADV/advmod->5 mangé/VERB/ROOT->0,ń/NOUN/nsubj->4 ma/AUX/aux->4 dúnli/NOUN/obj->4 kɛ/VERB/root->0,N ma dumuni kɛ,ne ma dumuni kɛ,Je n'ai pas mangé la nourriture,je n'ai pas mangé,1.000,0.351,0.488,0.992,0.250,0.250,1.000|1.000|1.000,0.278|0.310|0.293,0.708|0.681|0.694
132,past_neg,il n'a pas parlé,a ma kúma,a ma kúma,PASS,PRON ADV AUX ADV VERB,PRON AUX VERB,il/PRON/nsubj->5 n'/ADV/advmod->5 a/AUX/aux:tense->5 pas/ADV/advmod->5 parlé/VERB/ROOT->0,a/PRON/nsubj->3 ma/AUX/aux->3 kúma/VERB/root->0,a ma kuma,a ma kuma,il n'a pas parlé,il ne parlait pas,1.000,0.384,0.294,0.981,0.625,0.625,1.000|1.000|1.000,0.177|0.223|0.197,0.399|0.387|0.393
133,habitude,il mangeait du riz,a tùn bɛ màlo dún,a tùn bɛ màlo dún,PASS,PRON VERB DET NOUN,PRON AUX NOUN VERB,il/PRON/nsubj->2 mangeait/VERB/ROOT->0 du/DET/det->4 riz/NOUN/obj->2,a/PRON/nsubj->4 tùn bɛ/AUX/aux->4 màlo/NOUN/obj->4 dún/VERB/root->0,a ye tiga dun,a tun bɛ roso dun,il a mangé du riz,Il mangeait du riz.,1.000,0.623,0.380,0.996,0.102,0.200,1.000|1.000|1.000,0.534|0.537|0.535,0.268|0.243|0.255
134,habitude,je travaillais,ń tùn bɛ báara la,ń tùn bɛ báara la,PASS,PRON VERB,NOUN AUX VERB,je/PRON/nsubj->2 travaillais/VERB/ROOT->0,ń/NOUN/nsubj->3 tùn bɛ/AUX/aux->3 báara la/VERB/root->0,N tun bɛ baara la,ne tun bɛ baara la,j'étais au travail,j'étais au travail,1.000,0.272,0.708,0.996,0.200,0.200,1.000|1.000|1.000,0.406|0.477|0.439,0.476|0.489|0.482
135,simple_purposive_coordinated,Je te donne de l'argent pour cuisiner et manger,n bɛ wárí di i ma walasa ka tóbili kɛ́ ani ka dúnli kɛ,ń bɛ wári dí í ma walasa ka gàdali kɛ ani ka dúnli kɛ,FAIL,PRON PRON VERB ADP DET NOUN ADP VERB CCONJ VERB,NOUN AUX NOUN VERB,Je/PRON/nsubj->3 te/PRON/iobj->3 donne/VERB/ROOT->0 de/ADP/det->6 l'/DET/fixed->4 argent/NOUN/obj->3 pour/ADP/mark->8 cuisiner/VERB/advcl->3 et/CCONJ/cc->10 manger/VERB/conj->8,ń/NOUN/nsubj->4 bɛ/AUX/aux->4 wári/NOUN/obj->4 dí/VERB/root->0,N bɛ wari di i ma i ka tobili kɛ ka dumuni kɛ,Ne bɛ wari di i ma ka dumuni tobi ani ka dumuni kɛ,Je te donne de l'argent pour cuisiner et manger,Je te donnerai de l'argent pour que tu cuisses et que tu manges.,0.979,0.472,0.416,0.556,0.383,0.505,0.982|0.982|0.982,0.475|0.502|0.488,0.546|0.586|0.565
136,complex_comitative_relative,Je veux manger avec mon mari et ma fille qui est malade,ń bɛ ŋàniya ka dúnli kɛ ni n fúrucɛ ni n dénmuso yé mìn jànkarotɔ dòn,ń bɛ ŋàniya ka dúnli kɛ ni n cɛ̀ ni n dénmuso yé mìn jànkarotɔ dòn,FAIL,PRON VERB VERB ADP DET NOUN CCONJ DET NOUN PRON AUX ADJ,NOUN AUX VERB AUX NOUN VERB ADP PRON NOUN ADP PRON NOUN NOUN ADV DET NOUN,Je/PRON/nsubj->2 veux/VERB/ROOT->0 manger/VERB/xcomp->2 avec/ADP/case->6 mon/DET/det->6 mari/NOUN/obl:mod->3 et/CCONJ/cc->9 ma/DET/det->9 fille/NOUN/conj->6 qui/PRON/nsubj->12 est/AUX/cop->12 malade/ADJ/acl:relcl->9,ń/NOUN/nsubj->3 bɛ/AUX/aux->3 ŋàniya/VERB/root->0 ka/AUX/aux->6 dúnli/NOUN/obj->6 kɛ/VERB/xcomp->3 ni/ADP/case->9 n/PRON/nmod:poss->9 cɛ̀/NOUN/nmod:poss->12 ni/ADP/case->9 n/PRON/nmod:poss->12 dénmuso/NOUN/nmod:poss->13 yé/NOUN/obl->6 mìn/ADV/case->13 jànkarotɔ/DET/det->13 dòn/NOUN/obl->3,N b’a fɛ ka dumuni kɛ ni n cɛ ye ani n denmuso banabagatɔ,Ne b'a fɛ ka dumuni kɛ ni ne cɛ ni ne denmuso banabaatɔ ye,Je veux manger avec mon mari et ma fille malade,Je voudrais manger avec mon mari et ma fille qui sont malades.,1.000,0.603,0.467,0.936,0.158,0.200,1.000|1.000|1.000,0.477|0.488|0.482,0.484|0.471|0.478
137,verb_serial_dative,il donne le livre à l'enfant,a bɛ gáfe dí dén ma,a bɛ gáfe dí dén ma,PASS,PRON VERB DET NOUN ADP DET NOUN,PRON AUX NOUN VERB,il/PRON/nsubj->2 donne/VERB/ROOT->0 le/DET/det->4 livre/NOUN/obj->2 à/ADP/case->7 l'/DET/det->7 enfant/NOUN/obl:arg->2,a/PRON/nsubj->4 bɛ/AUX/aux->4 gáfe/NOUN/obj->4 dí/VERB/root->0,a bɛ gafe in di den ma,a bɛ kitabu di den ma,il donne le livre à l'enfant,et il donna le livre au jeune homme.,1.000,0.592,0.380,0.998,0.419,0.426,1.000|1.000|1.000,0.444|0.481|0.462,0.572|0.578|0.575
138,privative_pron,sans moi,n kɔ,n kɔ,PASS,ADP PRON,PRON NOUN,sans/ADP/case->2 moi/PRON/ROOT->0,n/PRON/nmod:poss->2 kɔ/NOUN/root->0,ni ne tɛ yen,ni ne tɛ,en mon absence,si je ne suis pas,1.000,0.509,0.549,0.938,0.000,0.000,1.000|1.000|1.000,0.368|0.417|0.391,0.434|0.467|0.450
139,privative_clause,"sans moi, tu ne pourras pas partir","n kɔ, i tɛ na se ka fáɲi","n kɔ, í tɛ́nà sé ka fáɲi",FAIL,ADP PRON PUNCT PRON ADV VERB ADV VERB,PRON NOUN PUNCT NOUN NOUN NOUN AUX VERB,"sans/ADP/case->2 moi/PRON/obl:mod->6 ,/PUNCT/punct->6 tu/PRON/nsubj->6 ne/ADV/advmod->6 pourras/VERB/ROOT->0 pas/ADV/advmod->6 partir/VERB/punct->6","n/PRON/nmod:poss->2 kɔ/NOUN/vocative->8 ,/PUNCT/punct->2 í/NOUN/nmod:poss->5 tɛ́nà/NOUN/nmod:poss->6 sé/NOUN/nsubj->8 ka/AUX/aux->8 fáɲi/VERB/root->0",ni ne tɛ i tɛna se ka bɔ yen,"ni ne tɛ, i tɛ se ka taa",sans moi tu ne pourras pas partir,"Si je ne viens pas, tu ne peux pas venir.",1.000,0.389,0.438,0.475,0.390,0.469,1.000|1.000|1.000,0.479|0.477|0.478,0.370|0.375|0.372
140,privative_noun,Ce légume est sans cuisson,nin lègimu in yé tóbibali yé,nin lègimu in yé gàdatan yé,FAIL,DET NOUN AUX ADP NOUN,DET NOUN DET NOUN VERB NOUN,Ce/DET/det->2 légume/NOUN/nsubj->5 est/AUX/cop->5 sans/ADP/case->5 cuisson/NOUN/ROOT->0,nin/DET/det->2 lègimu/NOUN/nmod:poss->4 in/DET/det->2 yé/NOUN/nsubj->5 gàdatan/VERB/root->0 yé/NOUN/obl->5,Nin nakɔfɛn in ye tobilikɛbali ye,O jiriden tɛ tobi,Ce légume n'est pas cuit,Ce fruit ne cuit pas,0.917,0.617,0.368,0.807,0.167,0.000,0.792|0.792|0.792,0.759|0.763|0.761,0.489|0.467|0.478
141,privative_verb,il est parti sans avertir,a fáɲira ka sɔrɔ a ma sàrali kɛ,a fáɲira ka sɔrɔ a ma sàrali kɛ,PASS,PRON AUX VERB ADP VERB,PRON VERB AUX VERB PRON ADP PROPN NOUN,il/PRON/nsubj->3 est/AUX/aux:tense->3 parti/VERB/ROOT->0 sans/ADP/mark->5 avertir/VERB/advcl->3,a/PRON/nsubj->2 fáɲira/VERB/root->0 ka/AUX/aux->4 sɔrɔ/VERB/xcomp->2 a/PRON/obl->4 ma/ADP/case->5 sàrali/PROPN/nmod:poss->8 kɛ/NOUN/obl->4,a bɔra yen k'a sɔrɔ a ma lasɔmi,a taara n'a ma a lasɔmi,il est parti sans prévenir,Il le conduisit sans lui faire de reproche.,1.000,0.393,0.267,0.999,0.469,0.192,1.000|1.000|1.000,0.450|0.443|0.446,0.381|0.394|0.388
142,privative_noun,sans eau,jítan,jítan,PASS,ADP NOUN,NOUN,sans/ADP/case->2 eau/NOUN/ROOT->0,jítan/NOUN/root->0,ji tɛ min na,ji tɛ yen,sans eau,il n'y a pas d'eau,1.000,0.703,0.678,0.500,0.000,0.000,1.000|1.000|1.000,0.584|0.649|0.615,0.543|0.589|0.565
143,privative_noun,sans argent,wárítan,wáritan,FAIL,ADP NOUN,NOUN,sans/ADP/case->2 argent/NOUN/ROOT->0,wáritan/NOUN/root->0,wari tɛ min na,wari tɛ,sans argent,pas d'argent,1.000,0.703,0.642,0.000,0.000,0.000,1.000|1.000|1.000,0.583|0.637|0.609,0.568|0.591|0.579
144,relative_topic_neg,Une femme qui a eu un enfant ne peut pas abandonner son enfant,"mùso mìn ye dén sɔrɔ, o tɛ sé ka a dén bìla","mùso mìn ye dén sɔrɔ, o tɛ sé ka a dén bìla",PASS,DET NOUN PRON AUX VERB DET NOUN ADV VERB ADV VERB DET NOUN,NOUN ADV AUX NOUN VERB PUNCT PRON VERB NOUN ADP PRON NOUN VERB,Une/DET/det->2 femme/NOUN/nsubj->9 qui/PRON/nsubj->5 a/AUX/aux:tense->5 eu/VERB/acl:relcl->2 un/DET/det->7 enfant/NOUN/obj->5 ne/ADV/advmod->9 peut/VERB/ROOT->0 pas/ADV/advmod->9 abandonner/VERB/xcomp->9 son/DET/det->13 enfant/NOUN/obj->11,"mùso/NOUN/nsubj->5 mìn/ADV/appos->1 ye/AUX/aux->5 dén/NOUN/obj->5 sɔrɔ/VERB/root->0 ,/PUNCT/punct->5 o/PRON/nsubj->8 tɛ/VERB/parataxis->5 sé/NOUN/nmod:poss->11 ka/ADP/case->9 a/PRON/nmod:poss->12 dén/NOUN/nsubj->13 bìla/VERB/parataxis->8","Muso min ye den sɔrɔ, o tɛ se k’a den bila","Muso min ye den sɔrɔ, o tɛ se ka a den to yen.",Une femme qui a accouché ne peut pas abandonner son enfant,Une femme qui enfante ne doit pas renoncer à son enfant.,0.959,0.415,0.423,1.000,0.315,0.465,0.958|0.963|0.961,0.311|0.325|0.318,0.570|0.579|0.575
145,equative_relative,Les djihadistes montrent clairement qu'ils sont les maîtres du jeu,bànbaganciw bɛ jìrali kɛ fɛ́rɛtɛtɛ ko u yé túlon tìgiw yé,bànbaganciw bɛ jìrali kɛ fɛ́rɛtɛtɛ ko u yé túlon tìgiw yé,FAIL,DET NOUN VERB ADV SCONJ PRON AUX DET NOUN ADP NOUN,NOUN AUX VERB,Les/DET/det->2 djihadistes/NOUN/nsubj->3 montrent/VERB/ROOT->0 clairement/ADV/advmod->3 qu'/SCONJ/mark->9 ils/PRON/nsubj->9 sont/AUX/cop->9 les/DET/det->9 maîtres/NOUN/ccomp->3 du/ADP/case->11 jeu/NOUN/nmod->9,bànbaganciw/NOUN/nsubj->3 bɛ/AUX/aux->3 jìrali kɛ/VERB/root->0,Jihadikɛlaw b’a jira ka jɛya k’olu de ye tulon in ɲɛmɔgɔw ye,Jihadistiw y'a jira k'a jɛya ko u ye ɲɔgɔndantigɛlaw ye,Les djihadistes sont clairement les champions du jeu,Les djihadistes se sont montrés clairement compétitifs,0.856,0.442,0.494,0.909,0.000,0.172,0.660|0.663|0.662,0.477|0.471|0.474,0.549|0.516|0.532
146,comitative,je suis avec mon mari,n ni n cɛ dòn,ń bɛ ni n cɛ̀ yé,FAIL,PRON AUX ADP DET NOUN,NOUN VERB SCONJ PRON NOUN NOUN,je/PRON/ROOT->0 suis/AUX/cop->5 avec/ADP/case->5 mon/DET/det->5 mari/NOUN/conj->1,ń/NOUN/nsubj->2 bɛ/VERB/root->0 ni/SCONJ/mark->5 n/PRON/nmod:poss->5 cɛ̀/NOUN/nmod:poss->6 yé/NOUN/parataxis:obj->2,Ne bɛ n cɛ fɛ,ne ni n cɛ bɛ ɲɔgɔn fɛ,Je suis avec mon mari,Je suis avec mon mari,1.000,0.624,0.347,0.368,0.375,0.566,1.000|1.000|1.000,0.426|0.427|0.426,0.399|0.359|0.378
147,comitative_genitive,Je suis avec la fille du frère de mon ami,n ni n terikɛ balimakɛ denmuso dòn,ń bɛ ni n téri bálima dénmuso yé,FAIL,PRON AUX ADP DET NOUN ADP NOUN ADP DET NOUN,NOUN VERB SCONJ PRON NOUN NOUN NOUN NOUN,Je/PRON/nsubj->5 suis/AUX/cop->5 avec/ADP/case->5 la/DET/det->5 fille/NOUN/ROOT->0 du/ADP/case->7 frère/NOUN/nmod->5 de/ADP/case->10 mon/DET/det->10 ami/NOUN/nmod->7,ń/NOUN/nsubj->2 bɛ/VERB/root->0 ni/SCONJ/mark->7 n/PRON/nmod:poss->5 téri/NOUN/nmod:poss->6 bálima/NOUN/nmod:poss->7 dénmuso/NOUN/nmod:poss->8 yé/NOUN/parataxis:obj->2,N bɛ n terikɛ balimakɛ denmuso fɛ,Ne ni n teri balimakɛ denmuso bɛ ɲɔgɔn fɛ,je suis avec le cousin de mon ami,Je suis avec la fille de mon frère qui est mon ami.,1.000,0.594,0.512,0.264,0.691,0.521,1.000|1.000|1.000,0.593|0.558|0.575,0.538|0.536|0.537
148,comitative_action,je mange avec mon ami,ń bɛ dúnli kɛ ni n téri yé,ń bɛ dúnli kɛ ni n téri yé,PASS,PRON VERB ADP DET NOUN,NOUN VERB NOUN NOUN SCONJ PRON NOUN NOUN,je/PRON/nsubj->2 mange/VERB/ROOT->0 avec/ADP/case->5 mon/DET/det->5 ami/NOUN/obl:mod->2,ń/NOUN/nsubj->2 bɛ/VERB/root->0 dúnli/NOUN/nmod:poss->4 kɛ/NOUN/nmod:poss->8 ni/SCONJ/case->8 n/PRON/nmod:poss->7 téri/NOUN/nmod:poss->8 yé/NOUN/obl->2,N bɛ dumuni kɛ ni n terikɛ ye,ne bɛ dumuni kɛ ni n tericɛ ye,je dîne avec mon ami,je suis à table avec mon ami,1.000,0.400,0.238,0.999,0.469,0.469,1.000|1.000|1.000,0.426|0.481|0.452,0.413|0.399|0.406
149,reciprocal,nous nous aimons,ánw bɛ ɲɔgɔn fɛ́,ánw bɛ ɲɔgɔn kànu,FAIL,PRON PRON VERB,PRON VERB ADV INTJ,nous/PRON/nsubj->3 nous/PRON/obj->3 aimons/VERB/ROOT->0,ánw/PRON/nsubj->2 bɛ/VERB/root->0 ɲɔgɔn/ADV/obl->2 kànu/INTJ/discourse->2,an bɛ ɲɔgɔn kanu,an bɛ ɲɔgɔn kanu,nous nous aimons,"nous aimons les uns les autres,",1.000,0.493,0.776,0.736,0.469,0.469,1.000|1.000|1.000,0.444|0.479|0.461,0.612|0.669|0.639
150,reciprocal,ils se battent,ù bɛ kɛlɛ kɛ,u bɛ ɲɔgɔn gòsi,FAIL,PRON PRON VERB,PRON VERB ADV NOUN,ils/PRON/nsubj->3 se/PRON/expl:comp->3 battent/VERB/ROOT->0,u/PRON/nsubj->2 bɛ/VERB/root->0 ɲɔgɔn/ADV/obl->2 gòsi/NOUN/parataxis:obj->2,u bɛ kɛlɛ kɛ,u bɛ ɲɔgɔn kɛlɛ,ils se battent,Ils se battent les uns contre les autres,1.000,0.255,0.296,0.125,0.736,0.250,1.000|1.000|1.000,0.478|0.524|0.500,0.441|0.445|0.443
151,reciprocal,nous nous parlons,ánw bɛ kúma ɲɔgɔn fɛ,ánw bɛ kúma ɲɔgɔn fɛ,PASS,PRON PRON VERB,PRON VERB NOUN ADV VERB,nous/PRON/nsubj->3 nous/PRON/expl:comp->3 parlons/VERB/ROOT->0,ánw/PRON/nsubj->2 bɛ/VERB/root->0 kúma/NOUN/nmod:poss->4 ɲɔgɔn/ADV/obl->2 fɛ/VERB/parataxis:obj->2,an bɛ kuma ɲɔgɔn fɛ,an bɛ kuma ɲɔgɔn fɛ,nous nous parlons,nous parlons ensemble,1.000,0.489,0.612,0.996,0.511,0.511,1.000|1.000|1.000,0.253|0.270|0.262,0.405|0.414|0.409
152,imperative,mange !,dumuni kɛ,dúnli kɛ,FAIL,VERB PUNCT,NOUN NOUN,mange/VERB/ROOT->0 !/PUNCT/punct->1,dúnli/NOUN/nmod:poss->2 kɛ/NOUN/root->0,ka dun!,A' ye dumuni kɛ!,manger!,Mange donc!,1.000,0.072,0.103,0.250,0.000,0.852,1.000|1.000|1.000,0.032|0.055|0.040,0.325|0.418|0.366
153,imperative,pars !,fáɲi,fáɲi,PASS,VERB PUNCT,NOUN,pars/VERB/ROOT->0 !/PUNCT/punct->1,fáɲi/NOUN/root->0,ka taa!,Aw bɛ taa!,aller!,Vous allez!,1.000,0.340,0.309,0.500,0.000,0.000,1.000|1.000|1.000,0.264|0.270|0.267,0.265|0.272|0.268
154,imperative,viens !,nà,nà,PASS,VERB PUNCT,NOUN,viens/VERB/ROOT->0 !/PUNCT/punct->1,nà/NOUN/root->0,ka na!,"A' ye na, a' ye na!",viens!,"Viens, viens, viens !",1.000,0.219,0.041,0.500,0.000,0.000,1.000|1.000|1.000,0.108|0.110|0.109,0.063|0.150|0.088
155,imperative,parle bambara !,bámanankan fɔ́,bámànan kúma,FAIL,VERB PROPN PUNCT,NUM NOUN,parle/VERB/ROOT->0 bambara/PROPN/obj->1 !/PUNCT/punct->1,bámànan/NUM/nmod:poss->2 kúma/NOUN/root->0,kuma bamanankan na!,A bɛ kuma bambara la!,parlez en basque !,Il parle en langues inconnues!,1.000,0.579,0.243,0.000,0.000,0.000,1.000|1.000|1.000,0.452|0.532|0.488,0.086|0.078|0.082
156,prohibitive,ne mange pas !,kàna dumuni kɛ,kàna dúnli kɛ,FAIL,ADV VERB ADV PUNCT,VERB NOUN NOUN,ne/ADV/advmod->2 mange/VERB/ROOT->0 pas/ADV/advmod->2 !/PUNCT/punct->2,kàna/VERB/root->0 dúnli/NOUN/nmod:poss->3 kɛ/NOUN/obl->1,aw kana dumuni kɛ !,Aw kana dumuni kɛ!,ne mange pas !,Ne mangez pas!,1.000,0.198,0.506,0.333,0.605,0.605,1.000|1.000|1.000,0.353|0.404|0.377,0.360|0.382|0.370
157,prohibitive,ne pars pas !,kàna fáɲi,kàna fáɲi,PASS,ADV VERB ADV PUNCT,VERB NOUN,ne/ADV/advmod->2 pars/VERB/ROOT->0 pas/ADV/advmod->2 !/PUNCT/punct->2,kàna/VERB/root->0 fáɲi/NOUN/obl->1,kana taa !,I kana taa!,c'est le taa !,Ne pars pas !,1.000,0.211,0.338,0.938,0.000,0.000,1.000|1.000|1.000,0.133|0.129|0.131,0.345|0.356|0.351
158,prohibitive,ne parle pas !,kàna kúma,kàna kúma,PASS,ADV VERB ADV PUNCT,VERB NOUN,ne/ADV/advmod->2 parle/VERB/ROOT->0 pas/ADV/advmod->2 !/PUNCT/punct->2,kàna/VERB/root->0 kúma/NOUN/obl->1,kana kuma !,I kana kuma!,ça fait mille !,Ne parle pas !,1.000,0.189,0.341,0.938,0.000,0.000,1.000|1.000|1.000,0.108|0.105|0.106,0.324|0.307|0.315
159,ownership,ce sac est pour ma fille,nin bɔ̀rɛ in yé n dénmuso ta yé,nin bɔ̀rɛ in yé n dénmuso ta yé,PASS,DET NOUN AUX ADP DET NOUN,NOUN VERB NOUN ADP,ce/DET/det->2 sac/NOUN/nsubj->6 est/AUX/cop->6 pour/ADP/case->6 ma/DET/det->6 fille/NOUN/ROOT->0,nin bɔ̀rɛ in/NOUN/nsubj->2 yé/VERB/root->0 n dénmuso ta/NOUN/obl->2 yé/ADP/case->3,nin bɔrɔ in ye n denmuso de ta ye,nin bɔrɔ ye ne denmuso de ye,ce sac est pour ma fille,ce sac est à ma fille,1.000,0.846,0.588,0.999,0.247,0.063,1.000|1.000|1.000,0.681|0.723|0.702,0.614|0.622|0.618
160,ownership_pron,Ce sac est pour moi,nin bɔ̀rɛ in yé n ta yé,nin bɔ̀rɛ in yé n ta yé,PASS,DET NOUN AUX ADP PRON,PRON DET DET NOUN PRON NOUN NOUN,Ce/DET/det->2 sac/NOUN/nsubj->5 est/AUX/cop->5 pour/ADP/case->5 moi/PRON/ROOT->0,nin/PRON/nmod:poss->4 bɔ̀rɛ/DET/det->1 in/DET/det->1 yé/NOUN/nmod:poss->6 n/PRON/nmod:poss->6 ta/NOUN/nmod:poss->7 yé/NOUN/root->0,Nin bɔrɔ in ye ne ta ye,O bɔrɔ ye ne ta ye,Ce sac est à moi,Ce sac est à moi,1.000,0.697,0.488,0.999,0.214,0.072,1.000|1.000|1.000,0.566|0.602|0.584,0.525|0.555|0.539
161,noun_phrase_alienable,la maison de mon ami,n terikɛ ka so,n téri ka só,FAIL,DET NOUN ADP DET NOUN,PRON NOUN ADP NOUN,la/DET/det->2 maison/NOUN/ROOT->0 de/ADP/case->5 mon/DET/det->5 ami/NOUN/nmod->2,n/PRON/nmod:poss->2 téri/NOUN/nmod:poss->4 ka/ADP/case->2 só/NOUN/root->0,n terikɛ ka so,ne teri ka so,la maison de mon ami,à la maison d'un ami,1.000,0.723,0.552,0.250,0.992,0.469,1.000|1.000|1.000,0.675|0.656|0.665,0.605|0.601|0.603
162,noun_phrase_coord,la participation citoyenne et démocratique,jàmaden jɔ̀yɔrɔ ani demokaratiki,jɔ̀yɔrɔ jàmaden ni demokaratiki,FAIL,DET NOUN ADJ CCONJ ADJ,NOUN NOUN CCONJ NOUN,la/DET/det->2 participation/NOUN/ROOT->0 citoyenne/ADJ/amod->2 et/CCONJ/cc->5 démocratique/ADJ/conj->3,jɔ̀yɔrɔ/NOUN/nmod:poss->2 jàmaden/NOUN/root->0 ni/CCONJ/cc->4 demokaratiki/NOUN/conj->2,jamanadenw ni demokarasi sendonni,jamanadenw ni jamanadenw ka jɛɲɔgɔnya,participation civique et démocratique,relations entre les citoyens et les citoyens,1.000,0.371,0.387,0.375,0.000,0.000,1.000|1.000|1.000,0.321|0.322|0.321,0.517|0.506|0.511
163,noun_phrase_genitive,La décision finale de la constitution du Mali,Mali dácogo làtigɛ lában,Mali kɔnsititisɔn làtigɛ fínali,FAIL,DET NOUN ADJ ADP DET NOUN ADP PROPN,PROPN ADV NOUN PROPN,La/DET/det->2 décision/NOUN/ROOT->0 finale/ADJ/amod->2 de/ADP/case->6 la/DET/det->6 constitution/NOUN/nmod->2 du/ADP/case->8 Mali/PROPN/nmod->6,Mali/PROPN/nmod:poss->2 kɔnsititisɔn/ADV/root->0 làtigɛ/NOUN/nmod:poss->4 fínali/PROPN/root->0,Mali sariyasunba ka latigɛ laban,Mali ka forobaciyɛn kolatigɛnin laban,Décision finale de la Constitution,La fin de la réforme du réseau au Mali,0.966,0.609,0.431,0.250,0.122,0.122,0.977|0.977|0.977,0.899|0.878|0.888,0.378|0.318|0.345
164,noun_phrase_genitive,le champ du vieux,kɔ̀rɔ ka fòro,kɔ̀rɔ ka fòro,PASS,DET NOUN ADP ADJ,NOUN ADP NOUN,le/DET/det->2 champ/NOUN/ROOT->0 du/ADP/case->4 vieux/ADJ/nmod->2,kɔ̀rɔ/NOUN/nmod:poss->3 ka/ADP/case->1 fòro/NOUN/root->0,cɛkɔrɔba ka foro,Cɛkɔrɔba ka foro,la ferme du vieil homme,Le champ d'un vieil homme,1.000,0.745,0.547,0.981,0.167,0.167,1.000|1.000|1.000,0.568|0.546|0.557,0.539|0.578|0.557
165,noun_phrase_genitive,la mère de l'enfant,dén ba,dén bá,FAIL,DET NOUN ADP DET NOUN,ADV NOUN,la/DET/det->2 mère/NOUN/ROOT->0 de/ADP/case->5 l'/DET/det->5 enfant/NOUN/nmod->2,dén/ADV/cc->2 bá/NOUN/root->0,den ba ye,den ba,la mère de l'enfant,mère de l'enfant,1.000,0.355,0.457,0.250,0.238,0.250,1.000|1.000|1.000,0.293|0.319|0.306,0.792|0.736|0.763
166,noun_phrase_genitive,la maison de Musa,Musa ka so,Musa ka só,FAIL,DET NOUN ADP PROPN,PART AUX NOUN,la/DET/det->2 maison/NOUN/ROOT->0 de/ADP/case->4 Musa/PROPN/nmod->2,Musa/PART/discourse->3 ka/AUX/aux->3 só/NOUN/root->0,Musa ka so,Musa ka so,La maison de Moïse,La maison de Moïse,1.000,0.751,0.511,0.625,0.981,0.981,1.000|1.000|1.000,0.634|0.632|0.633,0.547|0.539|0.543
167,infinitive,Promouvoir le bambara et les autres langues nationales,ka bámanankan ni násɔnali kán wɛ́rɛ bárabɔ,ka bámànan ni násɔnali nɛ̀n wɛ́rɛ bárabɔ,FAIL,VERB DET PROPN CCONJ DET ADJ NOUN ADJ,AUX NOUN CCONJ PROPN NOUN DET DET,Promouvoir/VERB/ROOT->0 le/DET/det->3 bambara/PROPN/obj->1 et/CCONJ/cc->7 les/DET/det->7 autres/ADJ/amod->7 langues/NOUN/conj->3 nationales/ADJ/amod->7,ka/AUX/aux->5 bámànan/NOUN/nmod:poss->5 ni/CCONJ/cc->4 násɔnali/PROPN/conj->2 nɛ̀n/NOUN/root->0 wɛ́rɛ/DET/det->5 bárabɔ/DET/det->5,Bamanankan ni fasokan wɛrɛw yiriwa,Bambara ni jamana kan wɛrɛw lafasali,Développer le basque et les autres langues nationales,Défense des langues étrangères et nationales,1.000,0.460,0.303,0.451,0.074,0.072,1.000|1.000|1.000,0.577|0.507|0.540,0.308|0.260|0.282
168,infinitive,manger du riz,ka màlo dún,ka màlo dún,PASS,VERB DET NOUN,AUX NOUN VERB,manger/VERB/ROOT->0 du/DET/det->3 riz/NOUN/obj->1,ka/AUX/aux->3 màlo/NOUN/obj->3 dún/VERB/root->0,tiga dun,ka dumuni kɛ,manger du riz,et manger,1.000,0.443,0.551,0.981,0.000,0.167,1.000|1.000|1.000,0.582|0.586|0.584,0.311|0.315|0.313
169,infinitive,parler bambara,ka bámanankan fɔ́,ka bámànan kúma,FAIL,VERB PROPN,AUX VERB NOUN,parler/VERB/ROOT->0 bambara/PROPN/obj->1,ka/AUX/aux->2 bámànan/VERB/root->0 kúma/NOUN/obl->2,bamanankan fɔ,bamanankan fɔli,parler la langue bambara,récitation,1.000,0.561,0.156,0.167,0.000,0.000,1.000|1.000|1.000,0.704|0.632|0.666,0.109|0.082|0.093
170,infinitive_neg,ne pas manger,kàna dúnli kɛ,kàna dúnli kɛ,PASS,ADV ADV VERB,VERB NOUN NOUN,ne/ADV/advmod->3 pas/ADV/advmod->3 manger/VERB/ROOT->0,kàna/VERB/root->0 dúnli/NOUN/nmod:poss->3 kɛ/NOUN/obl->1,ka dumuni kɛ,kana dumuni kɛ,manger la nourriture,ne mange pas,1.000,0.503,0.506,0.981,0.167,0.167,1.000|1.000|1.000,0.361|0.385|0.373,0.481|0.478|0.479
171,infinitive_list,"Promouvoir le bambara et les autres langues nationales, inclusion sociale, meilleure circulation de l'information","ka bámanankan ni Nasiyonali kán wɛ́rɛ bárabɔ, sendonli sosiyaliman, kùnnafoni ka jɛnsɛncogo fìsaman","ka bámànan ni násɔnali nɛ̀n wɛ́rɛ bárabɔ, [inclusion] sosiyali, kùnnafoni ka dònita fìsaman",FAIL,VERB DET PROPN CCONJ DET ADJ NOUN ADJ PUNCT NOUN ADJ PUNCT ADJ NOUN ADP DET NOUN,AUX NOUN CCONJ PROPN NOUN DET DET PUNCT NOUN VERB PUNCT NOUN AUX VERB NOUN,"Promouvoir/VERB/ROOT->0 le/DET/det->3 bambara/PROPN/obj->1 et/CCONJ/cc->7 les/DET/det->7 autres/ADJ/amod->7 langues/NOUN/conj->3 nationales/ADJ/amod->7 ,/PUNCT/punct->1 inclusion/NOUN/obl:mod->1 sociale/ADJ/amod->10 ,/PUNCT/punct->14 meilleure/ADJ/amod->14 circulation/NOUN/conj->1 de/ADP/case->17 l'/DET/det->17 information/NOUN/nmod->14","ka/AUX/aux->10 bámànan/NOUN/nmod:poss->5 ni/CCONJ/cc->4 násɔnali/PROPN/conj->2 nɛ̀n/NOUN/nmod:poss->9 wɛ́rɛ/DET/det->5 bárabɔ/DET/det->5 ,/PUNCT/punct->5 [inclusion]/NOUN/obj->10 sosiyali/VERB/root->0 ,/PUNCT/punct->10 kùnnafoni/NOUN/nsubj->14 ka/AUX/aux->14 dònita/VERB/parataxis->10 fìsaman/NOUN/obl->14","Bamanankan ni fasokan wɛrɛw yiriwa, sigidamɔgɔw sendonli, kunnafoniw jɛnsɛnni ka ɲɛ","Bambara ni jamana kanw lafasali, sigida jɛlenya, kunnafoniw jɛnsɛncogo ɲuman","Promouvoir la traduction et les autres langues maternelles, l’implication communautaire, une meilleure diffusion de l’information","Défense des langues nationales, propreté sociale, bonne diffusion de l'information",1.000,0.380,0.284,0.440,0.117,0.079,1.000|1.000|1.000,0.463|0.426|0.444,0.363|0.323|0.342
172,complex_relative,"Mais la situation reste très incertaine au Mali, qui s'enfonce toujours plus dans le chaos","nka kísa bɛ tó siga la kojugu Mali la, mìn bɛ a yɛrɛ tíntin túgun kùnmafili kɔnɔ","nka kísa bɛ tó yíranyiran kojugu Mali, mìn bɛ a yɛrɛ tíntin bádaaw kùnmafiliw kɔnɔ",FAIL,CCONJ DET NOUN VERB ADV ADJ ADP PROPN PUNCT PRON PRON VERB ADV ADV ADP DET NOUN,AUX PART AUX NOUN VERB NOUN PROPN PUNCT NOUN VERB PRON NOUN VERB INTJ NOUN NOUN,"Mais/CCONJ/cc->4 la/DET/det->3 situation/NOUN/nsubj->4 reste/VERB/ROOT->0 très/ADV/advmod->6 incertaine/ADJ/xcomp->4 au/ADP/case->8 Mali/PROPN/obl:mod->4 ,/PUNCT/punct->8 qui/PRON/nsubj->12 s'/PRON/expl:comp->12 enfonce/VERB/acl:relcl->8 toujours/ADV/advmod->14 plus/ADV/advmod->12 dans/ADP/case->17 le/DET/det->17 chaos/NOUN/obl:arg->12","nka/AUX/aux->5 kísa/PART/discourse->5 bɛ/AUX/aux->5 tó/NOUN/obj->5 yíranyiran/VERB/root->0 kojugu/NOUN/xcomp->5 Mali/PROPN/appos->6 ,/PUNCT/punct->6 mìn/NOUN/nsubj->10 bɛ/VERB/parataxis->6 a/PRON/nmod:poss->12 yɛrɛ/NOUN/nsubj->13 tíntin/VERB/ccomp->10 bádaaw/INTJ/discourse->15 kùnmafiliw/NOUN/nmod:poss->16 kɔnɔ/NOUN/obl->13","Nka ko in bɛ senna kosɛbɛ Mali kɔnɔ, min bɛ ka jigin ka taa a fɛ ɲagami kɔnɔ","Nka halibi, Mali ka kow tɛ jɛya kosɛbɛ, a bɛ juguya ka taa ɲɛ.","Mais la situation est très importante en Malaisie, qui sombre encore davantage dans le chaos.","Mais la situation de Marie est encore incertaine, elle va de plus en plus mal.",1.000,0.416,0.338,0.701,0.175,0.120,1.000|1.000|1.000,0.331|0.288|0.308,0.439|0.415|0.427
173,existential_nominal_complex,Il existe un frein politique lié aux logiques de pouvoir des élites qui veulent maintenir la masse populaire à l'écart de la gouvernance,fɛrɛn pólitiki sìrilen bɛ ŋàaraw ka fànga sàriyaw la min bɛ ŋàniya ka jàma popilɛri lámìnɛ màra nkànfulori ma,fɛrɛn pólitiki sìrilen bɛ hɔ́rɔnya ka sé [logique] la min bɛ ŋàniya ka súgusugu popilɛri lámìnɛ [gouvernance] nkànfulori ma,FAIL,PRON VERB DET NOUN ADJ VERB ADP NOUN ADP NOUN ADP NOUN PRON VERB VERB DET NOUN ADJ ADP DET NOUN ADP DET NOUN,NOUN,Il/PRON/expl:subj->2 existe/VERB/ROOT->0 un/DET/det->4 frein/NOUN/obj->2 politique/ADJ/amod->4 lié/VERB/acl->4 aux/ADP/case->8 logiques/NOUN/obl:arg->6 de/ADP/case->10 pouvoir/NOUN/nmod->8 des/ADP/case->12 élites/NOUN/nmod->8 qui/PRON/nsubj->14 veulent/VERB/acl:relcl->12 maintenir/VERB/xcomp->14 la/DET/det->17 masse/NOUN/obj->15 populaire/ADJ/amod->17 à/ADP/case->21 l'/DET/det->21 écart/NOUN/obl:mod->15 de/ADP/case->24 la/DET/det->24 gouvernance/NOUN/nmod->21,fɛrɛn pólitiki sìrilen bɛ hɔ́rɔnya ka sé [logique] la min bɛ ŋàniya ka súgusugu popilɛri lámìnɛ [gouvernance] nkànfulori ma/NOUN/nsubj->0,"Politiki frein dɔ bɛ yen min bɛ tali kɛ mɔgɔba dɔw ka fanga hakilina na, minnu b’a fɛ ka jamanadenw ka jamanadenw yɔrɔ janya mara la",Politiki jɔyɔrɔ dɔ bɛ yen min ɲɛsinnen bɛ fanga dɔnniyaw ma minnu b'a fɛ ka jama tanga marali ma.,"Il existe un frein politique lié à la notion de pouvoir des élites, qui veulent éloigner la population indigène de la région.",Il existe une position politique qui concerne les sciences du pouvoir qui veulent protéger le public de la,0.935,0.508,0.358,0.720,0.216,0.132,0.845|0.851|0.848,0.402|0.358|0.379,0.352|0.325|0.338
174,complex_noun_phrase,"Chercheur associé à l'Institut français des relations internationales, Thierry Vircoulon revient pour 20 Minutes sur la situation explosive au Mali","ɲíninikɛla jɛ̀len Institut faransɛ cɛ́sira ɛntɛrinasiyɔnali la, Thierry Vircoulon bɛ sègin 20 mínitiw ye kísa bàlawumaman kan Mali la","ɲíninikɛla jɛ̀len cɛ́sira ɛntɛrinasiyɔnali Institut faransɛ, Thierry Vircoulon bɛ sègin 20 mínitiw ye kísa múgujugu kan Mali la",FAIL,NOUN VERB ADP DET PROPN ADJ ADP NOUN ADJ PUNCT PROPN PROPN VERB ADP NUM NOUN ADP DET NOUN ADJ ADP PROPN,NOUN AUX VERB,"Chercheur/NOUN/obl:mod->13 associé/VERB/acl->1 à/ADP/case->5 l'/DET/det->5 Institut/PROPN/nmod->1 français/ADJ/amod->5 des/ADP/case->8 relations/NOUN/nmod->5 internationales/ADJ/amod->8 ,/PUNCT/punct->13 Thierry/PROPN/nsubj->13 Vircoulon/PROPN/flat:name->11 revient/VERB/ROOT->0 pour/ADP/case->16 20/NUM/nummod->16 Minutes/NOUN/obl:mod->13 sur/ADP/case->19 la/DET/det->19 situation/NOUN/obl:arg->13 explosive/ADJ/amod->19 au/ADP/case->22 Mali/PROPN/nmod->19",Thierry Vircoulon/NOUN/nsubj->3 bɛ/AUX/aux->3 sègin/VERB/root->0,"Ɲininikalan jɛɲɔgɔn min bɛ Faransi jamanaw ni ɲɔgɔn cɛ jɛɲɔgɔnyaw la, Thierry Vircoulon seginna ka na miniti 20 kɛ Mali kɔnɔ binkanniw kan","Thierry Vircoulon, fransɛkan diɲɛ tɔnba ka sɛgɛsɛgɛlikɛla dɔ ye, a bɛ segin 20 Minutes kan Mali ka banakɔnɔma ko kan","Chercheur associé en relations internationales en France, Thierry Vircoulon est de retour pour un discours de 20 minutes sur le terrorisme au Mali","Thierry Vircoulon, chercheur français de l'Organisation mondiale de la santé",1.000,0.587,0.438,0.888,0.247,0.251,1.000|1.000|1.000,0.435|0.436|0.436,0.303|0.306|0.305
175,complex_purposive,"L'université de Kumamoto recrute actuellement des participants pour le Programme d'apprentissage coopératif japonais, ainsi que des étudiants japonais pour la soutenir","Kumamoto iniwɛrisite bɛ jɔ̀yɔrɔtigiw cɛ̀ta hálisà dègeli kóperatifu zapɔnɛ pòrogaramu ye, ka fara kàlandenbaw zapɔnɛ kan walasa ka a bánban","Kumamoto iniwɛrisite bɛ jɛ̀ɛrɛtigiw cɛ̀ta hálisà dègeli kóperatifu zapɔnɛ pòrogaramu ye, ka fara kàlandenbaw zapɔnɛ kan walasa ka a bánban",FAIL,DET NOUN ADP PROPN VERB ADV DET NOUN ADP DET NOUN ADP NOUN ADJ ADJ PUNCT ADV DET NOUN ADJ ADP PRON VERB,NOUN AUX NOUN VERB,"L'/DET/det->2 université/NOUN/nsubj->5 de/ADP/case->4 Kumamoto/PROPN/nmod->2 recrute/VERB/ROOT->0 actuellement/ADV/advmod->5 des/DET/det->8 participants/NOUN/obj->5 pour/ADP/case->11 le/DET/det->11 Programme/NOUN/nmod->8 d'/ADP/case->13 apprentissage/NOUN/nmod->11 coopératif/ADJ/amod->13 japonais/ADJ/amod->13 ,/PUNCT/punct->8 ainsi que/ADV/cc->20 des/DET/det->20 étudiants/NOUN/conj->8 japonais/ADJ/amod->0 pour/ADP/mark->24 la/PRON/obj->24 soutenir/VERB/advcl->5",Kumamoto iniwɛrisite/NOUN/nsubj->4 bɛ/AUX/aux->4 jɛ̀ɛrɛtigiw/NOUN/obj->4 cɛ̀ta/VERB/root->0,"Kumamoto Iniwɛrisite bɛ ka mɔgɔ dɔw ta Japon jɛ-ka-baara kalan bolodalen na sisan, ka fara Japon kalandenw kan walasa k’a dɛmɛ","Kumamoto kalanso bɛ mɔgɔ dɔw sugandi sisan ka na dɛmɛ don Zapɔn ka baarakɛɲɔgɔn kalanko kan, ani Zapɔn kalanden dɔw fana ka na dɛmɛ don","L'Université de Kumamoto recrute actuellement pour le programme d'études coopératives japonais, ainsi que des étudiants japonais pour le soutenir.",L'Université Kumamoto choisit maintenant des personnes pour aider à l'éducation des,1.000,0.527,0.412,0.949,0.349,0.122,1.000|1.000|1.000,0.524|0.516|0.520,0.490|0.482|0.486
176,locative_adv,les gens sont ici,mɔ̀gɔw bɛ yàn,bìdenw bɛ yàn,FAIL,DET NOUN VERB ADV,NOUN VERB NOUN,les/DET/det->2 gens/NOUN/nsubj->3 sont/VERB/ROOT->0 ici/ADV/advmod->3,bìdenw/NOUN/nsubj->2 bɛ/VERB/root->0 yàn/NOUN/obl->2,mɔgɔw bɛ yan,môgôw bè yan,les gens sont là,Il y a des gens ici,0.911,0.529,0.498,0.625,0.167,0.000,0.814|0.831|0.823,0.509|0.500|0.504,0.695|0.655|0.674
177,locative_adv,il est là,a bɛ yèn,a bɛ yèn,PASS,PRON VERB ADV,PRON VERB NOUN,il/PRON/expl:subj->2 est/VERB/ROOT->0 là/ADV/obl:arg->2,a/PRON/nsubj->2 bɛ/VERB/root->0 yèn/NOUN/obl->2,a bɛ yen,a bɛ yan,exister,il est ici,1.000,0.831,0.335,0.981,0.625,0.625,1.000|1.000|1.000,0.673|0.694|0.683,0.290|0.284|0.287
178,nummod_subject,deux hommes sont partis,mɔ̀gɔw fila fáɲira,mɔ̀gɔw fila fáɲira,PASS,NUM NOUN AUX VERB,NOUN NUM VERB,deux/NUM/nummod->2 hommes/NOUN/nsubj->4 sont/AUX/aux:tense->4 partis/VERB/ROOT->0,mɔ̀gɔw/NOUN/nsubj->3 fila/NUM/nummod->1 fáɲira/VERB/root->0,cɛ fila bɔra yen,cɛ fila taara,il reste deux hommes,deux hommes s'en allèrent,1.000,0.469,0.680,0.981,0.161,0.167,1.000|1.000|1.000,0.316|0.322|0.319,0.670|0.641|0.655
179,nummod_subject,trois enfants mangent du riz,dénw saba bɛ iri dún,dénw saba bɛ màlo dún,FAIL,NUM NOUN VERB DET NOUN,NOUN AUX NOUN VERB,trois/NUM/nummod->2 enfants/NOUN/nsubj->3 mangent/VERB/ROOT->0 du/DET/det->5 riz/NOUN/obj->3,dénw saba/NOUN/nsubj->4 bɛ/AUX/aux->4 màlo/NOUN/obj->4 dún/VERB/root->0,den saba bɛ tiga dun,Denmisɛn saba bɛ pɔri dun,trois enfants mangent du riz,Trois enfants mangent des porcs,1.000,0.593,0.669,0.750,0.375,0.375,1.000|1.000|1.000,0.581|0.621|0.600,0.689|0.652|0.670
180,nummod_locative,cinq femmes sont ici,númanfɛlakaw duuru bɛ yàn,mùsow duuru bɛ yàn,FAIL,NUM NOUN AUX ADV,NOUN VERB NOUN,cinq/NUM/nummod->2 femmes/NOUN/nsubj:pass->4 sont/AUX/cop->4 ici/ADV/ROOT->0,mùsow duuru/NOUN/nsubj->2 bɛ/VERB/root->0 yàn/NOUN/obl->2,muso duuru de bɛ yan,muso duuru bɛ yan,il y a cinq femmes ici,"Il y avait ici cinq femmes,",1.000,0.797,0.810,0.736,0.244,0.469,1.000|1.000|1.000,0.666|0.712|0.688,0.749|0.757|0.753
181,nummod_object,j'ai acheté deux livres,n yé kìtabuw fila sàn,n ye gáfew fila sàn,FAIL,PRON AUX VERB NUM NOUN,PRON AUX NOUN VERB,j'/PRON/nsubj->3 ai/AUX/aux:tense->3 acheté/VERB/ROOT->0 deux/NUM/nummod->5 livres/NOUN/obj->3,n/PRON/nsubj->4 ye/AUX/aux->4 gáfew fila/NOUN/obj->4 sàn/VERB/root->0,N ye gafe fila san,ne ye kitabu fila san,J'ai acheté deux livres,j'ai acheté deux livres,1.000,0.547,0.542,0.511,0.200,0.100,1.000|1.000|1.000,0.462|0.467|0.465,0.577|0.538|0.557
182,intrans_action_progressif,je suis en train de travailler,ń bɛ́ kà báara kɛ,ń bɛ́ kà báara kɛ,PASS,PRON AUX VERB,NOUN NOUN NOUN VERB NOUN,je/PRON/nsubj->4 suis/AUX/cop->4 travailler/VERB/ROOT->4,ń/NOUN/nmod:poss->2 bɛ́/NOUN/nmod:poss->3 kà/NOUN/nsubj->4 báara/VERB/root->0 kɛ/NOUN/obl->4,Ne bɛ baara la,ne bɛ baara la,je suis au travail,je suis au travail,1.000,0.575,0.557,0.996,0.000,0.000,1.000|1.000|1.000,0.671|0.712|0.691,0.525|0.567|0.545
183,intrans_action_present_neg,je ne travaille pas,ń tɛ báara la,ń tɛ báara la,PASS,PRON ADV VERB ADV,NOUN AUX VERB,je/PRON/nsubj->3 ne/ADV/advmod->3 travaille/VERB/ROOT->0 pas/ADV/advmod->3,ń/NOUN/nsubj->3 tɛ/AUX/aux->3 báara la/VERB/root->0,Ne t baara k,ne tɛ baara kɛ,je ne travaille pas,je ne travaille pas,1.000,0.385,0.709,0.992,0.000,0.125,1.000|1.000|1.000,0.499|0.535|0.516,0.583|0.580|0.582
184,intrans_action_passe_pos,j'ai travaillé,ń ye báara kɛ,n ye báara kɛ,FAIL,PRON AUX VERB,PRON AUX NOUN VERB,j'/PRON/nsubj->3 ai/AUX/aux:tense->3 travaillé/VERB/ROOT->0,n/PRON/nsubj->4 ye/AUX/aux->4 báara/NOUN/obj->4 kɛ/VERB/root->0,N ye baara kɛ,ne ye baara kɛ,j'ai fait le travail,j'ai fait du travail,1.000,0.201,0.211,0.736,0.250,0.250,1.000|1.000|1.000,0.356|0.372|0.364,0.496|0.512|0.504
185,intrans_action_passe_neg,je n'ai pas travaillé,ń ma báara kɛ,ń ma báara kɛ,PASS,PRON ADV AUX ADV VERB,NOUN AUX NOUN VERB,je/PRON/nsubj->5 n'/ADV/advmod->5 ai/AUX/aux:tense->5 pas/ADV/advmod->5 travaillé/VERB/ROOT->0,ń/NOUN/nsubj->4 ma/AUX/aux->4 báara/NOUN/obj->4 kɛ/VERB/root->0,N ma baara kɛ,ne ma baara kɛ,je n'ai pas travaillé,je n'ai pas travaillé,1.000,0.371,0.495,0.992,0.250,0.250,1.000|1.000|1.000,0.360|0.361|0.361,0.580|0.575|0.578
186,intrans_action_hab_neg,je ne travaillais pas,n tùn tɛ báara la,ń tùn tɛ báara la,FAIL,PRON ADV VERB ADV,NOUN AUX VERB,je/PRON/nsubj->3 ne/ADV/advmod->3 travaillais/VERB/ROOT->0 pas/ADV/advmod->3,ń/NOUN/nsubj->3 tùn tɛ/AUX/aux->3 báara la/VERB/root->0,N tun tɛ baara la,ne tun tɛ baara kɛ,je ne travaillais pas,je n'ai pas travaillé,1.000,0.478,0.709,0.794,0.300,0.100,1.000|1.000|1.000,0.241|0.270|0.255,0.452|0.479|0.465
187,intrans_action_futur,je travaillerai,ń tùn tɛ báara la,ń bɛ́nà báara kɛ,FAIL,PRON VERB,NOUN AUX NOUN VERB,je/PRON/nsubj->2 travaillerai/VERB/ROOT->0,ń/NOUN/nsubj->4 bɛ́nà/AUX/aux->4 báara/NOUN/obj->4 kɛ/VERB/root->0,Ne bɛna baara kɛ,ne bɛ baara kɛ,je ferai le travail,je travaille,1.000,0.544,0.708,0.204,0.000,0.000,1.000|1.000|1.000,0.660|0.732|0.694,0.573|0.611|0.592
188,temporal_subordinator,quand il vient,túma mín a bɛ nà,túma mín a bɛ nà,PASS,SCONJ PRON VERB,NOUN ADV PRON VERB NOUN,quand/SCONJ/mark->3 il/PRON/nsubj->3 vient/VERB/ROOT->0,túma/NOUN/nsubj->4 mín/ADV/obl->4 a/PRON/nsubj->4 bɛ/VERB/root->0 nà/NOUN/parataxis:obj->4,ni a nana,ni a nana,est une grand-mère,quand il viendra,1.000,0.625,0.355,0.996,0.104,0.104,1.000|1.000|1.000,0.489|0.479|0.484,0.452|0.453|0.452
189,reported_comparative,les bambara disent que la raison de la venue de quelqu'un est plus importante que soi-même,bambaraw bɛ fɔ́ ko mɔ̀gɔ dɔ jɔ̀kun ka kùnba ka tɛmɛ a yɛrɛ kan,bámànanw bɛ fɔ́ ko mɔ̀gɔ dɔ jɔ̀kun ka kùnba ka tɛmɛ yɛrɛ kan,FAIL,DET PROPN VERB SCONJ DET NOUN ADP DET NOUN ADP DET AUX ADV ADJ SCONJ PRON PUNCT PRON,NOUN AUX VERB,les/DET/det->2 bambara/PROPN/nsubj->3 disent/VERB/ROOT->0 que/SCONJ/mark->15 la/DET/det->6 raison/NOUN/nsubj->15 de/ADP/case->9 la/DET/det->9 venue/NOUN/nmod->6 de/ADP/case->11 quelqu'un/DET/nmod->9 est/AUX/cop->15 plus/ADV/advmod->15 importante/ADJ/ccomp->3 que/SCONJ/mark->17 soi/PRON/dep->15 -/PUNCT/punct->3 même/PRON/nsubj->3,bámànanw/NOUN/nsubj->3 bɛ/AUX/aux->3 fɔ́/VERB/root->0,bamanankan b' a fɔ ko mɔgɔ dɔ nali kun ka bon ka tɛmɛ u yɛrɛ kan,"bambaraw b'a fɔ ko sababu min bɛ mɔgɔ na, o nafa ka bon ni yɛrɛ ta ye",la traduction dit que la venue de quelqu'un a un but plus grand que lui-même,"Les gens mauvais disent: ""C'est l'occasion qui donne l'excell",0.959,0.318,0.449,0.861,0.445,0.175,0.979|0.945|0.962,0.424|0.397|0.410,0.231|0.238|0.234
190,optatif,que tu viennes,í ka nà,í ka nà,PASS,SCONJ PRON VERB,NOUN ADP NOUN,que/SCONJ/mark->3 tu/PRON/nsubj->3 viennes/VERB/ROOT->0,í/NOUN/nmod:poss->3 ka/ADP/case->1 nà/NOUN/root->0,ko i ka na,ko i bɛ na,que tu devrais venir,que tu viendras,1.000,0.451,0.528,0.981,0.161,0.000,1.000|1.000|1.000,0.197|0.213|0.205,0.245|0.288|0.265
191,optatif,que Moussa mange,Moussa ka dumuni kɛ,Moussa ka dúnli kɛ,FAIL,SCONJ PROPN VERB,PART AUX NOUN VERB,que/SCONJ/mark->3 Moussa/PROPN/nsubj->3 mange/VERB/ROOT->0,Moussa/PART/discourse->4 ka/AUX/aux->4 dúnli/NOUN/obj->4 kɛ/VERB/root->0,ko Moussa bɛ dumuni kɛ,Musa bɛ min dun,que mange Moussa,Ce que Moïse mange,1.000,0.483,0.533,0.639,0.623,0.000,1.000|1.000|1.000,0.536|0.576|0.555,0.520|0.506|0.512
192,optatif_coi,que Dieu t'aide,Ala ka i dɛmɛ,Ála ka i dɛ̀mɛ,FAIL,SCONJ PROPN PRON VERB,NOUN AUX PRON VERB,que/SCONJ/mark->4 Dieu/PROPN/nsubj->4 t'/PRON/iobj->4 aide/VERB/ROOT->0,Ála/NOUN/nsubj->4 ka/AUX/aux->4 i/PRON/obj->4 dɛ̀mɛ/VERB/root->0,Ala ka aw dɛmɛ,Ala k'i dɛmɛ,Que Dieu vous bénisse les gars,Que Dieu vous aide,1.000,0.667,0.592,0.469,0.639,0.256,1.000|1.000|1.000,0.732|0.734|0.733,0.734|0.705|0.719
193,venir_de_propn,Je viens de Bamako,ń bɛ bɔ Bamako la,ń bɛ bɔ Bamako,FAIL,PRON VERB ADP PROPN,NOUN VERB NOUN VERB,Je/PRON/nsubj->2 viens/VERB/ROOT->0 de/ADP/case->4 Bamako/PROPN/obl:arg->2,ń/NOUN/nsubj->2 bɛ/VERB/root->0 bɔ/NOUN/obj->4 Bamako/VERB/xcomp->2,N bɛ bɔ Bamakɔ,Ne bɛ bɔ Bamako,je viens de Bamako,Je viens de Bamako,1.000,0.465,0.335,0.810,0.383,0.601,1.000|1.000|1.000,0.506|0.497|0.502,0.234|0.227|0.231
194,venir_de_noun,Je viens de l'école,ń bɛ bɔ làkɔli la,ń bɛ bɔ làkɔli la,PASS,PRON VERB ADP DET NOUN,NOUN VERB DET NOUN ADP,Je/PRON/nsubj->2 viens/VERB/ROOT->0 de/ADP/case->5 l'/DET/det->5 école/NOUN/obl:arg->2,ń/NOUN/nsubj->2 bɛ/VERB/root->0 bɔ/DET/det->4 làkɔli/NOUN/obl->2 la/ADP/case->4,N bɛ bɔ lakɔli la,Ne nana ka bɔ lakɔli la.,je quitte l'école,Je suis rentré de l'école.,1.000,0.514,0.626,0.996,0.511,0.196,1.000|1.000|1.000,0.268|0.275|0.271,0.705|0.688|0.696
195,venir_de_verbe,Je viens de manger,ń bɔra ka dúnli kɛ,ń bɔra ka dúnli kɛ,PASS,PRON VERB ADP VERB,NOUN VERB AUX NOUN VERB,Je/PRON/nsubj->2 viens/VERB/ROOT->0 de/ADP/mark->4 manger/VERB/xcomp->2,ń/NOUN/nsubj->2 bɔra/VERB/root->0 ka/AUX/aux->5 dúnli/NOUN/obj->5 kɛ/VERB/xcomp->2,N ye dumuni kɛ dɔrɔn,Ne ye dumuni kɛ sisan.,je viens de manger la nourriture,Je viens de manger.,1.000,0.198,0.290,0.996,0.100,0.100,1.000|1.000|1.000,0.237|0.281|0.258,0.468|0.481|0.475
196,venir_de_verbe,Il vient de partir,a bɔra ka fáɲi,a bɔra ka fáɲi,PASS,PRON VERB ADP VERB,PRON VERB AUX VERB,Il/PRON/nsubj->2 vient/VERB/ROOT->0 de/ADP/mark->4 partir/VERB/xcomp->2,a/PRON/nsubj->2 bɔra/VERB/root->0 ka/AUX/aux->4 fáɲi/VERB/xcomp->2,A bɔra yen dɔrɔn,A bɔra sisan dɔrɔn.,Il vient de partir de là,Il vient de sortir.,1.000,0.350,0.209,0.992,0.469,0.469,1.000|1.000|1.000,0.151|0.158|0.155,0.175|0.168|0.171
197,conj_avec_locatif,elle alla au village et demande des infos,a táara wa a ye ɛnfo ɲíni dùgu la,a táara wa a ye ɛnfo ɲíni dùgu la,PASS,PRON VERB ADP NOUN CCONJ VERB DET NOUN,PRON VERB PART PRON AUX ADP NOUN NOUN ADP,elle/PRON/nsubj->2 alla/VERB/ROOT->0 au/ADP/case->4 village/NOUN/obl:arg->2 et/CCONJ/cc->6 demande/VERB/conj->2 des/DET/det->8 infos/NOUN/obj->6,a/PRON/nsubj->2 táara/VERB/root->0 wa/PART/discourse->8 a/PRON/nmod:poss->7 ye/AUX/aux->6 ɛnfo/ADP/case->4 ɲíni/NOUN/nmod:poss->8 dùgu/NOUN/obl->2 la/ADP/case->8,a taara dugu la ka kunnafoni ɲini,a taara dugu kɔnɔ ka kunnafoni ɲini,il est allé en ville pour obtenir des informations,Il se rendit à la ville pour y chercher des explications.,1.000,0.566,0.304,0.999,0.114,0.057,1.000|1.000|1.000,0.638|0.636|0.637,0.490|0.478|0.484
198,verb_serial_conj,elle alla trouver et demande des informations,a táara ka yé wa a bɛ kùnnafoni ɲíni,a táara ka yé wa a bɛ kùnnafoni ɲíni,PASS,PRON VERB VERB CCONJ VERB DET NOUN,PRON VERB AUX NOUN CCONJ PRON VERB NOUN NOUN,elle/PRON/nsubj->2 alla/VERB/ROOT->0 trouver/VERB/xcomp->2 et/CCONJ/cc->5 demande/VERB/conj->3 des/DET/det->7 informations/NOUN/obj->5,a/PRON/nsubj->2 táara/VERB/root->0 ka/AUX/aux->7 yé/NOUN/obj->7 wa/CCONJ/cc->6 a/PRON/conj->4 bɛ/VERB/xcomp->2 kùnnafoni/NOUN/nmod:poss->9 ɲíni/NOUN/obl->7,a taara ɲinini kɛ ka kunnafoni ɲini,a taara a yɔrɔ ka kunnafoni ɲini,il est allé chercher des informations,Il s'en alla donc et demanda quelque chose.,1.000,0.551,0.327,0.999,0.114,0.170,1.000|1.000|1.000,0.636|0.623|0.630,0.576|0.580|0.578
199,comitative_motion,il est venu avec moi,a nàra ni n yé,a nàra ni n yé,PASS,PRON AUX VERB ADP PRON,PRON VERB ADP PRON NOUN,il/PRON/nsubj->3 est/AUX/aux:tense->3 venu/VERB/ROOT->0 avec/ADP/case->5 moi/PRON/obl:arg->3,a/PRON/nsubj->2 nàra/VERB/root->0 ni/ADP/case->5 n/PRON/nmod:poss->5 yé/NOUN/obl->2,a nana ni ne ye,a nana ni ne ye,il est venu avec moi,et il m'a amené,1.000,0.425,0.278,0.996,0.200,0.200,1.000|1.000|1.000,0.589|0.582|0.585,0.520|0.514|0.517
200,comitative_travail,elle travaille avec lui,a bɛ báara la ni a yé,a bɛ báara la ni ale yé,FAIL,PRON VERB ADP PRON,PRON VERB VERB ADP SCONJ PRON NOUN,elle/PRON/nsubj->2 travaille/VERB/ROOT->0 avec/ADP/case->4 lui/PRON/obl:arg->2,a/PRON/nsubj->2 bɛ/VERB/root->0 báara/VERB/parataxis:obj->2 la/ADP/case->7 ni/SCONJ/mark->7 ale/PRON/nmod:poss->7 yé/NOUN/obl->3,a bɛ baara kɛ n'a ye,a bɛ baara kɛ ni a ye,il l'utilise,il l'utilise,1.000,0.370,0.191,0.804,0.145,0.536,1.000|1.000|1.000,0.243|0.257|0.250,0.337|0.342|0.340
201,comitative_adj,Il est venu avec une dentition complète,a nàra ni ɲín dafalen yé,a nàra ni ɲín kɔ́nbilen yé,FAIL,PRON AUX VERB ADP DET NOUN ADJ,PRON VERB ADP NOUN ADJ NOUN,Il/PRON/nsubj->3 est/AUX/aux:tense->3 venu/VERB/ROOT->0 avec/ADP/case->6 une/DET/det->6 dentition/NOUN/obl:mod->3 complète/ADJ/amod->6,a/PRON/nsubj->2 nàra/VERB/root->0 ni/ADP/case->4 ɲín/NOUN/obl->2 kɔ́nbilen/ADJ/amod->4 yé/NOUN/obl->2,A nana ni ɲinw dafalen ye,A nana ni furakɛli dafalen ye,Il est venu avec des dents parfaites,Il a apporté une guérison complète,0.976,0.398,0.218,0.807,0.250,0.250,0.920|0.920|0.920,0.480|0.480|0.480,0.411|0.369|0.389
202,temporal_np_depuis,Depuis quelques mois,kabini sélidenninkalow dɔw,kabini kálow damadɔw,FAIL,ADP DET NOUN,SCONJ NOUN NOUN,Depuis/ADP/case->3 quelques/DET/det->3 mois/NOUN/ROOT->0,kabini/SCONJ/mark->3 kálow/NOUN/nmod:poss->3 damadɔw/NOUN/root->0,Kalo damadɔ kɔnɔ,Kalo damanin tɛmɛnnen,Dans quelques mois,Il y a quelques mois,1.000,0.278,0.169,0.167,0.000,0.000,1.000|1.000|1.000,0.345|0.357|0.351,0.054|0.065|0.059
203,temporal_np_depuis,depuis quelques jours,kabini tilew dɔw,kabini dónw damadɔw,FAIL,ADP DET NOUN,SCONJ NOUN NOUN,depuis/ADP/case->3 quelques/DET/det->3 jours/NOUN/ROOT->0,kabini/SCONJ/mark->3 dónw/NOUN/nmod:poss->3 damadɔw/NOUN/root->0,tile damadɔ kɔnɔ,tile damadɔ ye nin ye,dans quelques jours,quelques jours,1.000,0.276,0.302,0.167,0.000,0.000,1.000|1.000|1.000,0.158|0.186|0.171,0.198|0.250|0.221
204,temporal_np_depuis,depuis quelques années,kabini sanw dɔw,kabini sànw damadɔw,FAIL,ADP DET NOUN,SCONJ NOUN NOUN,depuis/ADP/case->3 quelques/DET/det->3 années/NOUN/ROOT->0,kabini/SCONJ/mark->3 sànw/NOUN/nmod:poss->3 damadɔw/NOUN/root->0,san damadɔ kɔnɔ,san damadɔ ye nin ye,depuis plusieurs années,il y a quelques années,1.000,0.567,0.529,0.167,0.000,0.000,1.000|1.000|1.000,0.305|0.314|0.309,0.389|0.416|0.402
205,ccomp_interrogative,sais-tu que je suis un enfant ?,í bɛ dɔ́n ko ń yé dén yé wà ?,í bɛ dɔ́n ko ń yé dén yé wà ?,PASS,VERB PUNCT PRON SCONJ PRON AUX DET NOUN PUNCT,NOUN VERB INTJ PART NOUN NOUN VERB NOUN NOUN PUNCT,sais/VERB/ROOT->0 -/PUNCT/punct->1 tu/PRON/dep->1 que/SCONJ/mark->8 je/PRON/nsubj->8 suis/AUX/cop->8 un/DET/det->8 enfant/NOUN/ccomp->1 ?/PUNCT/punct->1,í/NOUN/nsubj->2 bɛ/VERB/root->0 dɔ́n/INTJ/discourse->7 ko/PART/discourse->7 ń/NOUN/nmod:poss->6 yé/NOUN/nsubj->7 dén/VERB/parataxis:obj->2 yé/NOUN/nmod:poss->9 wà/NOUN/obl->7 ?/PUNCT/punct->2,aw b'a dɔn ko ne ye denmisɛn ye wa?,I y'a dɔn ko ne ye denmisɛn ye wa?,tu sais que je suis un enfant ?,Tu sais que je suis un enfant?,1.000,0.529,0.545,0.999,0.056,0.056,1.000|1.000|1.000,0.354|0.395|0.373,0.483|0.548|0.514
206,ccomp_savoir,je sais que tu es mon ami,ń bɛ dɔ́n ko í yé n téri yé,ń bɛ dɔ́n ko í yé n téri yé,PASS,PRON VERB SCONJ PRON AUX DET NOUN,NOUN AUX VERB,je/PRON/nsubj->2 sais/VERB/ROOT->0 que/SCONJ/mark->7 tu/PRON/nsubj->7 es/AUX/cop->7 mon/DET/det->7 ami/NOUN/ccomp->2,ń/NOUN/nsubj->3 bɛ/AUX/aux->3 dɔ́n/VERB/root->0,Ne b'a dɔn ko i ye ne teri ye,ne y'a dɔn ko i ye ne teri ye,Je sais que tu es mon ami,Je sais que tu es mon ami,1.000,0.532,0.582,0.999,0.056,0.056,1.000|1.000|1.000,0.416|0.498|0.454,0.590|0.602|0.596
207,ccomp_savoir_locatif,ils savent que nous sommes ici,u bɛ dɔ́n ko ánw bɛ yàn,u bɛ dɔ́n ko ánw bɛ yàn,PASS,PRON VERB SCONJ PRON VERB ADV,PRON AUX VERB,ils/PRON/nsubj->2 savent/VERB/ROOT->0 que/SCONJ/mark->5 nous/PRON/nsubj->5 sommes/VERB/ccomp->2 ici/ADV/obl:arg->5,u/PRON/nsubj->3 bɛ/AUX/aux->3 dɔ́n/VERB/root->0,u b' a dɔn ko an bɛ yan,u b'a dɔn ko an bɛ yan,ils savent que nous sommes là,Ils savent que nous sommes ici.,1.000,0.572,0.654,0.999,0.211,0.214,1.000|1.000|1.000,0.276|0.333|0.301,0.570|0.569|0.569
208,ccomp_dire,il dit qu'il mange,a ko a bɛ dúnli kɛ,a bɛ fɔ́ ko a bɛ dúnli kɛ,FAIL,PRON VERB SCONJ PRON VERB,PRON AUX VERB,il/PRON/nsubj->2 dit/VERB/ROOT->0 qu'/SCONJ/mark->5 il/PRON/nsubj->5 mange/VERB/ccomp->2,a/PRON/nsubj->3 bɛ/AUX/aux->3 fɔ́/VERB/root->0,a ko ale bɛ dumuni kɛ,a b'a fɔ ko a bɛ dumuni kɛ,il a dit qu'il mangeait,"Il dit: ""Je mange"".",1.000,0.551,0.520,0.950,0.333,0.719,1.000|1.000|1.000,0.316|0.377|0.344,0.343|0.394|0.367
209,ccomp_dire_qualitative,ils disent que la route est longue,u ko síraden ka jàn,u bɛ fɔ́ ko síraden ka jàn,FAIL,PRON VERB SCONJ DET NOUN AUX ADJ,PRON AUX VERB,ils/PRON/nsubj->2 disent/VERB/ROOT->0 que/SCONJ/mark->7 la/DET/det->5 route/NOUN/nsubj->7 est/AUX/cop->7 longue/ADJ/ccomp->2,u/PRON/nsubj->3 bɛ/AUX/aux->3 fɔ́/VERB/root->0,u ko sira ka jan,u b'a fɔ ko sira ka jan,ils ont dit que la route était longue,"Ils disent: "" Le chemin est long,",1.000,0.369,0.461,0.931,0.511,0.288,1.000|1.000|1.000,0.312|0.333|0.322,0.344|0.359|0.351
210,ccomp_dire_passe,elle a dit que Musa est parti,a yé fɔ ko Musa fáɲira,a ye fɔ́ ko Musa fáɲira,FAIL,PRON AUX VERB SCONJ PROPN AUX VERB,PRON AUX VERB,elle/PRON/nsubj->3 a/AUX/aux:tense->3 dit/VERB/ROOT->0 que/SCONJ/mark->7 Musa/PROPN/nsubj->7 est/AUX/aux:tense->7 parti/VERB/ccomp->3,a/PRON/nsubj->3 ye/AUX/aux->3 fɔ́/VERB/root->0,a ko Musa taara,a y'a fɔ ko Musa taara,et Moïse est allé,Alors Moïse dit: Je suis descendu vers toi.,1.000,0.387,0.428,0.625,0.441,0.625,1.000|1.000|1.000,0.439|0.369|0.401,0.327|0.304|0.315
211,modal_pouvoir,nous pouvons partir,anw bɛ se ka táa,ánw bɛ sé ka fáɲi,FAIL,PRON VERB VERB,PRON VERB NOUN AUX VERB,nous/PRON/nsubj->2 pouvons/VERB/ROOT->0 partir/VERB/xcomp->2,ánw/PRON/nsubj->2 bɛ/VERB/root->0 sé/NOUN/nsubj->5 ka/AUX/aux->5 fáɲi/VERB/parataxis:obj->2,an bɛ se ka bɔ yen,an bɛ se ka taa,nous pouvons sortir de là,nous pouvons aller,1.000,0.392,0.420,0.200,0.577,0.589,1.000|1.000|1.000,0.411|0.435|0.423,0.358|0.418|0.386
212,modal_pouvoir_neg,il ne peut pas manger,a tɛ sé ka dúnli kɛ,a tɛ sé ka dúnli kɛ,PASS,PRON ADV VERB ADV VERB,PRON VERB NOUN ADP NOUN VERB,il/PRON/nsubj->3 ne/ADV/advmod->3 peut/VERB/ROOT->0 pas/ADV/advmod->3 manger/VERB/xcomp->3,a/PRON/nsubj->6 tɛ/VERB/aux->6 sé/NOUN/nmod:poss->5 ka/ADP/case->3 dúnli/NOUN/obj->6 kɛ/VERB/root->0,a tɛ se ka dumuni kɛ,a tɛ se ka dumuni kɛ,il ne peut pas manger,Il ne peut pas manger.,1.000,0.560,0.551,0.998,0.526,0.526,1.000|1.000|1.000,0.523|0.524|0.523,0.333|0.360|0.346
213,modal_pouvoir,elle peut venir,a bɛ se ka nà,a bɛ sé ka nà,FAIL,PRON VERB VERB,PRON VERB NOUN ADP NOUN,elle/PRON/nsubj->2 peut/VERB/ROOT->0 venir/VERB/xcomp->2,a/PRON/nsubj->2 bɛ/VERB/root->0 sé/NOUN/nmod:poss->5 ka/ADP/case->3 nà/NOUN/obl->2,a bɛ se ka na,a bɛ se ka na,ça peut arriver,il peut venir,1.000,0.405,0.185,0.750,0.794,0.794,1.000|1.000|1.000,0.224|0.217|0.221,0.174|0.173|0.174
214,modal_pouvoir_neg,tu ne peux pas partir,i tɛ se ka fáɲi,í tɛ sé ka fáɲi,FAIL,PRON ADV VERB ADV VERB,NOUN VERB NOUN AUX VERB,tu/PRON/nsubj->3 ne/ADV/advmod->3 peux/VERB/ROOT->0 pas/ADV/advmod->3 partir/VERB/punct->3,í/NOUN/nsubj->2 tɛ/VERB/root->0 sé/NOUN/nsubj->5 ka/AUX/aux->5 fáɲi/VERB/parataxis->2,i tɛ se ka bɔ yen,i tɛ se ka taa,tu ne peux pas partir,tu ne peux pas y aller,1.000,0.394,0.445,0.511,0.778,0.794,1.000|1.000|1.000,0.425|0.443|0.434,0.279|0.283|0.281
215,past_intransitive_neg,ils ne sont pas arrivés,ùw ma se,u ma sé,FAIL,PRON ADV AUX ADV VERB,PRON AUX VERB,ils/PRON/nsubj->5 ne/ADV/advmod->5 sont/AUX/aux:tense->5 pas/ADV/advmod->5 arrivés/VERB/ROOT->0,u/PRON/nsubj->3 ma/AUX/aux->3 sé/VERB/root->0,u ma se yen,u ma na,ils n'y sont pas arrivés,ils ne sont pas venus,1.000,0.358,0.334,0.167,0.605,0.167,1.000|1.000|1.000,0.287|0.304|0.295,0.450|0.416|0.432
216,past_intransitive_neg,il n'est pas tombé,a ma bìn,a ma bìn,PASS,PRON ADV AUX ADV VERB,PRON AUX VERB,il/PRON/expl:subj->5 n'/ADV/advmod->5 est/AUX/aux:tense->5 pas/ADV/advmod->5 tombé/VERB/ROOT->0,a/PRON/nsubj->3 ma/AUX/aux->3 bìn/VERB/root->0,a ma bin,a ma bin,il n'est pas tombé,il n'a pas trébuché,1.000,0.383,0.284,0.981,0.625,0.625,1.000|1.000|1.000,0.175|0.175|0.175,0.185|0.183|0.184
217,past_intransitive_neg,elle n'est pas venue,a ma nà,a ma nà,PASS,PRON ADV AUX ADV VERB,PRON AUX VERB,elle/PRON/nsubj->5 n'/ADV/advmod->5 est/AUX/aux:tense->5 pas/ADV/advmod->5 venue/VERB/ROOT->0,a/PRON/nsubj->3 ma/AUX/aux->3 nà/VERB/root->0,a ma na,a ma na,il n'est pas venu,il n'est pas venu,1.000,0.336,0.289,0.981,0.625,0.625,1.000|1.000|1.000,0.283|0.223|0.249,0.368|0.322|0.343
218,habitude_neg,elle ne mangeait pas,a tùn tɛ dúnli kɛ,a tùn tɛ dúnli kɛ,PASS,PRON ADV VERB ADV,PRON AUX NOUN VERB,elle/PRON/nsubj->3 ne/ADV/advmod->3 mangeait/VERB/ROOT->0 pas/ADV/advmod->3,a/PRON/nsubj->4 tùn tɛ/AUX/aux->4 dúnli/NOUN/obj->4 kɛ/VERB/root->0,a tun tɛ dumuni kɛ,a tun tɛ dumuni kɛ,il ne mangeait pas,et il ne mangea point.,1.000,0.562,0.599,0.996,0.300,0.300,1.000|1.000|1.000,0.469|0.496|0.482,0.317|0.341|0.329
219,habitude_neg_plur,nous ne parlions pas bambara,anw tùn tɛ bámanankan fɔ́,ánw tùn tɛ bámànan kúma,FAIL,PRON ADV VERB ADV PROPN,NOUN AUX NOUN VERB,nous/PRON/nsubj->3 ne/ADV/advmod->3 parlions/VERB/ROOT->0 pas/ADV/advmod->3 bambara/PROPN/obj->3,ánw/NOUN/nsubj->4 tùn tɛ/AUX/aux->4 bámànan/NOUN/obj->4 kúma/VERB/root->0,an tun tɛ bamanankan fɔ,an tun tɛ bambara fɔ,nous ne parlions pas anglais,nous n'avons pas parlé de la langue,1.000,0.501,0.502,0.375,0.100,0.100,1.000|1.000|1.000,0.487|0.470|0.478,0.214|0.215|0.215
220,passe_anterieur_neg,il n'avait pas mangé,a tùn ma dúnli kɛ,a tùn ma dúnli kɛ,PASS,PRON ADV AUX ADV VERB,PRON AUX NOUN VERB,il/PRON/nsubj->5 n'/ADV/advmod->5 avait/AUX/aux:tense->5 pas/ADV/advmod->5 mangé/VERB/ROOT->0,a/PRON/nsubj->4 tùn ma/AUX/aux->4 dúnli/NOUN/obj->4 kɛ/VERB/root->0,a tun ma dumuni kɛ,a ma dumuni kɛ,il n'avait pas mangé,et il ne mangea pas.,1.000,0.514,0.418,0.996,0.300,0.306,1.000|1.000|1.000,0.362|0.392|0.377,0.584|0.591|0.587
221,rule1_conditional_question,"Si j'ai du courage, saurait-on ?","ní dùsukolo bɛ n fɛ, a bɛ́nà dɔ́n wà ?","ní dùsu bɛ n fɛ, a bɛ́nà dɔ́n wà ?",FAIL,SCONJ PRON VERB DET NOUN PUNCT VERB PRON PUNCT,NOUN NOUN VERB PRON VERB PUNCT PRON NOUN VERB NOUN PUNCT,"Si/SCONJ/mark->3 j'/PRON/nsubj->3 ai/VERB/advcl->7 du/DET/det->5 courage/NOUN/obj->3 ,/PUNCT/punct->7 saurait/VERB/ROOT->0 -on/PRON/nsubj->7 ?/PUNCT/punct->7","ní/NOUN/nmod:poss->2 dùsu/NOUN/nsubj->3 bɛ/VERB/root->0 n/PRON/nsubj->5 fɛ/VERB/parataxis:obj->3 ,/PUNCT/punct->5 a/PRON/nmod:poss->8 bɛ́nà/NOUN/nsubj->9 dɔ́n/VERB/parataxis->5 wà/NOUN/obl->9 ?/PUNCT/punct->3","Ni jagɛlɛya bɛ ne la, yala an bɛna o dɔn wa?","Ni ne ja gɛlɛyara, yala an na a dɔn wa?","Si j'ai du courage, le saurons-nous ?","Si je me montre aussi fort, que me fera-t-on?",1.000,0.438,0.371,0.882,0.054,0.055,1.000|1.000|1.000,0.453|0.546|0.495,0.324|0.316|0.320
222,rule2_prohibitive_object,Ne mange pas le riz,kàna iri dún,kàna màlo dún,FAIL,ADV VERB ADV DET NOUN,VERB NOUN ADV,Ne/ADV/advmod->2 mange/VERB/ROOT->0 pas/ADV/advmod->2 le/DET/det->5 riz/NOUN/obj->2,kàna/VERB/root->0 màlo/NOUN/obl->1 dún/ADV/obl->1,Aw kana tiga dun,I kana arisi dun,Ne mange pas de riz,Ne mange pas de riz,1.000,0.349,0.467,0.333,0.000,0.000,1.000|1.000|1.000,0.387|0.441|0.412,0.401|0.388|0.394
223,rule3_temporal_avoir_possessive,quand il eut ton appel,túma mín a yé i ka wéle sɔrɔ,túma mín a yé i ka wéle sɔrɔ,PASS,SCONJ PRON VERB DET NOUN,NOUN ADV PRON NOUN PRON ADP NOUN VERB,quand/SCONJ/mark->3 il/PRON/nsubj->3 eut/VERB/ROOT->0 ton/DET/det->5 appel/NOUN/obj->3,túma/NOUN/obl->8 mín/ADV/case->1 a/PRON/nmod:poss->4 yé/NOUN/dislocated->8 i/PRON/nmod:poss->7 ka/ADP/case->5 wéle/NOUN/nsubj->8 sɔrɔ/VERB/root->0,tuma min na a y' i ka weleli sɔrɔ,a ye i wele tuma min na,quand il a reçu ton appel,"quand il t'a appelé,",0.895,0.853,0.421,0.999,0.390,0.127,0.874|0.874|0.874,0.353|0.374|0.364,0.355|0.357|0.356
224,rule4_temporal_passive,Quand cela fut fait,túma mín ó tùn kɛ́ra,túma mín o tùn kɛ́ra,FAIL,SCONJ PRON AUX VERB,NOUN ADV PRON NOUN VERB,Quand/SCONJ/mark->4 cela/PRON/nsubj:pass->4 fut/AUX/aux:pass->4 fait/VERB/ROOT->0,túma/NOUN/nsubj->5 mín/ADV/cc->4 o/PRON/nmod:poss->4 tùn/NOUN/conj->1 kɛ́ra/VERB/root->0,O kɛra tuma min na,O kɛra tuma min na,Quand cela s'est produit,"Et cela arriva, lorsque le Seigneur lui dit:",1.000,0.512,0.447,0.750,0.000,0.000,1.000|1.000|1.000,0.344|0.351|0.347,0.391|0.415|0.402
225,rule5_fixed_phrase,Ainsi donc,ola sa,ola sa,PASS,ADV ADV,VERB PART,Ainsi/ADV/ROOT->0 donc/ADV/fixed->1,ola/VERB/root->0 sa/PART/discourse->1,"O la sa, o tuma na",O de y'a to,"Par conséquent, alors",C'est pourquoi,1.000,0.284,0.470,0.938,0.208,0.000,1.000|1.000|1.000,0.104|0.117|0.110,0.277|0.400|0.328
226,rule6_restrictive,tu ne serais qu'un pleutre,í tɛ́nà kɛ dɔwɛrɛ yé ni jítɔ tɛ,í tɛ́nà kɛ dɔwɛrɛ yé ni [pleutre] tɛ,FAIL,PRON ADV AUX ADV DET NOUN,NOUN NOUN NOUN DET NOUN CCONJ NOUN VERB,tu/PRON/nsubj->6 ne/ADV/advmod->6 serais/AUX/cop->6 qu'/ADV/advmod->6 un/DET/det->6 pleutre/NOUN/ROOT->0,í/NOUN/nmod:poss->2 tɛ́nà/NOUN/nmod:poss->3 kɛ/NOUN/nsubj->8 dɔwɛrɛ/DET/det->3 yé/NOUN/nsubj->8 ni/CCONJ/cc->7 [pleutre]/NOUN/conj->5 tɛ/VERB/root->0,i tun na kɛ siranbagatɔ dɔrɔn de ye,i bɛ kɛ dingɛ ye,tu serais juste un lâche,tu deviens une fosse,1.000,0.378,0.257,0.865,0.062,0.065,1.000|1.000|1.000,0.312|0.304|0.308,0.263|0.223|0.241
227,rule7_quest_ce_que,Qu'est-ce qu'il pourrait t'arriver là-bas ?,mún bɛ́nà sé ka nà i ma yèn ?,mún bɛ́nà sé ka i sé yèn dùgumadaw ?,FAIL,PRON AUX PRON SCONJ PRON VERB PRON VERB ADV PUNCT ADV PUNCT,ADV NOUN NOUN ADP PRON NOUN VERB INTJ PUNCT,Qu'/PRON/ROOT->0 est/AUX/dep->1 -ce/PRON/dep->1 qu'/SCONJ/mark->6 il/PRON/expl:subj->6 pourrait/VERB/dep->1 t'/PRON/nsubj->6 arriver/VERB/xcomp->6 là/ADV/obl:arg->8 -/PUNCT/punct->6 bas/ADV/obl:arg->6 ?/PUNCT/punct->1,mún/ADV/aux->7 bɛ́nà/NOUN/nmod:poss->3 sé/NOUN/nmod:poss->6 ka/ADP/case->3 i/PRON/nmod:poss->6 sé/NOUN/obj->7 yèn/VERB/root->0 dùgumadaw/INTJ/discourse->7 ?/PUNCT/punct->7,Mun bɛ se ka kɛ i la yen?,Mun bɛ se ka kɛ i la yen?,Que pourrait-il vous arriver là-bas ?,Que t'arriverait-il alors?,1.000,0.414,0.286,0.533,0.125,0.125,1.000|1.000|1.000,0.491|0.475|0.483,0.289|0.274|0.281
228,rule7_quest_ce_que_real_subject,Qu'est-ce qu'il peut faire ?,a bɛ sé ka mún kɛ́ ?,a bɛ sé ka mún kɛ́ ?,PASS,PRON AUX PRON PRON PRON VERB VERB PUNCT,PRON VERB NOUN ADP ADV NOUN PUNCT,Qu'/PRON/ROOT->0 est/AUX/dep->1 -ce/PRON/dep->1 qu'/PRON/dep->6 il/PRON/nsubj->6 peut/VERB/dep->1 faire/VERB/xcomp->6 ?/PUNCT/punct->1,a/PRON/nsubj->2 bɛ/VERB/root->0 sé/NOUN/nmod:poss->5 ka/ADP/case->3 mún/ADV/nmod:poss->6 kɛ́/NOUN/parataxis:obj->2 ?/PUNCT/punct->2,A bɛ se ka mun kɛ?,A bɛ se ka mun kɛ?,Que peut-il y faire ?,Que peut-il faire?,1.000,0.414,0.357,0.998,0.426,0.426,1.000|1.000|1.000,0.607|0.592|0.599,0.270|0.276|0.273
229,rule8_relative_splitting,Toi qui prends l'ennemi vivant,e mìn bɛ júgu ɲɛ́nama tà,e mìn bɛ júgu ɲɛ́nama tà,PASS,PRON PRON VERB DET NOUN ADJ,PRON NOUN VERB NOUN NOUN NOUN,Toi/PRON/ROOT->0 qui/PRON/nsubj->3 prends/VERB/acl:relcl->1 l'/DET/det->5 ennemi/NOUN/obj->3 vivant/ADJ/amod->5,e/PRON/nmod:poss->2 mìn/NOUN/nsubj->3 bɛ/VERB/root->0 júgu/NOUN/nmod:poss->5 ɲɛ́nama/NOUN/nmod:poss->6 tà/NOUN/obl->3,Aw min bɛ jugu minɛ ni ɲɛnama ye,E min bɛ i jugu ɲɛnama minɛ,Toi qui attrapes l'ennemi vivant,Tu es celui qui prend la vie de ton ennemi,1.000,0.200,0.461,0.998,0.081,0.164,1.000|1.000|1.000,0.134|0.130|0.132,0.384|0.380|0.382
230,rule9_valoir_peine_sov,cela vaut la peine de prendre un fusil,ó bɛ sɛ̀gɛn bɔ́ ka màrifa tà,o bɛ sɛ̀gɛn bɔ́ ka màrifa tà,FAIL,PRON VERB DET NOUN ADP VERB DET NOUN,PRON VERB ADV NOUN AUX NOUN VERB NOUN,cela/PRON/nsubj->2 vaut/VERB/ROOT->0 la/DET/det->4 peine/NOUN/obj->2 de/ADP/mark->6 prendre/VERB/xcomp->2 un/DET/det->8 fusil/NOUN/obj->6,o/PRON/nsubj->2 bɛ/VERB/root->0 sɛ̀gɛn/ADV/nmod:poss->4 bɔ́/NOUN/nsubj->7 ka/AUX/aux->7 màri/NOUN/obj->7 fa/VERB/parataxis:obj->2 tà/NOUN/obl->7,a ka kan ka marifa ta,a ka fisa ka marifa ta,il doit porter une arme à feu,il vaut mieux prendre une arme,0.931,0.277,0.308,0.855,0.072,0.072,0.707|0.718|0.712,0.306|0.289|0.297,0.393|0.379|0.386
231,rule6_restrictive_adj,tu ne serais que jaloux,í tɛ́nà kɛ dɔwɛrɛ yé ni kèle tɛ,í tɛ́nà kɛ dɔwɛrɛ yé ni kèle tɛ,PASS,PRON ADV AUX ADV ADJ,NOUN NOUN NOUN DET NOUN CCONJ NOUN VERB,tu/PRON/nsubj->5 ne/ADV/advmod->5 serais/AUX/cop->5 que/ADV/advmod->5 jaloux/ADJ/ROOT->0,í/NOUN/nmod:poss->2 tɛ́nà/NOUN/nmod:poss->3 kɛ/NOUN/nsubj->8 dɔwɛrɛ/DET/det->3 yé/NOUN/nsubj->8 ni/CCONJ/cc->7 kèle/NOUN/conj->5 tɛ/VERB/root->0,i tun bɛna keleya dɔrɔn de kɛ,i bɛ ɲagoya dɔrɔn de kɛ,tu serais juste jaloux,tu n'as fait que des envies,1.000,0.262,0.333,0.999,0.063,0.064,1.000|1.000|1.000,0.231|0.228|0.229,0.571|0.531|0.550
232,refl_actif_passe,il s'est lavé,a yé a kò,a ye a kò,FAIL,PRON PRON AUX VERB,PRON AUX PRON NOUN,il/PRON/nsubj:pass->4 s'/PRON/expl:comp->4 est/AUX/aux:tense->4 lavé/VERB/ROOT->0,a/PRON/nsubj->4 ye/AUX/aux->4 a/PRON/nmod:poss->4 kò/NOUN/root->0,a ye a ko,a ye a yɛrɛ ko,il a dit la neige,Il se lava dans la poussière,1.000,0.473,0.290,0.639,0.250,0.244,1.000|1.000|1.000,0.182|0.154|0.167,0.189|0.148|0.166
233,refl_actif_present,elle se lave,a bɛ a kò,a bɛ a kò,PASS,PRON PRON VERB,PRON VERB PRON NOUN,elle/PRON/nsubj->3 se/PRON/obj->3 lave/VERB/ROOT->0,a/PRON/nsubj->2 bɛ/VERB/root->0 a/PRON/nmod:poss->4 kò/NOUN/obl->2,a bɛ ko,a bɛ a yɛrɛ ko,il est lavé,Il se purifie lui-même,1.000,0.350,0.269,0.992,0.256,0.718,1.000|1.000|1.000,0.188|0.155|0.170,0.189|0.155|0.170
234,refl_actif_emphase,il s'est lavé lui même,a ye a yɛrɛ kò,a ye a yɛrɛ kò,PASS,PRON PRON AUX VERB PRON PRON,PRON AUX PRON VERB NOUN,il/PRON/nsubj->4 s'/PRON/expl:comp->4 est/AUX/aux:tense->4 lavé/VERB/ROOT->0 lui/PRON/dep->4 même/PRON/advmod->4,a/PRON/nsubj->4 ye/AUX/aux->4 a/PRON/obj->4 yɛrɛ/VERB/root->0 kò/NOUN/obl->4,a y'a yɛrɛ ko,a y'a yɛrɛ ko,il s'est lavé,Il se mit à se laver,1.000,0.361,0.265,0.996,0.204,0.204,1.000|1.000|1.000,0.273|0.235|0.252,0.274|0.227|0.248
235,refl_accidentel_passe,il s'est blessé,a ye a yɛrɛ jógin,a ye a yɛrɛ jógin,PASS,PRON PRON AUX VERB,PRON AUX PRON VERB NOUN,il/PRON/nsubj->4 s'/PRON/expl:comp->4 est/AUX/aux:tense->4 blessé/VERB/ROOT->0,a/PRON/nsubj->4 ye/AUX/aux->4 a/PRON/obj->4 yɛrɛ/VERB/root->0 jógin/NOUN/obl->4,a jogin na,a ye a yɛrɛ jogin,il a été blessé,Il s'est blessé lui-même,1.000,0.591,0.294,0.996,0.104,0.794,1.000|1.000|1.000,0.522|0.496|0.508,0.666|0.654|0.660
236,refl_posture_passe,il s'est assis,a ye a sìgi,a ye a sìgi,PASS,PRON PRON AUX VERB,PRON AUX PRON VERB,il/PRON/nsubj:pass->4 s'/PRON/expl:comp->4 est/AUX/aux:tense->4 assis/VERB/ROOT->0,a/PRON/nsubj->4 ye/AUX/aux->4 a/PRON/obj->4 sìgi/VERB/root->0,a y'i sigi,a y'i sigi,il s'est assis,et il s'assit,1.000,0.419,0.412,0.992,0.128,0.128,1.000|1.000|1.000,0.264|0.253|0.259,0.508|0.523|0.515
237,refl_idiom_locatif,il s'est mis à pleurer,a yé a yɛrɛ bìla kàsi la,a ye a yɛrɛ bìn kàsi la,FAIL,PRON PRON AUX VERB ADP VERB,PRON AUX PRON VERB ADV NOUN ADP,il/PRON/nsubj->4 s'/PRON/expl:comp->4 est/AUX/aux:tense->4 mis/VERB/ROOT->0 à/ADP/mark->6 pleurer/VERB/xcomp->4,a/PRON/nsubj->4 ye/AUX/aux->4 a/PRON/obj->4 yɛrɛ/VERB/root->0 bìn/ADV/obl->4 kàsi/NOUN/obl->4 la/ADP/case->6,a y' a daminɛ ka kasi,a y'a daminɛ ka kasi,elle a commencé à pleurer,et elle se mit à pleurer,0.919,0.438,0.391,0.637,0.145,0.074,0.932|0.910|0.921,0.250|0.234|0.242,0.358|0.336|0.347
238,simple_iobj_present,Il me parle,a bɛ kúma n fɛ,a bɛ kúma ń fɛ,FAIL,PRON PRON VERB,PRON AUX VERB,Il/PRON/nsubj->3 me/PRON/iobj->3 parle/VERB/ROOT->0,a/PRON/nsubj->3 bɛ/AUX/aux->3 kúma/VERB/root->0,A bɛ kuma ne fɛ,A bɛ kuma ne fɛ,Il me parle,Il me parle,1.000,0.286,0.321,0.750,0.511,0.511,1.000|1.000|1.000,0.263|0.269|0.266,0.259|0.264|0.261
239,verb_serial_dative_me,elle me donne un livre,a bɛ kìtabu di n ma,a bɛ gáfe kelen dí ń ma,FAIL,PRON PRON VERB DET NOUN,PRON AUX NOUN VERB,elle/PRON/nsubj->3 me/PRON/iobj->3 donne/VERB/ROOT->0 un/DET/det->5 livre/NOUN/obj->3,a/PRON/nsubj->4 bɛ/AUX/aux->4 gáfe kelen/NOUN/obj->4 dí/VERB/root->0,a bɛ gafe dɔ di n ma,a bɛ kitabu dɔ di ne ma,il me tend un livre,et il me donna un livre.,1.000,0.441,0.621,0.419,0.793,0.517,1.000|1.000|1.000,0.247|0.281|0.263,0.457|0.496|0.476
240,content_question_modal_xcomp,Qu'est-ce qu'il pourrait faire ?,a bɛ́nà sé ka mún kɛ́ ?,a bɛ́nà sé ka mún kɛ́ ?,PASS,PRON AUX PRON PRON PRON VERB VERB PUNCT,PRON NOUN NOUN AUX VERB NOUN PUNCT,Qu'/PRON/ROOT->0 est/AUX/dep->1 -ce/PRON/dep->1 qu'/PRON/dep->6 il/PRON/nsubj->6 pourrait/VERB/acl:relcl->3 faire/VERB/xcomp->6 ?/PUNCT/punct->1,a/PRON/nmod:poss->2 bɛ́nà/NOUN/nmod:poss->3 sé/NOUN/nsubj->5 ka/AUX/aux->5 mún/VERB/root->0 kɛ́/NOUN/obl->5 ?/PUNCT/punct->5,A tun bɛ se ka mun kɛ?,A bɛ se ka mun kɛ?,Qu'aurait-il pu faire ?,Que peut-il faire?,1.000,0.414,0.357,0.998,0.164,0.167,1.000|1.000|1.000,0.550|0.550|0.550,0.270|0.276|0.273
241,future_have_material,Tu auras une voiture,í bɛ́nà wátiri sɔrɔ,í bɛ na wátiri sɔrɔ,FAIL,PRON VERB DET NOUN,NOUN VERB ADP NOUN VERB,Tu/PRON/nsubj->2 auras/VERB/ROOT->0 une/DET/det->4 voiture/NOUN/obj->2,í/NOUN/nsubj->2 bɛ/VERB/root->0 na/ADP/case->4 wátiri/NOUN/obl->2 sɔrɔ/VERB/punct->2,I bɛna kɛ ni mobili ye,I na mobili sɔrɔ,Vous aurez une voiture,Vous trouverez une voiture,0.868,0.315,0.403,0.623,0.000,0.125,0.757|0.766|0.762,0.203|0.239|0.220,0.394|0.399|0.397
242,future_have_material,Elle aura de l'argent,a bɛ́nà wári sɔrɔ,a bɛ na wári sɔrɔ,FAIL,PRON VERB ADP DET NOUN,PRON VERB ADP NOUN VERB,Elle/PRON/nsubj->2 aura/VERB/ROOT->0 de/ADP/det->5 l'/DET/fixed->3 argent/NOUN/obj->2,a/PRON/nsubj->2 bɛ/VERB/root->0 na/ADP/case->4 wári/NOUN/obl->2 sɔrɔ/VERB/parataxis:obj->2,Wari bɛna kɛ a bolo,A na wari sɔrɔ,Il aura de l'argent,Il gagnera de l'argent,0.895,0.528,0.374,0.623,0.122,0.250,0.841|0.841|0.841,0.422|0.422|0.422,0.441|0.427|0.434
243,future_have_abstract,J'aurai un frère,n bɛ́nà bálimakɛ sɔrɔ,n bɛ na bálima sɔrɔ,FAIL,PRON VERB DET NOUN,PRON AUX VERB NOUN VERB,J'/PRON/nsubj->2 aurai/VERB/ROOT->0 un/DET/det->4 frère/NOUN/obj->2,n/PRON/nsubj->3 bɛ/AUX/aux->3 na/VERB/root->0 bálima/NOUN/obl->3 sɔrɔ/VERB/xcomp->3,Balimakɛ dɔ bɛna ne sɔrɔ,Ne bɛna balimakɛ dɔ sɔrɔ,Un frère me trouvera,Je trouverai un frère,0.868,0.646,0.517,0.244,0.122,0.122,0.817|0.819|0.818,0.437|0.490|0.462,0.534|0.591|0.561
244,future_have_abstract,Il aura du succès,a bɛ́nà táɲɛw sɔrɔ,a bɛ na táɲɛw sɔrɔ,FAIL,PRON VERB DET NOUN,PRON VERB ADP NOUN VERB,Il/PRON/nsubj->2 aura/VERB/ROOT->0 du/DET/det->4 succès/NOUN/obj->2,a/PRON/nsubj->2 bɛ/VERB/root->0 na/ADP/case->4 táɲɛw/NOUN/obl->2 sɔrɔ/VERB/parataxis:obj->2,A bɛna ɲɛ sɔrɔ,A bɛ se ka ɲɛtaga kɛ,Il réussira,Il peut réussir,0.868,0.594,0.425,0.623,0.250,0.119,0.789|0.789|0.789,0.319|0.288|0.303,0.480|0.499|0.489
245,future_have_abstract_plur,Nous aurons des enfants,anw bɛ́nà dénw sɔrɔ,ánw bɛ na dénw sɔrɔ,FAIL,PRON VERB DET NOUN,PRON VERB ADP NOUN VERB,Nous/PRON/nsubj->2 aurons/VERB/ROOT->0 des/DET/det->4 enfants/NOUN/obj->2,ánw/PRON/nsubj->2 bɛ/VERB/root->0 na/ADP/case->4 dénw/NOUN/obl->2 sɔrɔ/VERB/parataxis:obj->2,An bɛna denw sɔrɔ,An bɛna denw sɔrɔ,Nous aurons des enfants,Nous allons avoir des enfants,0.868,0.702,0.493,0.457,0.125,0.125,0.854|0.854|0.854,0.661|0.657|0.659,0.502|0.511|0.507
246,future_have_material_neg,ils n'auront pas de voiture,u tɛ́nà wátiri sɔrɔ,u tɛ́nà wátiri sɔrɔ,PASS,PRON ADV VERB ADV DET NOUN,PRON NOUN NOUN VERB,ils/PRON/nsubj->3 n'/ADV/advmod->3 auront/VERB/ROOT->0 pas/ADV/advmod->3 de/DET/det->6 voiture/NOUN/obj->3,u/PRON/nmod:poss->2 tɛ́nà/NOUN/nmod:poss->3 wátiri/NOUN/nsubj->4 sɔrɔ/VERB/root->0,u tɛna kɛ ni mobili ye,mobili tɛ u fɛ,ils n'auront pas de voiture,ils n'ont pas de voiture,0.912,0.265,0.592,0.992,0.119,0.125,0.772|0.772|0.772,0.207|0.203|0.205,0.662|0.626|0.643
247,past_transitive_avoir_eu,j'ai eu un mari,n yé fúrucɛ sɔrɔ,n yé cɛ̀ sɔrɔ,FAIL,PRON AUX VERB DET NOUN,PRON NOUN NOUN VERB,j'/PRON/nsubj->3 ai/AUX/aux:tense->3 eu/VERB/ROOT->0 un/DET/det->5 mari/NOUN/obj->3,n/PRON/nmod:poss->2 yé/NOUN/nmod:poss->3 cɛ̀/NOUN/nsubj->4 sɔrɔ/VERB/root->0,Cɛ tun bɛ ne fɛ,ne ye cɛ sɔrɔ,L'homme était avec moi,j'ai trouvé un homme,0.895,0.316,0.262,0.639,0.000,0.125,0.860|0.876|0.868,0.278|0.296|0.287,0.351|0.358|0.355
248,past_transitive_avoir_eu_plur,elle a eu des enfants,a yé dénw sɔrɔ,a yé dénw sɔrɔ,PASS,PRON AUX VERB DET NOUN,PRON NOUN DET VERB,elle/PRON/nsubj->3 a/AUX/aux:tense->3 eu/VERB/ROOT->0 des/DET/det->5 enfants/NOUN/obj->3,a/PRON/nmod:poss->2 yé/NOUN/nsubj->4 dénw/DET/det->2 sɔrɔ/VERB/root->0,a ye denw sɔrɔ,a ye denw sɔrɔ,elle a eu des enfants,et elle enfanta des fils,0.895,0.808,0.342,0.992,0.250,0.250,0.811|0.819|0.815,0.537|0.551|0.544,0.193|0.196|0.195
249,past_transitive_avoir_eu,tu as eu de la chance,í yé gàrijɛgɛ sɔrɔ,í yé gàrijɛgɛ sɔrɔ,PASS,PRON AUX VERB ADP DET NOUN,NOUN NOUN DET VERB,tu/PRON/nsubj->3 as/AUX/aux:tense->3 eu/VERB/ROOT->0 de/ADP/det->6 la/DET/fixed->4 chance/NOUN/obj->3,í/NOUN/nmod:poss->2 yé/NOUN/nsubj->4 gàrijɛgɛ/DET/det->2 sɔrɔ/VERB/root->0,i ye hɛrɛ sɔrɔ,i ye ɲanamaya sɔrɔ,tu as la paix,tu as trouvé la vie,0.912,0.612,0.232,0.992,0.125,0.125,0.900|0.921|0.911,0.321|0.317|0.319,0.212|0.219|0.215
250,past_transitive_avoir_eu,il a eu un problème,a yé báasi sɔrɔ,a yé báasi sɔrɔ,PASS,PRON AUX VERB DET NOUN,PRON NOUN NOUN VERB,il/PRON/nsubj->3 a/AUX/aux:tense->3 eu/VERB/ROOT->0 un/DET/det->5 problème/NOUN/obj->3,a/PRON/nmod:poss->2 yé/NOUN/nmod:poss->3 báasi/NOUN/nsubj->4 sɔrɔ/VERB/root->0,gɛlɛya dɔ tun b' a la,gɛlɛya dɔ tun b'a la,il avait un problème,Il avait un problème.,0.895,0.522,0.454,0.992,0.119,0.000,0.668|0.684|0.676,0.450|0.480|0.464,0.581|0.527|0.553
251,past_transitive_avoir_eu_plur,nous avons eu des difficultés,ánw yé lújuraw sɔrɔ,ánw yé lújuraw sɔrɔ,PASS,PRON AUX VERB DET NOUN,DET NOUN NOUN VERB,nous/PRON/nsubj->3 avons/AUX/aux:tense->3 eu/VERB/ROOT->0 des/DET/det->5 difficultés/NOUN/obj->3,ánw/DET/det->3 yé/NOUN/nmod:poss->3 lújuraw/NOUN/nsubj->4 sɔrɔ/VERB/root->0,gɛlɛyaw tun b' an bolo,an ye gɛlɛya caman sɔrɔ,nous avons eu des problèmes,nous avons été confrontés à de nombreuses difficultés,0.895,0.423,0.407,0.992,0.000,0.122,0.813|0.831|0.822,0.353|0.394|0.373,0.547|0.546|0.546
252,past_have_material,j'avais une voiture,móbili tùn bɛ n bóló,wátiri tùn bɛ n bóló,FAIL,PRON VERB DET NOUN,NOUN NOUN VERB PRON NOUN,j'/PRON/nsubj->2 avais/VERB/ROOT->0 une/DET/det->4 voiture/NOUN/obj->2,wátiri/NOUN/nmod:poss->2 tùn/NOUN/nsubj->3 bɛ/VERB/root->0 n/PRON/nmod:poss->5 bóló/NOUN/parataxis:obj->3,Mobili tun bɛ n bolo,mobili tun bɛ ne fɛ,J'avais une voiture en ma possession,j'avais une voiture,0.868,0.134,0.501,0.794,0.375,0.100,0.836|0.836|0.836,0.439|0.451|0.445,0.449|0.490|0.469
253,past_have_material,il avait de l'argent,wárí tùn bɛ a bóló,wári tùn bɛ a bóló,FAIL,PRON VERB ADP DET NOUN,NOUN NOUN VERB PRON NOUN,il/PRON/nsubj->2 avait/VERB/ROOT->0 de/ADP/det->5 l'/DET/fixed->3 argent/NOUN/obj->2,wári/NOUN/nmod:poss->2 tùn/NOUN/nsubj->3 bɛ/VERB/root->0 a/PRON/nmod:poss->5 bóló/NOUN/obl->3,wari tun b' a bolo,wari tun bɛ a bolo,il avait l'argent,Il avait de l'argent à la main.,0.895,0.595,0.382,0.794,0.100,0.375,0.782|0.782|0.782,0.420|0.414|0.417,0.444|0.447|0.445
254,past_have_abstract_neg,elle n'avait pas de frère,bálimakɛ tùn tɛ a fɛ,bálima tùn tɛ a fɛ,FAIL,PRON ADV VERB ADV DET NOUN,NOUN ADV VERB PRON VERB,elle/PRON/nsubj->3 n'/ADV/advmod->3 avait/VERB/ROOT->0 pas/ADV/advmod->3 de/DET/det->6 frère/NOUN/obj->3,bálima/NOUN/nsubj->3 tùn/ADV/aux->3 tɛ/VERB/root->0 a/PRON/obj->5 fɛ/VERB/xcomp->3,Balimakɛ si tun t'a fɛ,a tun tɛ kɔrɔcɛ ye,Il n'avait pas de frères,il n'était pas frère,0.912,0.436,0.523,0.794,0.100,0.200,0.840|0.841|0.840,0.324|0.328|0.326,0.458|0.496|0.476
255,past_have_material_plur,nous avions un champ,foro tùn bɛ anw bóló,fòro tùn bɛ ánw fɛ,FAIL,PRON VERB DET NOUN,NOUN NOUN VERB NOUN DET,nous/PRON/nsubj->2 avions/VERB/ROOT->0 un/DET/det->4 champ/NOUN/obj->2,fòro/NOUN/nmod:poss->2 tùn/NOUN/nsubj->3 bɛ/VERB/root->0 ánw/NOUN/obl->3 fɛ/DET/det->4,foro dɔ tun b' an bolo,foro dɔ tun bɛ an fɛ,nous avions une ferme,Nous avions un champ avec nous.,1.000,0.499,0.639,0.375,0.098,0.196,1.000|1.000|1.000,0.439|0.482|0.460,0.573|0.594|0.583
256,past_have_abstract,tu avais de la chance,tère tùn bɛ i fɛ,gàrijɛgɛ tùn bɛ í fɛ,FAIL,PRON VERB ADP DET NOUN,NOUN ADV AUX NOUN VERB,tu/PRON/nsubj->2 avais/VERB/ROOT->0 de/ADP/det->5 la/DET/fixed->3 chance/NOUN/obj->2,gàrijɛgɛ/NOUN/nsubj->5 tùn/ADV/case->1 bɛ/AUX/aux->5 í/NOUN/obj->5 fɛ/VERB/root->0,i ye hɛrɛ sɔrɔ,i ye ɲènamaya kè,tu as la paix,tu as fait une vie,0.895,0.535,0.249,0.511,0.102,0.102,0.845|0.845|0.845,0.276|0.260|0.268,0.158|0.157|0.158
257,optatif_plur,Que Dieu vous bénisse,Ala ka aw bárika,Ála ka aw bárika,FAIL,SCONJ PROPN PRON VERB,VERB AUX PRON ADP,Que/SCONJ/mark->4 Dieu/PROPN/nsubj->4 vous/PRON/obj->4 bénisse/VERB/ROOT->0,Ála/VERB/root->0 ka/AUX/aux->3 aw/PRON/xcomp->1 bárika/ADP/case->3,Ala ka barika don i la,Ala ka aw duga,que Dieu te bénisse,Que Dieu vous bénisse!,1.000,0.526,0.724,0.736,0.446,0.736,1.000|1.000|1.000,0.346|0.421|0.380,0.655|0.676|0.666
258,optatif,Qu'il vienne,a ka nà,a ka nà,PASS,SCONJ PRON VERB,PRON ADP NOUN,Qu'/SCONJ/mark->3 il/PRON/nsubj->3 vienne/VERB/ROOT->0,a/PRON/nmod:poss->3 ka/ADP/case->1 nà/NOUN/root->0,A ka na,A ka na,Il vient,Il viendra,1.000,0.496,0.231,0.981,0.625,0.625,1.000|1.000|1.000,0.152|0.149|0.150,0.198|0.206|0.202
259,optatif_plur,Qu'ils partent,ùw ka táa,u ka fáɲi,FAIL,SCONJ PRON VERB,PRON AUX VERB,Qu'/SCONJ/mark->3 ils/PRON/nsubj->3 partent/VERB/ROOT->0,u/PRON/nsubj->3 ka/AUX/aux->3 fáɲi/VERB/root->0,U ka taa,A' ye u bila ka taa.,Laissez-les partir,"Laisse-les aller, leur dit-il.",1.000,0.371,0.328,0.167,0.167,0.152,1.000|1.000|1.000,0.306|0.327|0.316,0.286|0.295|0.291
260,optatif_abs,Que la paix règne,hɛ́ɛrɛ ka kɛ,hɛ́rɛ ka dùgumasa,FAIL,SCONJ DET NOUN VERB,NOUN AUX VERB,Que/SCONJ/mark->4 la/DET/det->3 paix/NOUN/nsubj->4 règne/VERB/ROOT->0,hɛ́rɛ/NOUN/nsubj->3 ka/AUX/aux->3 dùgumasa/VERB/root->0,Hɛrɛ ka kɛ masakɛ ye,Hɛrɛ ka kɛ yen,La paix soit sur le roi,Que la paix soit avec vous!,0.863,0.509,0.392,0.167,0.586,0.605,0.684|0.703|0.693,0.486|0.548|0.515,0.516|0.538|0.527
261,optatif,Que tu réussisses,í ka ɲɛ̀,í ka ɲɛ̀,PASS,SCONJ PRON VERB,NOUN ADP NOUN,Que/SCONJ/mark->3 tu/PRON/nsubj->3 réussisses/VERB/ROOT->0,í/NOUN/nmod:poss->3 ka/ADP/case->1 ɲɛ̀/NOUN/root->0,Ko i ka ɲɛtaa sɔrɔ,Ne b'a fɛ i ka se ka ko ɲuman kɛ,Que tu réussis,Je veux que tu sois en mesure de faire le bien.,1.000,0.514,0.542,0.981,0.156,0.135,1.000|1.000|1.000,0.423|0.441|0.432,0.340|0.370|0.354
262,optatif_plur,Que nous mangions ensemble,ánw ka dúnli kɛ ɲɔgɔn fɛ,ánw ka dúnli kɛ kúlukùtu,FAIL,SCONJ PRON VERB ADV,PRON AUX NOUN VERB NOUN,Que/SCONJ/mark->3 nous/PRON/nsubj->3 mangions/VERB/ROOT->0 ensemble/ADV/advmod->3,ánw/PRON/nsubj->4 ka/AUX/aux->4 dúnli/NOUN/obj->4 kɛ/VERB/root->0 kúlukùtu/NOUN/obl->4,Ko an bɛ dumuni kɛ ɲɔgɔn fɛ,An ka dumuni kɛ ɲɔgɔn fɛ,Qu'on mange ensemble,Venez manger avec moi,1.000,0.367,0.562,0.673,0.483,0.625,1.000|1.000|1.000,0.343|0.357|0.349,0.534|0.558|0.546
263,conj_verb_present,il mange et boit,a bɛ dúnli kɛ wa a bɛ mìn,a bɛ dúnli kɛ wa a bɛ mìn,PASS,PRON VERB CCONJ VERB,PRON AUX NOUN VERB,il/PRON/nsubj->2 mange/VERB/ROOT->0 et/CCONJ/cc->4 boit/VERB/conj->2,a/PRON/nsubj->4 bɛ/AUX/aux->4 dúnli/NOUN/obj->4 kɛ wa a bɛ mìn/VERB/root->0,a bɛ dumuni kɛ ka minni kɛ,a bɛ dumuni kɛ ka minni kɛ,il mange et boit,"mangeant et buvant,",1.000,0.451,0.532,0.999,0.323,0.323,1.000|1.000|1.000,0.344|0.369|0.356,0.452|0.442|0.447
264,conj_verb_present,elle chante et danse,a bɛ donkilidá wa a bɛ dɔ̀n kɛ́,a bɛ kàsili kɛ wa a bɛ dɔ̀n la,FAIL,PRON VERB CCONJ VERB,PRON AUX NOUN VERB,elle/PRON/nsubj->2 chante/VERB/ROOT->0 et/CCONJ/cc->4 danse/VERB/conj->2,a/PRON/nsubj->4 bɛ/AUX/aux->4 kàsili/NOUN/obj->4 kɛ wa a bɛ dɔ̀n la/VERB/root->0,a bɛ dɔnkili da ani ka dɔn kɛ,a bɛ dɔnkilila ka dɔnkilila,il chante et danse,Il est un chanteur et un chanteur,1.000,0.518,0.246,0.727,0.234,0.244,1.000|1.000|1.000,0.630|0.695|0.661,0.179|0.160|0.169
265,conj_verb_passe,il est venu et a mangé,a nàra wa a ye dumuni kɛ,a nàra wa a ye dúnli kɛ,FAIL,PRON AUX VERB CCONJ AUX VERB,PRON VERB PART PRON AUX NOUN VERB,il/PRON/nsubj->3 est/AUX/aux:tense->3 venu/VERB/ROOT->0 et/CCONJ/cc->6 a/AUX/aux:tense->6 mangé/VERB/conj->3,a/PRON/nsubj->2 nàra/VERB/root->0 wa/PART/discourse->7 a/PRON/nsubj->7 ye/AUX/aux->7 dúnli/NOUN/obj->7 kɛ/VERB/parataxis:obj->2,a nana dumuni kɛ,a nana dumuni kɛ,il est venu manger,et il entra pour manger.,1.000,0.521,0.393,0.841,0.381,0.381,1.000|1.000|1.000,0.518|0.491|0.504,0.370|0.367|0.369
266,modal_pouvoir,tu peux manger,í bɛ sé ka dúnli kɛ,í bɛ sé ka dúnli kɛ,PASS,PRON VERB VERB,NOUN VERB NOUN ADP NOUN VERB,tu/PRON/nsubj->2 peux/VERB/ROOT->0 manger/VERB/xcomp->2,í/NOUN/nsubj->2 bɛ/VERB/root->0 sé/NOUN/nmod:poss->5 ka/ADP/case->3 dúnli/NOUN/nsubj->6 kɛ/VERB/ccomp->2,aw bɛ se ka dumuni kɛ,i bɛ se ka dumuni kɛ,tu peux manger la nourriture,tu peux manger,1.000,0.195,0.472,0.998,0.250,0.250,1.000|1.000|1.000,0.402|0.439|0.420,0.351|0.376|0.363
267,modal_pouvoir_neg,nous ne pouvons pas venir,ánw tɛ sé ka nà,ánw tɛ sé ka nà,PASS,PRON ADV VERB ADV VERB,PRON VERB NOUN ADP NOUN,nous/PRON/nsubj->3 ne/ADV/advmod->3 pouvons/VERB/ROOT->0 pas/ADV/advmod->3 venir/VERB/xcomp->3,ánw/PRON/nsubj->2 tɛ/VERB/root->0 sé/NOUN/nmod:poss->5 ka/ADP/case->3 nà/NOUN/obl->2,an tɛ se ka na,an tɛ se ka na,nous ne pouvons pas venir,nous ne pouvons pas venir,1.000,0.373,0.505,0.996,0.200,0.200,1.000|1.000|1.000,0.188|0.195|0.191,0.375|0.380|0.377
268,modal_pouvoir_plur,elles peuvent travailler,u bɛ sé ka báara kɛ,u bɛ sé ka báara kɛ,PASS,PRON VERB VERB,PRON VERB NOUN ADP VERB NOUN,elles/PRON/nsubj->2 peuvent/VERB/ROOT->0 travailler/VERB/xcomp->2,u/PRON/nsubj->2 bɛ/VERB/root->0 sé/NOUN/nsubj->5 ka/ADP/case->3 báara/VERB/ccomp->2 kɛ/NOUN/obl->5,u bɛ se ka baara kɛ,u bɛ se ka baara kɛ,ils peuvent être utilisés,ils peuvent travailler,1.000,0.263,0.452,0.998,0.526,0.526,1.000|1.000|1.000,0.424|0.454|0.439,0.284|0.303|0.294
269,modal_pouvoir_past,il pouvait partir,a tùn bɛ se ka fáɲi,a tùn bɛ sé ka fáɲi,FAIL,PRON VERB VERB,PRON NOUN VERB NOUN AUX VERB,il/PRON/nsubj->2 pouvait/VERB/ROOT->0 partir/VERB/xcomp->2,a/PRON/nmod:poss->2 tùn/NOUN/nsubj->3 bɛ/VERB/root->0 sé/NOUN/nsubj->6 ka/AUX/aux->6 fáɲi/VERB/parataxis:obj->3,a tun bɛ se ka taa,a bɛ se ka taa,il aurait pu partir,il peut aller,1.000,0.510,0.241,0.807,0.625,0.636,1.000|1.000|1.000,0.367|0.386|0.376,0.197|0.225|0.210
270,modal_pouvoir_interrogative,peut-elle partir ?,a bɛ se ka fáɲi wà ?,a bɛ sé ka fáɲi wà ?,FAIL,VERB PRON VERB PUNCT,PRON VERB NOUN AUX VERB NOUN PUNCT,peut/VERB/ROOT->0 -elle/PRON/nsubj->1 partir/VERB/xcomp->1 ?/PUNCT/punct->1,a/PRON/nsubj->2 bɛ/VERB/root->0 sé/NOUN/nsubj->5 ka/AUX/aux->5 fáɲi/VERB/parataxis:obj->2 wà/NOUN/obl->5 ?/PUNCT/punct->2,a bɛ se ka taa wa?,A bɛ se ka taa wa?,peut-il y aller ?,Est-ce qu'il peut aller ?,1.000,0.427,0.236,0.807,0.661,0.661,1.000|1.000|1.000,0.243|0.269|0.255,0.208|0.225|0.216
271,modal_pouvoir_past_neg,il ne pouvait pas manger,a tùn tɛ sé ka dúnli kɛ,a tùn tɛ sé ka dúnli kɛ,PASS,PRON ADV VERB ADV VERB,PRON NOUN VERB NOUN ADP NOUN NOUN,il/PRON/nsubj->3 ne/ADV/advmod->3 pouvait/VERB/ROOT->0 pas/ADV/advmod->3 manger/VERB/punct->3,a/PRON/nmod:poss->2 tùn/NOUN/nsubj->3 tɛ/VERB/root->0 sé/NOUN/nmod:poss->6 ka/ADP/case->4 dúnli/NOUN/nmod:poss->7 kɛ/NOUN/obl->3,a tun tɛ se ka dumuni kɛ,a tun tɛ se ka dumuni kɛ,il ne pouvait pas manger,car il ne pouvait pas manger.,1.000,0.560,0.551,0.999,0.286,0.286,1.000|1.000|1.000,0.431|0.463|0.446,0.398|0.402|0.400
272,verb_serial_dative,il me donne de l'argent,a bɛ wári dí ń ma,a bɛ wári dí ń ma,PASS,PRON PRON VERB ADP DET NOUN,PRON AUX NOUN VERB,il/PRON/nsubj->3 me/PRON/iobj->3 donne/VERB/ROOT->0 de/ADP/det->6 l'/DET/fixed->4 argent/NOUN/obj->3,a/PRON/nsubj->4 bɛ/AUX/aux->4 wári/NOUN/obj->4 dí/VERB/root->0,a bɛ wari di n ma,a bɛ wari di ne ma,il me donne de l'argent,il me donne de l'argent,1.000,0.510,0.451,0.998,0.426,0.426,1.000|1.000|1.000,0.382|0.432|0.405,0.467|0.504|0.485
273,simple_iobj,elle lui parle,a bɛ kúma ale fɛ,a bɛ kúma ale fɛ,PASS,PRON PRON VERB,PRON AUX VERB,elle/PRON/nsubj->3 lui/PRON/iobj->3 parle/VERB/ROOT->0,a/PRON/nsubj->3 bɛ/AUX/aux->3 kúma/VERB/root->0,a bɛ kuma a fɛ,a bɛ kuma a fɛ,il lui parle,Il lui parle.,1.000,0.387,0.248,0.996,0.300,0.300,1.000|1.000|1.000,0.274|0.270|0.272,0.227|0.242|0.234
274,verb_serial_dative_plur,nous leur donnons du riz,ánw bɛ màlo dí u ma,ánw bɛ màlo dí u ma,PASS,PRON PRON VERB DET NOUN,NOUN AUX NOUN VERB,nous/PRON/nsubj->3 leur/PRON/iobj->3 donnons/VERB/ROOT->0 du/DET/det->5 riz/NOUN/obj->3,ánw/NOUN/nsubj->4 bɛ/AUX/aux->4 màlo/NOUN/obj->4 dí/VERB/root->0,an bɛ tiga di u ma,an bɛ pɔri di u ma,on leur donne du riz,Nous leur donnons des pores,1.000,0.511,0.436,0.998,0.426,0.426,1.000|1.000|1.000,0.423|0.477|0.449,0.380|0.360|0.370
275,verb_serial_dative,je te donne un livre,ń bɛ gáfe kelen dí í ma,ń bɛ gáfe kelen dí í ma,PASS,PRON PRON VERB DET NOUN,NOUN AUX NOUN VERB,je/PRON/nsubj->3 te/PRON/iobj->3 donne/VERB/ROOT->0 un/DET/det->5 livre/NOUN/obj->3,ń/NOUN/nsubj->4 bɛ/AUX/aux->4 gáfe kelen/NOUN/obj->4 dí/VERB/root->0,N bɛ gafe dɔ di aw ma,ne bɛ kitabu dɔ di i ma,je te donne un livre,Je te donne un livre,1.000,0.380,0.680,0.999,0.143,0.143,1.000|1.000|1.000,0.293|0.350|0.319,0.555|0.574|0.564
276,simple_iobj_plur,il nous parle,a bɛ kúma anw fɛ,a bɛ kúma anw fɛ,PASS,PRON PRON VERB,PRON AUX VERB,il/PRON/nsubj->3 nous/PRON/iobj->3 parle/VERB/ROOT->0,a/PRON/nsubj->3 bɛ/AUX/aux->3 kúma/VERB/root->0,a bɛ kuma an fɛ,a bɛ kuma an fɛ,il nous parle,Il nous parle,1.000,0.510,0.448,0.996,0.511,0.511,1.000|1.000|1.000,0.257|0.269|0.263,0.248|0.245|0.246
277,refl_posture_present,il se lève,a bɛ wúli,a bɛ wúli,PASS,PRON PRON VERB,PRON AUX VERB,il/PRON/nsubj->3 se/PRON/expl:comp->3 lève/VERB/ROOT->0,a/PRON/nsubj->3 bɛ/AUX/aux->3 wúli/VERB/root->0,a bɛ wuli,a bɛ wuli,c'est agité,il se lève,0.960,0.473,0.377,0.981,0.625,0.625,0.953|0.914|0.933,0.470|0.508|0.488,0.448|0.513|0.478
278,refl_posture_passe,il s'est levé,a wúlila,a wúlira,FAIL,PRON PRON AUX VERB,PRON VERB,il/PRON/nsubj:pass->4 s'/PRON/expl:comp->4 est/AUX/aux:tense->4 levé/VERB/ROOT->0,a/PRON/nsubj->2 wúlira/VERB/root->0,a wulila,a wulila,il s'est levé,Alors il se lève.,0.970,0.463,0.359,0.250,0.250,0.250,0.926|0.916|0.921,0.474|0.410|0.440,0.559|0.491|0.523
279,refl_accidentel_passe,elle s'est trompée,a ŋànamula,a ye a yɛrɛ ŋànamu,FAIL,PRON PRON AUX VERB,PRON AUX PRON VERB NOUN,elle/PRON/nsubj->4 s'/PRON/expl:comp->4 est/AUX/aux:tense->4 trompée/VERB/ROOT->0,a/PRON/nsubj->4 ye/AUX/aux->4 a/PRON/obj->4 yɛrɛ/VERB/root->0 ŋànamu/NOUN/obl->4,a tun filila,a filila,il s'est également trompé,il a fait une erreur,1.000,0.447,0.242,0.217,0.238,0.250,1.000|1.000|1.000,0.145|0.136|0.141,0.332|0.345|0.339
280,refl_idiom_locatif,il s'est mis à travailler,a yé a yɛrɛ bìla báara la,a ye a yɛrɛ bìn báara la,FAIL,PRON PRON AUX VERB ADP VERB,PRON AUX PRON VERB NOUN VERB ADP,il/PRON/nsubj->4 s'/PRON/expl:comp->4 est/AUX/aux:tense->4 mis/VERB/ROOT->0 à/ADP/mark->6 travailler/VERB/xcomp->4,a/PRON/nsubj->4 ye/AUX/aux->4 a/PRON/obj->4 yɛrɛ/VERB/root->0 bìn/NOUN/nsubj->6 báara/VERB/obl->4 la/ADP/case->6,a ye baara daminɛ,a y'a daminɛ ka baara kɛ,il a commencé à travailler,il commença à travailler,0.919,0.398,0.429,0.637,0.075,0.072,0.952|0.932|0.942,0.537|0.476|0.505,0.392|0.373|0.382
281,refl_actif_present,elle se regarde,a bɛ a yɛrɛ fílɛ,a bɛ a yɛrɛ fílɛ,PASS,PRON PRON VERB,PRON VERB PRON NOUN VERB,elle/PRON/nsubj->3 se/PRON/expl:pass->3 regarde/VERB/ROOT->0,a/PRON/nsubj->2 bɛ/VERB/root->0 a/PRON/nmod:poss->4 yɛrɛ/NOUN/obj->5 fílɛ/VERB/parataxis:obj->2,a b'a yɛrɛ lajɛ,a bɛ a yɛrɛ filɛ,il se regarde,"Il regarde en lui-même,",1.000,0.406,0.401,0.996,0.204,0.794,1.000|1.000|1.000,0.127|0.089|0.105,0.370|0.357|0.363
282,refl_actif_present_plur,nous nous préparons,ánw bɛ ánw yɛrɛ labɛn,ánw bɛ ánw yɛrɛ fìri,FAIL,PRON PRON VERB,PRON AUX PRON VERB NOUN,nous/PRON/nsubj->3 nous/PRON/expl:comp->3 préparons/VERB/ROOT->0,ánw/PRON/nsubj->4 bɛ/AUX/aux->4 ánw/PRON/obj->4 yɛrɛ/VERB/root->0 fìri/NOUN/obl->4,an bɛ ka an labɛn,an bɛ an yɛrɛ labɛn,nous nous préparons,Nous nous préparons,1.000,0.503,0.793,0.794,0.200,0.511,1.000|1.000|1.000,0.265|0.253|0.259,0.513|0.559|0.535
283,refl_posture_present,elle se réveille,a bɛ kúnun,a bɛ kúnun,PASS,PRON PRON VERB,PRON AUX VERB,elle/PRON/nsubj->3 se/PRON/expl:comp->3 réveille/VERB/ROOT->0,a/PRON/nsubj->3 bɛ/AUX/aux->3 kúnun/VERB/root->0,a bɛ kunun,a bɛ wuli,il est réveillé,il se lève,1.000,0.395,0.298,0.981,0.625,0.625,1.000|1.000|1.000,0.246|0.271|0.258,0.240|0.212|0.225
284,imperative_locative,viens ici !,nà yàn,nà yàn,PASS,VERB ADV PUNCT,NOUN ADV,viens/VERB/ROOT->0 ici/ADV/obl:arg->1 !/PUNCT/punct->1,nà/NOUN/nmod:poss->2 yàn/ADV/root->0,na yan!,"Na yan, na yan!",venez ici!,"Viens ici, viens ici !",1.000,0.624,0.772,0.938,0.000,0.000,1.000|1.000|1.000,0.161|0.145|0.152,0.588|0.690|0.635
285,prohibitive_dem,ne fais pas ça !,kàna o kɛ,kàna o kɛ́,FAIL,ADV VERB ADV PRON PUNCT,VERB PRON NOUN,ne/ADV/advmod->2 fais/VERB/ROOT->0 pas/ADV/advmod->2 ça/PRON/obj->2 !/PUNCT/punct->2,kàna/VERB/root->0 o/PRON/nmod:poss->3 kɛ́/NOUN/obl->1,kana o kɛ !,I kana o kɛ!,ne fais pas ça !,Ne le fais pas!,1.000,0.230,0.490,0.625,0.625,0.605,1.000|1.000|1.000,0.206|0.216|0.211,0.357|0.364|0.360
286,imperative_iobj,aide-moi !,n dɛ̀mɛ,n dɛ̀mɛ,PASS,VERB PRON PUNCT,PRON DET,aide/VERB/ROOT->0 -moi/PRON/dep->1 !/PUNCT/punct->1,n/PRON/root->0 dɛ̀mɛ/DET/det->1,n dɛmɛ!,Aw bɛ ne dɛmɛ!,aide-moi!,Vous m'avez aidé.,1.000,0.664,0.799,0.938,0.250,0.000,1.000|1.000|1.000,0.606|0.614|0.610,0.509|0.521|0.515
287,prohibitive,ne pleure pas !,kàna kàsi,kàna kàsi,PASS,ADV VERB ADV PUNCT,VERB NOUN,ne/ADV/advmod->2 pleure/VERB/ROOT->0 pas/ADV/advmod->2 !/PUNCT/punct->2,kàna/VERB/root->0 kàsi/NOUN/obl->1,kana kasi !,I kana kasi!,ne pleure pas !,Ne pleure pas !,1.000,0.102,0.568,0.938,0.000,0.000,1.000|1.000|1.000,0.110|0.130|0.119,0.617|0.639|0.628
288,imperative_adv,mange vite !,dúnli kɛ joona,dúnli kɛ gíwu,FAIL,VERB ADV PUNCT,NOUN VERB INTJ,mange/VERB/ROOT->0 vite/ADV/advmod->1 !/PUNCT/punct->1,dúnli/NOUN/nsubj->2 kɛ/VERB/root->0 gíwu/INTJ/obl->2,dumuni kɛ joona!,Aw bɛ dumuni kɛ joona!,mange vite !,Allez vite manger!,1.000,0.247,0.759,0.625,0.625,0.586,1.000|1.000|1.000,0.420|0.429|0.425,0.448|0.466|0.457
289,prohibitive_object,ne bois pas l'eau !,kàna jí mìn,kàna jí mìn,PASS,ADV VERB ADV DET NOUN PUNCT,VERB NOUN ADV,ne/ADV/advmod->2 bois/VERB/ROOT->0 pas/ADV/advmod->2 l'/DET/det->5 eau/NOUN/obj->2 !/PUNCT/punct->2,kàna/VERB/root->0 jí/NOUN/obl->1 mìn/ADV/obl->1,Aw kana ji min!,I kana ji min!,Ne buvez pas d'eau !,Ne bois pas d'eau!,1.000,0.300,0.429,0.981,0.000,0.000,1.000|1.000|1.000,0.288|0.307|0.297,0.375|0.365|0.370
290,prohibitive_object,ne mange pas la viande !,kàna sògo dún,kàna sògo dún,PASS,ADV VERB ADV DET NOUN PUNCT,VERB NOUN ADV,ne/ADV/advmod->2 mange/VERB/ROOT->0 pas/ADV/advmod->2 la/DET/det->5 viande/NOUN/obj->2 !/PUNCT/punct->2,kàna/VERB/root->0 sògo/NOUN/obl->1 dún/ADV/obl->1,Aw kana sogo dun!,Aw kana sogo dun!,Ne mangez pas de viande !,Ne mangez pas de viande!,1.000,0.344,0.544,0.981,0.000,0.000,1.000|1.000|1.000,0.419|0.447|0.433,0.416|0.433|0.425
291,interrogative_est_ce_que,Est-ce qu'il mange ?,Yala a bɛ dúnli kɛ wà ?,Yala a bɛ dúnli kɛ wà ?,PASS,AUX PRON SCONJ PRON VERB PUNCT,SCONJ PRON VERB NOUN NOUN NOUN PUNCT,Est/AUX/expl:subj->2 -ce/PRON/nsubj->5 qu'/SCONJ/mark->5 il/PRON/nsubj->5 mange/VERB/ROOT->0 ?/PUNCT/punct->5,Yala/SCONJ/mark->3 a/PRON/nsubj->3 bɛ/VERB/root->0 dúnli/NOUN/nmod:poss->5 kɛ/NOUN/nmod:poss->6 wà/NOUN/parataxis:obj->3 ?/PUNCT/punct->3,Yala a bɛ dumuni kɛ wa?,A bɛ dumuni kɛ wa?,Est-ce qu'il mange ?,Est-ce qu'il mange quelque chose?,1.000,0.437,0.340,0.998,0.625,0.433,1.000|1.000|1.000,0.427|0.458|0.442,0.505|0.479|0.491
292,interrogative_est_ce_que,Est-ce qu'elle travaille ?,Yala a bɛ báara la wà ?,Yala a bɛ báara la wà ?,PASS,AUX PRON SCONJ PRON VERB PUNCT,SCONJ PRON VERB VERB ADP NOUN PUNCT,Est/AUX/ROOT->0 -ce/PRON/dep->1 qu'/SCONJ/mark->5 elle/PRON/nsubj->5 travaille/VERB/ccomp->1 ?/PUNCT/punct->1,Yala/SCONJ/mark->3 a/PRON/nsubj->3 bɛ/VERB/root->0 báara/VERB/parataxis:obj->3 la/ADP/case->6 wà/NOUN/obl->4 ?/PUNCT/punct->3,Yala a bɛ baara kɛ wa?,A bɛ baara kɛ wa?,Est-ce que ça marche ?,Est-ce que cela fonctionne ?,1.000,0.401,0.344,0.998,0.491,0.318,1.000|1.000|1.000,0.450|0.443|0.447,0.412|0.384|0.397
293,interrogative_passe,a-t-il mangé ?,a ye dúnli kɛ wà ?,a ye dúnli kɛ wà ?,PASS,AUX PRON PRON VERB PUNCT,PRON AUX NOUN VERB NOUN PUNCT,a/AUX/aux:tense->4 -t/PRON/expl:subj->4 -il/PRON/expl:subj->4 mangé/VERB/ROOT->0 ?/PUNCT/punct->4,a/PRON/nsubj->4 ye/AUX/aux->4 dúnli/NOUN/obj->4 kɛ/VERB/root->0 wà/NOUN/obl->4 ?/PUNCT/punct->4,a ye dumuni kɛ wa?,a ye dumuni kɛ wa?,a-t-il mangé la nourriture ?,a-t-il mangé quelque chose?,1.000,0.406,0.158,0.996,0.511,0.511,1.000|1.000|1.000,0.366|0.367|0.366,0.415|0.408|0.412
294,interrogative,Travailles-tu ?,í bɛ báara la wà ?,í bɛ báara la wà ?,PASS,VERB PUNCT PRON PUNCT,NOUN VERB VERB ADP NOUN PUNCT,Travailles/VERB/ROOT->0 -/PUNCT/punct->1 tu/PRON/dep->1 ?/PUNCT/punct->1,í/NOUN/nsubj->2 bɛ/VERB/root->0 báara/VERB/xcomp->2 la/ADP/case->5 wà/NOUN/obl->3 ?/PUNCT/punct->2,Yala i bɛ baara kɛ wa?,I bɛ baara kɛ wa?,Est-ce que vous faites le travail ?,Vous travaillez ?,1.000,0.490,0.524,0.996,0.098,0.100,1.000|1.000|1.000,0.512|0.592|0.549,0.450|0.444|0.447
295,interrogative_past_intrans,est-il venu ?,a nàra wà ?,a nàra wà ?,PASS,AUX PRON VERB PUNCT,PRON VERB NOUN PUNCT,est/AUX/aux:tense->3 -il/PRON/expl:subj->3 venu/VERB/ROOT->0 ?/PUNCT/punct->3,a/PRON/nsubj->2 nàra/VERB/root->0 wà/NOUN/obl->2 ?/PUNCT/punct->2,a nana wa?,Yala a nana wa?,une grand-mère de ?,Est-ce qu'il est venu ?,1.000,0.424,0.365,0.981,0.167,0.161,1.000|1.000|1.000,0.454|0.458|0.456,0.268|0.289|0.278
296,interrogative_est_ce_que_passe,Est-ce qu'ils sont arrivés ?,Yala ùw sera wà ?,Yala u séra wà ?,FAIL,AUX PRON SCONJ PRON AUX VERB PUNCT,SCONJ PRON VERB NOUN PUNCT,Est/AUX/expl:subj->2 -ce/PRON/nsubj->6 qu'/SCONJ/mark->6 ils/PRON/nsubj->6 sont/AUX/aux:tense->6 arrivés/VERB/ROOT->0 ?/PUNCT/punct->6,Yala/SCONJ/mark->3 u/PRON/nsubj->3 séra/VERB/root->0 wà/NOUN/obl->3 ?/PUNCT/punct->3,Yala u sera yen wa?,Yala u sera wa?,Y sont-ils arrivés ?,Ont-ils réussi à le faire?,1.000,0.265,0.328,0.250,0.244,0.250,1.000|1.000|1.000,0.263|0.282|0.272,0.595|0.584|0.590
297,content_question_who_equative,Qui est-il ?,a yé jɔn yé ?,a yé jɔn yé ?,PASS,PRON AUX PRON PUNCT,PRON NOUN VERB NOUN PUNCT,Qui/PRON/ROOT->0 est/AUX/dep->1 -il/PRON/dep->1 ?/PUNCT/punct->1,a/PRON/nmod:poss->2 yé/NOUN/obj->3 jɔn/VERB/root->0 yé/NOUN/obl->3 ?/PUNCT/punct->3,Ale ye jɔn ye?,Jɔn ye nin cɛ ye?,"Qui est-il, d'ailleurs ?",Qui est cet homme?,1.000,0.319,0.338,0.992,0.125,0.122,1.000|1.000|1.000,0.242|0.249|0.246,0.311|0.323|0.317
298,content_question_what,Qu'est-ce que tu fais ?,í bɛ mún kɛ́ ?,í bɛ mún kɛ́ ?,PASS,PRON AUX PRON PRON PRON VERB PUNCT,NOUN VERB ADV NOUN PUNCT,Qu'/PRON/ROOT->0 est/AUX/dep->1 -ce/PRON/dep->1 que/PRON/obj->6 tu/PRON/nsubj->6 fais/VERB/dep->1 ?/PUNCT/punct->1,í/NOUN/nsubj->2 bɛ/VERB/root->0 mún/ADV/obl->2 kɛ́/NOUN/parataxis:obj->2 ?/PUNCT/punct->2,I be ka mun kɛ ?,I bɛ mun kɛ?,Que fais-tu ?,Que fais-tu ?,1.000,0.437,0.378,0.992,0.000,0.125,1.000|1.000|1.000,0.641|0.616|0.629,0.266|0.293|0.279
299,content_question_when_passe,Quand est-il parti ?,a fáɲira túma jùmɛn ?,a fáɲira túma jùmɛn ?,PASS,ADV AUX PRON VERB PUNCT,PRON VERB NOUN ADV PUNCT,Quand/ADV/advmod->4 est/AUX/dep->1 -il/PRON/nsubj->4 parti/VERB/ROOT->0 ?/PUNCT/punct->4,a/PRON/nsubj->2 fáɲira/VERB/root->0 túma/NOUN/obl->2 jùmɛn/ADV/case->3 ?/PUNCT/punct->2,A taara tuma jumɛn?,A taara waati jumɛn?,Quand est-il parti ?,Quand donc est-il parti?,1.000,0.488,0.333,0.992,0.125,0.125,1.000|1.000|1.000,0.428|0.423|0.425,0.387|0.363|0.375
300,content_question_why_neg,Pourquoi ne viens-tu pas ?,í tɛ nà mún kósɔn ?,í tɛ nà mún kósɔn ?,PASS,ADV ADV VERB PUNCT PRON ADV PUNCT,NOUN VERB NOUN ADV ADV PUNCT,Pourquoi/ADV/advmod->3 ne/ADV/advmod->3 viens/VERB/ROOT->0 -/PUNCT/punct->3 tu/PRON/dep->3 pas/ADV/advmod->3 ?/PUNCT/punct->3,í/NOUN/nsubj->2 tɛ/VERB/root->0 nà/NOUN/obl->2 mún/ADV/obl->2 kósɔn/ADV/obl->2 ?/PUNCT/punct->2,Mun na i tɛ na?,Mun y'a to i tɛ na?,Pourquoi tu ne viens pas ?,Pourquoi ne viens-tu pas?,1.000,0.219,0.569,0.996,0.100,0.098,1.000|1.000|1.000,0.248|0.280|0.263,0.316|0.357|0.336
301,content_question_how_much,Combien coûte ce livre ?,nin gáfe in bɛ jóli bɔ́ ?,nin gáfe in bɛ jóli bɔ́ ?,PASS,ADV VERB DET NOUN PUNCT,PRON VERB DET VERB NOUN NOUN PUNCT,Combien/ADV/dep->2 coûte/VERB/ROOT->0 ce/DET/det->4 livre/NOUN/nsubj->2 ?/PUNCT/punct->2,nin/PRON/nsubj->2 gáfe/VERB/root->0 in/DET/nsubj->4 bɛ/VERB/parataxis->2 jóli/NOUN/nmod:poss->6 bɔ́/NOUN/parataxis:obj->4 ?/PUNCT/punct->2,Nin gafe in musaka ye joli ye?,Nin gafe in sɔngɔ ye mun ye?,Combien a coûté ce livre ?,Quel est le prix de ce livre?,0.823,0.767,0.398,0.998,0.164,0.164,0.467|0.476|0.472,0.576|0.591|0.583,0.661|0.687|0.673
302,content_question_who_passe,Qui a mangé ?,jɔn ye dúnli kɛ ?,jɔn ye dúnli kɛ ?,PASS,PRON AUX VERB PUNCT,NOUN AUX NOUN VERB PUNCT,Qui/PRON/nsubj->3 a/AUX/aux:tense->3 mangé/VERB/ROOT->0 ?/PUNCT/punct->3,jɔn/NOUN/nsubj->4 ye/AUX/aux->4 dúnli/NOUN/obj->4 kɛ/VERB/root->0 ?/PUNCT/punct->4,Jɔn ye dumuni kɛ?,Jɔn ye dumuni kɛ?,Qui a mangé la nourriture ?,Qui a mangé?,1.000,0.210,0.210,0.992,0.639,0.639,1.000|1.000|1.000,0.323|0.374|0.347,0.298|0.336|0.316
303,relative_subject,La femme qui mange,mùso mìn bɛ dúnli kɛ,mùso mìn bɛ dúnli kɛ,PASS,DET NOUN PRON VERB,NOUN ADV AUX NOUN VERB,La/DET/det->2 femme/NOUN/ROOT->0 qui/PRON/nsubj->4 mange/VERB/acl:relcl->2,mùso/NOUN/nsubj->5 mìn/ADV/case->1 bɛ/AUX/aux->5 dúnli/NOUN/obj->5 kɛ/VERB/root->0,Muso min bɛ dumuni kɛ,Muso min bɛ dumuni kɛ,La femme qui mange,Une femme qui mange,1.000,0.321,0.312,0.996,0.200,0.200,1.000|1.000|1.000,0.436|0.479|0.457,0.638|0.645|0.641
304,relative_object,Le livre que j'ai acheté,n ye gáfe mìn sàn,n ye gáfe mìn sàn,PASS,DET NOUN PRON PRON AUX VERB,PRON AUX VERB ADV ADV,Le/DET/det->2 livre/NOUN/ROOT->0 que/PRON/obj->6 j'/PRON/nsubj->6 ai/AUX/aux:tense->6 acheté/VERB/acl:relcl->2,n/PRON/nsubj->3 ye/AUX/aux->3 gáfe/VERB/root->0 mìn/ADV/obl->3 sàn/ADV/punct->3,Ne ye gafe min san,Ne ye gafe min san,Le livre que j'ai acheté,Le livre que j'ai acheté,1.000,0.444,0.370,0.996,0.100,0.100,1.000|1.000|1.000,0.504|0.489|0.497,0.414|0.428|0.421
305,relative_subject_past,L'homme qui est parti,mɔ̀gɔ mìn fáɲira,mɔ̀gɔ mìn fáɲira,PASS,DET NOUN PRON AUX VERB,NOUN ADV VERB,L'/DET/det->2 homme/NOUN/ROOT->0 qui/PRON/nsubj->5 est/AUX/aux:tense->5 parti/VERB/acl:relcl->2,mɔ̀gɔ/NOUN/nsubj->3 mìn/ADV/det->1 fáɲira/VERB/root->0,Cɛ min bɔra yen,Cɛ min taara,L'homme qui est parti,L'homme qui est allé,1.000,0.239,0.566,0.981,0.000,0.000,1.000|1.000|1.000,0.193|0.199|0.196,0.534|0.516|0.525
306,relative_subject_present,L'enfant qui pleure,dén mìn bɛ kàsi,dén mìn bɛ kàsili kɛ,FAIL,DET NOUN PRON VERB,NOUN ADV AUX NOUN VERB,L'/DET/det->2 enfant/NOUN/ROOT->0 qui/PRON/nsubj->4 pleure/VERB/acl:relcl->2,dén/NOUN/nsubj->5 mìn/ADV/case->1 bɛ/AUX/aux->5 kàsili/NOUN/obj->5 kɛ/VERB/root->0,Den kasitɔ,Denmisɛn min bɛ kasi,Puis roulette,Un enfant qui pleure,1.000,0.146,0.564,0.718,0.000,0.125,1.000|1.000|1.000,0.230|0.225|0.228,0.841|0.836|0.839
307,relative_object_past,La maison que nous avons construite,ánw ye só mìn gòsi,ánw ye só mìn gòsi,PASS,DET NOUN PRON PRON AUX VERB,PRON AUX NOUN VERB NOUN,La/DET/det->2 maison/NOUN/ROOT->0 que/PRON/obj->6 nous/PRON/nsubj->6 avons/AUX/aux:tense->6 construite/VERB/acl:relcl->2,ánw/PRON/nsubj->4 ye/AUX/aux->4 só/NOUN/obj->4 mìn/VERB/root->0 gòsi/NOUN/obl->4,An ye so min jɔ,"An ye so min jɔ,",La maison que nous avons construite,Nous avons bâti une maison qui ne sera pas détruite.,1.000,0.463,0.287,0.996,0.100,0.100,1.000|1.000|1.000,0.557|0.575|0.566,0.687|0.671|0.679
308,ccomp_interrogative_passe,tu sais qu'il est parti ?,i bɛ dɔ́n ko a fáɲira wà ?,í bɛ dɔ́n ko a fáɲira wà ?,FAIL,PRON VERB SCONJ PRON AUX VERB PUNCT,NOUN VERB INTJ PART PRON VERB NOUN PUNCT,tu/PRON/nsubj->2 sais/VERB/ROOT->0 qu'/SCONJ/mark->6 il/PRON/nsubj->6 est/AUX/aux:tense->6 parti/VERB/ccomp->2 ?/PUNCT/punct->2,í/NOUN/nsubj->2 bɛ/VERB/root->0 dɔ́n/INTJ/discourse->6 ko/PART/discourse->6 a/PRON/nsubj->6 fáɲira/VERB/parataxis:obj->2 wà/NOUN/obl->6 ?/PUNCT/punct->2,aw b' a dɔn ko a taara wa ?,I y'a dɔn ko a taara?,tu sais qu'il y est allé ?,Tu sais qu'il est parti ?,1.000,0.316,0.400,0.855,0.264,0.370,1.000|1.000|1.000,0.309|0.349|0.328,0.353|0.359|0.356
309,ccomp_dire_futur,elle dit qu'elle partira,a ko a bɛ na táa,a bɛ fɔ́ ko a bɛ́nà fáɲi,FAIL,PRON VERB SCONJ PRON VERB,PRON AUX VERB,elle/PRON/nsubj->2 dit/VERB/ROOT->0 qu'/SCONJ/mark->5 elle/PRON/nsubj->5 partira/VERB/ccomp->2,a/PRON/nsubj->3 bɛ/AUX/aux->3 fɔ́/VERB/root->0,a ko ale bɛ taa,a y'a fɔ ko a bɛ taa,il a dit qu'il allait,"Il lui dit: ""Je vais partir"".",1.000,0.486,0.389,0.517,0.254,0.615,1.000|1.000|1.000,0.326|0.261|0.290,0.355|0.402|0.377
310,ccomp_locatif,nous savons qu'il est là,ánw bɛ dɔ́n ko a bɛ yèn,ánw bɛ dɔ́n ko a bɛ yèn,PASS,PRON VERB SCONJ PRON VERB ADV,NOUN AUX VERB,nous/PRON/nsubj->2 savons/VERB/ROOT->0 qu'/SCONJ/mark->6 il/PRON/expl:subj->6 est/VERB/cop->6 là/ADV/ccomp->2,ánw/NOUN/nsubj->3 bɛ/AUX/aux->3 dɔ́n/VERB/root->0,an b' a dɔn ko a bɛ yen,an y'a dɔn ko a bɛ yan,nous savons que ça existe,"Nous savons qu'il est ici,",1.000,0.562,0.558,0.999,0.415,0.421,1.000|1.000|1.000,0.340|0.374|0.356,0.504|0.516|0.510
311,ccomp_dire_neg,il dit qu'il ne mange pas,a ko a tɛ dúnli kɛ,a bɛ fɔ́ ko a tɛ dúnli kɛ,FAIL,PRON VERB SCONJ PRON ADV VERB ADV,PRON AUX VERB,il/PRON/nsubj->2 dit/VERB/ROOT->0 qu'/SCONJ/mark->6 il/PRON/nsubj->6 ne/ADV/advmod->6 mange/VERB/ccomp->2 pas/ADV/advmod->6,a/PRON/nsubj->3 bɛ/AUX/aux->3 fɔ́/VERB/root->0,a ko ale tɛ dumuni kɛ,a b'a fɔ ko a tɛ dumuni kɛ,il a dit qu'il ne mangeait pas,"Mais il dit: "" Je ne mange pas. """,1.000,0.588,0.575,0.950,0.333,0.719,1.000|1.000|1.000,0.375|0.391|0.383,0.320|0.373|0.345
312,ccomp_locatif,je sais que tu es là,ń bɛ dɔ́n ko í bɛ yèn,ń bɛ dɔ́n ko í bɛ yèn,PASS,PRON VERB SCONJ PRON VERB ADV,NOUN AUX VERB,je/PRON/nsubj->2 sais/VERB/ROOT->0 que/SCONJ/mark->5 tu/PRON/nsubj->5 es/VERB/ccomp->2 là/ADV/obl:arg->5,ń/NOUN/nsubj->3 bɛ/AUX/aux->3 dɔ́n/VERB/root->0,N b'a dɔn ko i bɛ yen,ne y'a dɔn ko i bɛ yan,Je sais que tu es là,Je sais que tu es ici,1.000,0.515,0.533,0.999,0.143,0.143,1.000|1.000|1.000,0.389|0.500|0.438,0.350|0.363|0.357
313,ccomp_dire_passe_ccomp,ils disent qu'il est venu,ùw ko a nàra,u bɛ fɔ́ ko a nàra,FAIL,PRON VERB SCONJ PRON AUX VERB,PRON AUX VERB,ils/PRON/nsubj->2 disent/VERB/ROOT->0 qu'/SCONJ/mark->6 il/PRON/nsubj->6 est/AUX/aux:tense->6 venu/VERB/ccomp->2,u/PRON/nsubj->3 bɛ/AUX/aux->3 fɔ́/VERB/root->0,u ko a nana,u b'a fɔ ko a nana,ils ont dit qu'il était venu,"Ils disent: ""Il est venu!""",1.000,0.578,0.489,0.701,0.469,0.446,1.000|1.000|1.000,0.388|0.446|0.415,0.261|0.269|0.265
314,ccomp_dire_passe_root,il a dit qu'il mangeait,a yé fɔ ko a tùn bɛ dúnli kɛ,a ye fɔ́ ko a tùn bɛ dúnli kɛ,FAIL,PRON AUX VERB SCONJ PRON VERB,PRON AUX VERB,il/PRON/nsubj->3 a/AUX/aux:tense->3 dit/VERB/ROOT->0 qu'/SCONJ/mark->6 il/PRON/nsubj->6 mangeait/VERB/ccomp->3,a/PRON/nsubj->3 ye/AUX/aux->3 fɔ́/VERB/root->0,a ko ale bɛ dumuni kɛ,a y'a fɔ ko a bɛ dumuni kɛ,il a dit qu'il mangeait,"Alors il lui dit: ""Mets-toi à table et mange"".",1.000,0.507,0.495,0.769,0.230,0.574,1.000|1.000|1.000,0.386|0.430|0.407,0.438|0.469|0.453
315,ccomp_dire_passe_root_plur,ils ont dit qu'il était parti,ùw yé fɔ ko a tùn fáɲira,u tùn ye fɔ́ ko a tùn fáɲira,FAIL,PRON AUX VERB SCONJ PRON AUX VERB,PRON AUX VERB,ils/PRON/nsubj->3 ont/AUX/aux:tense->3 dit/VERB/ROOT->0 qu'/SCONJ/mark->7 il/PRON/nsubj->7 était/AUX/aux:tense->7 parti/VERB/ccomp->3,u/PRON/nsubj->3 tùn ye/AUX/aux->3 fɔ́/VERB/root->0,u ko a bɔra yen,u y'a fɔ ko a taara,ils ont dit qu'il était parti,"Ils lui dirent: ""Il est parti"".",1.000,0.444,0.447,0.559,0.276,0.427,1.000|1.000|1.000,0.168|0.176|0.172,0.301|0.325|0.313
316,venir_de_noun_plur,Ils viennent du marché,u bɛ bɔ dɔ́gɔ la,u bɛ bɔ dɔ́gɔ la,PASS,PRON VERB ADP NOUN,PRON VERB NOUN DET ADP,Ils/PRON/nsubj->2 viennent/VERB/ROOT->0 du/ADP/case->4 marché/NOUN/obl:arg->2,u/PRON/nsubj->2 bɛ/VERB/root->0 bɔ/NOUN/obl->2 dɔ́gɔ/DET/det->3 la/ADP/case->3,U bɛ Bɔ sugu la,U bɛ bɔ sugu la,Ils sont hors du marché,Ils sortent du marché,1.000,0.391,0.478,0.996,0.750,0.750,1.000|1.000|1.000,0.274|0.287|0.280,0.585|0.576|0.581
317,venir_de_noun,Elle vient de la mosquée,a bɛ bɔ mìsiri la,a bɛ bɔ mìsiri la,PASS,PRON VERB ADP DET NOUN,PRON VERB DET NOUN ADP,Elle/PRON/nsubj->2 vient/VERB/ROOT->0 de/ADP/case->5 la/DET/det->5 mosquée/NOUN/obl:arg->2,a/PRON/nsubj->2 bɛ/VERB/root->0 bɔ/DET/det->4 mìsiri/NOUN/obl->2 la/ADP/case->4,A bɛ Bɔ misiri la,O nana ka bɔ masajida la.,Ça vient de la mosquée,Et il sortit de la cour du roi.,1.000,0.384,0.468,0.996,0.750,0.196,1.000|1.000|1.000,0.243|0.230|0.237,0.471|0.496|0.483
318,venir_de_propn_plur,Nous venons de Bamako,anw bɛ bɔ Bamako,ánw bɛ bɔ Bamako,FAIL,PRON VERB ADP PROPN,PRON VERB NOUN VERB,Nous/PRON/nsubj->2 venons/VERB/ROOT->0 de/ADP/case->4 Bamako/PROPN/obl:arg->2,ánw/PRON/nsubj->4 bɛ/VERB/aux->4 bɔ/NOUN/obj->4 Bamako/VERB/root->0,An bɛ bɔ Bamakɔ,An bɛ bɔ Bamako,Nous sommes de Bamako,Nous venons de Bamako,1.000,0.581,0.335,0.736,0.469,0.736,1.000|1.000|1.000,0.562|0.545|0.553,0.223|0.196|0.209
319,venir_de_verbe,Elle vient de travailler,a bɔra ka báara kɛ,a bɔra ka báara kɛ,PASS,PRON VERB ADP VERB,PRON VERB AUX VERB NOUN,Elle/PRON/nsubj->2 vient/VERB/ROOT->0 de/ADP/mark->4 travailler/VERB/xcomp->2,a/PRON/nsubj->2 bɔra/VERB/root->0 ka/AUX/aux->4 báara/VERB/xcomp->2 kɛ/NOUN/obl->4,A tun bɛ baara kɛ dɔrɔn,A bɔra baara la sisan,Ça a juste fonctionné,Il vient de prendre sa retraite,1.000,0.381,0.216,0.996,0.196,0.375,1.000|1.000|1.000,0.384|0.388|0.386,0.389|0.389|0.389
320,venir_de_interrogative,tu viens d'où ?,i bɛ bɔ mín ?,í bɛ bɔ mín ?,FAIL,PRON VERB ADP ADV PUNCT,NOUN VERB NOUN ADV PUNCT,tu/PRON/nsubj->2 viens/VERB/ROOT->0 d'/ADP/case->0 où/ADV/obl:arg->2 ?/PUNCT/punct->2,í/NOUN/nsubj->2 bɛ/VERB/root->0 bɔ/NOUN/obl->2 mín/ADV/case->3 ?/PUNCT/punct->2,i bɛ bɔ min ?,I bɛ bɔ min?,d'où venez-vous ?,D'où viens-tu ?,1.000,0.566,0.252,0.736,0.736,0.736,1.000|1.000|1.000,0.304|0.306|0.305,0.263|0.278|0.270
321,comitative_plur_noun,il est venu avec ses enfants,a nàra ni a dénw yé,a nàra ni a dénw yé,PASS,PRON AUX VERB ADP DET NOUN,PRON VERB ADP PRON DET NOUN,il/PRON/nsubj->3 est/AUX/aux:tense->3 venu/VERB/ROOT->0 avec/ADP/case->6 ses/DET/det->6 enfants/NOUN/obl:arg->3,a/PRON/nsubj->2 nàra/VERB/root->0 ni/ADP/case->4 a/PRON/nmod:poss->6 dénw/DET/det->4 yé/NOUN/obl->2,a nana n'a denw ye,a nana ni a denw ye,elle a amené ses enfants,et elle apporta ses fils,1.000,0.424,0.290,0.998,0.085,0.426,1.000|1.000|1.000,0.548|0.555|0.552,0.523|0.537|0.530
322,comitative_action,je mange avec ma famille,ń bɛ dúnli kɛ ni n ka dénbaya yé,ń bɛ dúnli kɛ ni n ka kɔ́lɛ yé,FAIL,PRON VERB ADP DET NOUN,NOUN VERB NOUN NOUN SCONJ PRON AUX VERB NOUN,je/PRON/nsubj->2 mange/VERB/ROOT->0 avec/ADP/case->5 ma/DET/det->5 famille/NOUN/obl:mod->2,ń/NOUN/nsubj->2 bɛ/VERB/root->0 dúnli/NOUN/nmod:poss->4 kɛ/NOUN/nsubj->8 ni/SCONJ/mark->8 n/PRON/nsubj->8 ka/AUX/aux->8 kɔ́lɛ/VERB/ccomp->2 yé/NOUN/obl->8,N bɛ dumuni kɛ ni n ka denbaya ye,ne bɛ dumuni kɛ ni n ka denbaya ye,je mange avec ma famille,et je mangerai de la nourriture de ma maison.,1.000,0.580,0.237,0.882,0.538,0.538,1.000|1.000|1.000,0.433|0.516|0.471,0.413|0.405|0.409
323,comitative_passe,il est parti avec ses amis,a fáɲira ni a teriw yé,a fáɲira ni a tériw yé,FAIL,PRON AUX VERB ADP DET NOUN,PRON VERB ADP PRON NOUN NOUN,il/PRON/nsubj->3 est/AUX/aux:tense->3 parti/VERB/ROOT->0 avec/ADP/case->6 ses/DET/det->6 amis/NOUN/obl:mod->3,a/PRON/nsubj->2 fáɲira/VERB/root->0 ni/ADP/case->4 a/PRON/nmod:poss->5 tériw/NOUN/nmod:poss->6 yé/NOUN/obl->2,a taara n'a teriw ye,a taara ni a teriw ye,il est allé avec ses amis,Il est parti avec ses amis.,1.000,0.441,0.272,0.807,0.169,0.625,1.000|1.000|1.000,0.525|0.540|0.532,0.546|0.565|0.555
324,comitative_travail,elle travaille avec son mari,a bɛ báara la ni a cɛ yé,a bɛ báara la ni a cɛ̀ yé,FAIL,PRON VERB ADP DET NOUN,PRON VERB VERB ADP SCONJ PRON NOUN NOUN,elle/PRON/nsubj->2 travaille/VERB/ROOT->0 avec/ADP/case->5 son/DET/det->5 mari/NOUN/obl:arg->2,a/PRON/nsubj->2 bɛ/VERB/root->0 báara/VERB/ccomp->2 la/ADP/case->8 ni/SCONJ/mark->8 a/PRON/nmod:poss->7 cɛ̀/NOUN/nmod:poss->8 yé/NOUN/obl->3,a ni a cɛ bɛ baara kɛ ɲɔgɔn fɛ,a bɛ baara kɛ ni a cɛ ye,elle travaille avec son mari,elle travaille avec son mari,1.000,0.328,0.175,0.865,0.551,0.605,1.000|1.000|1.000,0.356|0.355|0.356,0.347|0.360|0.353
325,rule2_prohibitive_object,Ne bois pas le lait,kàna nɔnɔ mìn,kàna nɔ́nɔ mìn,FAIL,ADV VERB ADV DET NOUN,VERB NOUN ADV,Ne/ADV/advmod->2 bois/VERB/ROOT->0 pas/ADV/advmod->2 le/DET/det->5 lait/NOUN/obj->2,kàna/VERB/root->0 nɔ́nɔ/NOUN/obl->1 mìn/ADV/obl->1,Aw kana nɔnɔ min,I kana nɔnɔ min,Ne buvez pas de lait,Ne buvez pas de lait,1.000,0.320,0.452,0.333,0.161,0.161,1.000|1.000|1.000,0.324|0.364|0.343,0.411|0.415|0.413
326,rule2_prohibitive_dem,Ne prends pas ça,kàna ò tà,kàna o tà,FAIL,ADV VERB ADV PRON,VERB PRON NOUN,Ne/ADV/advmod->2 prends/VERB/ROOT->0 pas/ADV/advmod->2 ça/PRON/obj->2,kàna/VERB/root->0 o/PRON/nmod:poss->3 tà/NOUN/obl->1,Aw kana nin ta,I kana o ta,Ne prends pas ça,Ne le prends pas,1.000,0.282,0.298,0.333,0.000,0.000,1.000|1.000|1.000,0.079|0.090|0.084,0.248|0.220|0.233
327,rule6_restrictive,tu n'es qu'un enfant,í tɛ dɔwɛrɛ yé ni dén tɛ,í tɛ dɔwɛrɛ yé ni dén tɛ,PASS,PRON ADV AUX ADV DET NOUN,NOUN VERB DET NOUN CCONJ NOUN VERB,tu/PRON/nsubj->6 n'/ADV/advmod->6 es/AUX/cop->6 qu'/ADV/advmod->6 un/DET/det->6 enfant/NOUN/ROOT->0,í/NOUN/nsubj->2 tɛ/VERB/root->0 dɔwɛrɛ/DET/det->4 yé/NOUN/nsubj->7 ni/CCONJ/cc->6 dén/NOUN/conj->4 tɛ/VERB/parataxis->2,i ye denmisɛn dɔrɔn de ye,i ye denmisɛn ye,tu n'es qu'un enfant,tu es un enfant,1.000,0.498,0.440,0.999,0.000,0.000,1.000|1.000|1.000,0.569|0.589|0.579,0.529|0.466|0.495
328,rule6_restrictive,il n'est qu'un lâche,a tɛ dɔwɛrɛ yé ni jítɔ tɛ,a tɛ dɔwɛrɛ yé ni kùnbìla tɛ,FAIL,PRON ADV AUX ADV DET ADJ,PRON VERB DET NOUN CCONJ VERB VERB,il/PRON/expl:subj->6 n'/ADV/advmod->6 est/AUX/cop->6 qu'/ADV/advmod->6 un/DET/det->6 lâche/ADJ/ROOT->0,a/PRON/nsubj->2 tɛ/VERB/root->0 dɔwɛrɛ/DET/det->4 yé/NOUN/nsubj->7 ni/CCONJ/cc->6 kùnbìla/VERB/conj->4 tɛ/VERB/parataxis->2,a ye siranbagatɔ dɔrɔn de ye,a ye bagabaga de ye,c'est juste un lâche,Il est un poison,0.923,0.540,0.291,0.841,0.072,0.074,0.535|0.535|0.535,0.557|0.551|0.554,0.217|0.201|0.208
329,rule6_restrictive_adj,elle n'est que belle,a tɛ dɔwɛrɛ yé ni ɲuman tɛ,a tɛ dɔwɛrɛ yé ni cɛ̀ɲi tɛ,FAIL,PRON ADV AUX ADV ADJ,PRON VERB DET NOUN CCONJ NOUN VERB,elle/PRON/nsubj->5 n'/ADV/advmod->5 est/AUX/cop->5 que/ADV/advmod->5 belle/ADJ/ROOT->0,a/PRON/nsubj->2 tɛ/VERB/root->0 dɔwɛrɛ/DET/det->4 yé/NOUN/nsubj->7 ni/CCONJ/cc->6 cɛ̀ɲi/NOUN/conj->4 tɛ/VERB/parataxis->2,a cɛ ka ɲi dɔrɔn,a cɛ ka ɲi,c'est juste magnifique,il est beau,0.919,0.330,0.237,0.841,0.074,0.075,0.871|0.871|0.871,0.340|0.345|0.342,0.306|0.277|0.291
330,content_question_past,Qu'est-ce qu'il a fait ?,a ye mún kɛ́ ?,a ye mún kɛ́ ?,PASS,PRON AUX PRON PRON PRON AUX VERB PUNCT,PRON AUX VERB NOUN PUNCT,Qu'/PRON/ROOT->0 est/AUX/dep->1 -ce/PRON/dep->1 qu'/PRON/obj->7 il/PRON/nsubj->7 a/AUX/aux:tense->7 fait/VERB/dep->1 ?/PUNCT/punct->1,a/PRON/nsubj->3 ye/AUX/aux->3 mún/VERB/root->0 kɛ́/NOUN/obl->3 ?/PUNCT/punct->3,A ye mun kɛ?,A ye mun kɛ?,Qu'a-t-il fait ?,Qu'a- t- il fait alors?,1.000,0.341,0.278,0.992,0.469,0.469,1.000|1.000|1.000,0.652|0.589|0.619,0.397|0.374|0.385
331,rule7_quest_ce_que_plur,Qu'est-ce que vous voulez ?,áw bɛ mún ŋàniya ?,áw bɛ mún ŋàniya ?,PASS,PRON AUX PRON PRON PRON VERB PUNCT,NOUN VERB ADV VERB PUNCT,Qu'/PRON/ROOT->0 est/AUX/dep->1 -ce/PRON/dep->1 que/PRON/obj->6 vous/PRON/nsubj->6 voulez/VERB/dep->1 ?/PUNCT/punct->1,áw/NOUN/nsubj->2 bɛ/VERB/root->0 mún/ADV/obl->2 ŋàniya/VERB/parataxis:obj->2 ?/PUNCT/punct->2,E bɛ mun fɛ?,I bɛ mun de fɛ?,Que veux-tu?,Que veux-tu donc?,1.000,0.378,0.344,0.992,0.125,0.122,1.000|1.000|1.000,0.391|0.361|0.375,0.325|0.369|0.346
332,rule8_relative_topic,L'homme que tu vois est mon ami,"í bɛ mɔ̀gɔ mìn yé , o yé n téri yé","í bɛ mɔ̀gɔ mìn yé , o yé n téri yé",PASS,DET NOUN PRON PRON VERB AUX DET NOUN,VERB ADP,L'/DET/det->2 homme/NOUN/nsubj->8 que/PRON/obj->5 tu/PRON/nsubj->5 vois/VERB/acl:relcl->2 est/AUX/cop->8 mon/DET/det->8 ami/NOUN/ROOT->0,bɛ/VERB/root->0 yé/ADP/case->0,"I bɛ cɛ min ye, o ye ne teri ye","I ɲɛ bɛ cɛ min na, o ye ne teri ye.",L'homme que tu vois est mon ami,"Car celui à qui tu regardes, c'est mon ami.",1.000,0.437,0.356,1.000,0.100,0.099,1.000|1.000|1.000,0.456|0.507|0.480,0.621|0.619|0.620
333,rule9_valoir_peine_neg,cela ne vaut pas la peine,ó tɛ sɛ̀gɛn bɔ́,o tɛ sɛ̀gɛn bɔ́,FAIL,PRON ADV VERB ADV DET NOUN,NOUN AUX NOUN VERB,cela/PRON/nsubj->3 ne/ADV/advmod->3 vaut/VERB/ROOT->0 pas/ADV/advmod->3 la/DET/det->6 peine/NOUN/obj->3,o/NOUN/nsubj->4 tɛ/AUX/aux->4 sɛ̀gɛn/NOUN/obj->4 bɔ́/VERB/root->0,a nafa tɛ a la,o tɛ foyi ɲɛ,ça n'en vaut pas la peine,cela ne compte pas,0.908,0.435,0.423,0.736,0.122,0.125,0.588|0.614|0.600,0.317|0.314|0.316,0.244|0.235|0.240
334,experiencer_faim,J'ai faim,kɔ́ngɔ bɛ n la,kɔ́ngɔ bɛ n la,PASS,PRON VERB NOUN,NOUN VERB PRON ADP,J'/PRON/nsubj->2 ai/VERB/ROOT->0 faim/NOUN/obj->2,kɔ́ngɔ/NOUN/nsubj->2 bɛ/VERB/root->0 n/PRON/obl->2 la/ADP/case->3,Kɔngɔ bɛ ne la,Kɔngɔ bɛ ne la.,j'en ai faim,Je suis affamé.,0.824,0.483,0.510,0.992,0.250,0.250,0.867|0.867|0.867,0.425|0.453|0.439,0.661|0.682|0.671
335,experiencer_soif,J'ai soif,jáabi bɛ n la,jíminnɔgɔ bɛ n la,FAIL,PRON VERB NOUN,NOUN VERB PRON ADP,J'/PRON/nsubj->2 ai/VERB/ROOT->0 soif/NOUN/obj->2,jíminnɔgɔ/NOUN/nsubj->2 bɛ/VERB/root->0 n/PRON/obl->2 la/ADP/case->3,Minnɔgɔ bɛ ne la,Minnɔgɔ bɛ ne la.,j'ai soif,Je suis fatigué.,0.824,0.325,0.227,0.736,0.250,0.250,0.906|0.906|0.906,0.225|0.245|0.234,0.123|0.121|0.122
336,experiencer_peur,il a peur,a jàpapalen dòn,a jàpapalen dòn,PASS,PRON VERB NOUN,PRON VERB ADV,il/PRON/nsubj->2 a/VERB/ROOT->0 peur/NOUN/obj->2,a/PRON/nsubj->2 jàpapalen/VERB/root->0 dòn/ADV/obl->2,a bɛ siran,a bɛ siran,c'est effrayant,il a peur,0.695,0.441,0.493,0.981,0.167,0.167,0.805|0.804|0.805,0.264|0.229|0.245,0.693|0.701|0.697
337,experiencer_honte,elle a honte,maloya bɛ a la,a màlolen dòn,FAIL,PRON VERB NOUN,PRON VERB ADV,elle/PRON/nsubj->2 a/VERB/ROOT->0 honte/NOUN/obj->2,a/PRON/nsubj->2 màlolen/VERB/root->0 dòn/ADV/obl->2,a bɛ maloya,a bɛ maloya,il est gêné,et il est honteux de ce qu'il a fait.,1.000,0.648,0.508,0.128,0.385,0.385,1.000|1.000|1.000,0.650|0.655|0.653,0.649|0.631|0.640
338,experiencer_sommeil,j'ai sommeil,sùnɔgɔ bɛ n la,n sùnɔgɔlen dòn,FAIL,PRON VERB NOUN,PRON VERB NOUN,j'/PRON/nsubj->2 ai/VERB/ROOT->0 sommeil/NOUN/obj->2,n/PRON/nsubj->2 sùnɔgɔlen/VERB/root->0 dòn/NOUN/obl->2,N bɛ sunɔgɔ la,ne bɛ sunɔgɔ la,je dors,Je suis endormi,0.824,0.379,0.513,0.128,0.375,0.250,0.864|0.864|0.864,0.462|0.485|0.473,0.576|0.604|0.590
339,experiencer_froid,nous avons froid,nɛ́nɛ bɛ ánw la,nɛ́nɛ bɛ ánw la,PASS,PRON VERB NOUN,NOUN VERB NOUN ADP,nous/PRON/nsubj->2 avons/VERB/ROOT->0 froid/NOUN/obj->2,nɛ́nɛ/NOUN/nsubj->2 bɛ/VERB/root->0 ánw/NOUN/obl->2 la/ADP/case->3,an bɛ nɛnɛ,an bɛ nɛnɛma,nous avons froid,Nous sommes en train de nous calmer,0.824,0.612,0.569,0.992,0.128,0.128,0.816|0.816|0.816,0.680|0.680|0.680,0.549|0.520|0.534
340,experiencer_chaud,tu as chaud,fùnteni bɛ í la,gòni bɛ í la,FAIL,PRON VERB ADJ,NOUN VERB NOUN ADP,tu/PRON/nsubj->2 as/VERB/ROOT->0 chaud/ADJ/obj->2,gòni/NOUN/nsubj->2 bɛ/VERB/root->0 í/NOUN/obl->2 la/ADP/case->3,aw bɛ funteni sɔrɔ,i degunnen bɛ,tu sens la chaleur,tu es sous l'emprise,0.781,0.693,0.192,0.736,0.125,0.128,0.886|0.886|0.886,0.578|0.619|0.598,0.182|0.151|0.165
341,experiencer_faim_neg,je n'ai pas faim,kɔngɔ tɛ n la,kɔ́ngɔ tɛ ń la,FAIL,PRON ADV VERB ADV NOUN,NOUN VERB NOUN ADP,je/PRON/nsubj->3 n'/ADV/advmod->3 ai/VERB/ROOT->0 pas/ADV/advmod->3 faim/NOUN/obj->3,kɔ́ngɔ/NOUN/nsubj->2 tɛ/VERB/root->0 ń/NOUN/obl->2 la/ADP/case->3,Kɔngɔ tɛ ne la,kɔngɔ tɛ ne la,je n'ai pas faim,Je n'ai pas faim,0.895,0.516,0.624,0.250,0.639,0.639,0.902|0.903|0.902,0.480|0.473|0.477,0.708|0.705|0.707
342,experiencer_peur_neg,il n'a pas peur,a jàpapalen tɛ,a jàpapalen tɛ,PASS,PRON ADV VERB ADV NOUN,PRON VERB VERB,il/PRON/nsubj->3 n'/ADV/advmod->3 a/VERB/ROOT->0 pas/ADV/advmod->3 peur/NOUN/obj->3,a/PRON/nsubj->2 jàpapalen/VERB/root->0 tɛ/VERB/parataxis:obj->2,a tɛ siran,a tɛ siran,il n'a pas peur,il n'a pas peur,0.895,0.413,0.546,0.981,0.333,0.333,0.884|0.891|0.888,0.290|0.285|0.287,0.598|0.622|0.610
343,experiencer_pain_tete,j'ai mal à la tête,n kùn bɛ n dimi,n kùn bɛ n tàna,FAIL,PRON VERB NOUN ADP DET NOUN,PRON NOUN VERB PRON VERB,j'/PRON/nsubj->2 ai/VERB/ROOT->0 mal/NOUN/obj->2 à/ADP/case->6 la/DET/det->6 tête/NOUN/obl:arg->2,n/PRON/nmod:poss->2 kùn/NOUN/obj->3 bɛ/VERB/discourse->5 n/PRON/nsubj->5 tàna/VERB/root->0,Kungolodimi bɛ n na,n kunkolo bɛ n na,J'ai mal à la tête,Je suis en train de me faire la tête,0.912,0.214,0.455,0.511,0.383,0.511,0.910|0.925|0.917,0.163|0.144|0.153,0.505|0.505|0.505
344,experiencer_pain_ventre,elle a mal au ventre,a kɔnɔ bɛ a dimi,a kɔ́nɔ bɛ a tàna,FAIL,PRON VERB NOUN ADP NOUN,PRON NOUN VERB PRON VERB,elle/PRON/nsubj->2 a/VERB/ROOT->0 mal/NOUN/obj->2 au/ADP/case->5 ventre/NOUN/obl:arg->2,a/PRON/nmod:poss->2 kɔ́nɔ/NOUN/nsubj->3 bɛ/VERB/root->0 a/PRON/nsubj->5 tàna/VERB/ccomp->3,kɔnɔdimi bɛ a la,a kɔnɔboli bɛ a la,il a des douleurs abdominales,Il est atteint d'un trouble cardiaque.,1.000,0.425,0.281,0.511,0.383,0.511,1.000|1.000|1.000,0.539|0.557|0.548,0.194|0.198|0.196
345,experiencer_pain_pied,il a mal aux pieds,a sènw bɛ a dimi,a jɔ̀lan bɛ a tàna,FAIL,PRON VERB NOUN ADP NOUN,PRON NOUN VERB PRON VERB,il/PRON/nsubj->2 a/VERB/ROOT->0 mal/NOUN/obj->2 aux/ADP/case->5 pieds/NOUN/obl:arg->2,a/PRON/nmod:poss->2 jɔ̀lan/NOUN/nsubj->3 bɛ/VERB/root->0 a/PRON/nsubj->5 tàna/VERB/ccomp->3,a senw tun bɛ dimi,a sen bɛ dimi,il a mal aux jambes,ses pieds sont douloureux,1.000,0.564,0.356,0.511,0.300,0.306,1.000|1.000|1.000,0.674|0.696|0.685,0.197|0.150|0.170
346,freq_tous_les_jours,tous les jours,dón bɛ́ɛ,dónw bɛɛ,FAIL,ADJ DET NOUN,NOUN DET,tous/ADJ/amod->3 les/DET/det->3 jours/NOUN/ROOT->0,dónw/NOUN/root->0 bɛɛ/DET/det->1,don o don,don o don,tous les jours,chaque jour,1.000,0.337,0.497,0.000,0.000,0.000,1.000|1.000|1.000,0.195|0.205|0.200,0.551|0.565|0.558
347,freq_chaque_jour,chaque jour,dón ó dón,dón ò dón,FAIL,DET NOUN,NOUN NOUN VERB,chaque/DET/det->2 jour/NOUN/ROOT->0,dón/NOUN/nmod:poss->2 ò/NOUN/nsubj->3 dón/VERB/root->0,don o don,don o don,tous les jours,chaque jour,1.000,0.347,0.540,0.333,0.000,0.000,1.000|1.000|1.000,0.243|0.258|0.251,0.539|0.571|0.555
348,freq_chaque_mois,chaque mois,kálo ó kálo,kálo ò kálo,FAIL,DET NOUN,NOUN NOUN NOUN,chaque/DET/det->2 mois/NOUN/ROOT->0,kálo/NOUN/nmod:poss->2 ò/NOUN/nmod:poss->3 kálo/NOUN/root->0,kalo o kalo,kalo o kalo,chaque mois,chaque mois,1.000,0.605,0.514,0.333,0.000,0.000,1.000|1.000|1.000,0.730|0.727|0.728,0.606|0.667|0.635
349,freq_chaque_semaine,chaque semaine,dɔ́gɔfurancɛ ò dɔ́gɔfurancɛ,dɔ́gɔ ò dɔ́gɔ,FAIL,DET NOUN,NOUN NOUN DET,chaque/DET/det->2 semaine/NOUN/ROOT->0,dɔ́gɔ/NOUN/nmod:poss->2 ò/NOUN/root->0 dɔ́gɔ/DET/det->2,dɔgɔkun o dɔgɔkun,dɔgɔkun o dɔgɔkun,chaque semaine,chaque semaine,1.000,0.629,0.532,0.167,0.000,0.000,1.000|1.000|1.000,0.738|0.740|0.739,0.596|0.644|0.619
350,freq_chaque_annee,chaque année,saan ó saan,sàn ò sàn,FAIL,DET NOUN,ADV NOUN VERB,chaque/DET/det->2 année/NOUN/ROOT->0,sàn/ADV/nmod:poss->2 ò/NOUN/nsubj->3 sàn/VERB/root->0,san o san,san san san san san san san san san san san san san san san san san san san san san san san san san san san san san san san san san san san san san san san san san san san san san san san san san san san san san san san san san san san san san san san san san san san san san san san san san san san san san san san san san san san san san san san san san san san san san san san san san san san san san san san san san san san san san san san san san san san san san san san san san san san san san san san,chaque année,année année année année année année année année année année année année année année année année année année année,1.000,0.642,0.562,0.000,0.000,0.000,1.000|1.000|1.000,0.549|0.534|0.541,0.353|0.314|0.332
351,freq_tous_les_matins,tous les matins,sɔgɔma bɛ́ɛ,sɔ̀gɔmàw bɛɛ,FAIL,ADJ DET NOUN,NOUN DET,tous/ADJ/amod->3 les/DET/det->3 matins/NOUN/ROOT->0,sɔ̀gɔmàw/NOUN/root->0 bɛɛ/DET/det->1,sɔgɔma o sɔgɔma,sɔgɔma o sɔgɔma,chaque matin,"chaque matin,",1.000,0.546,0.491,0.000,0.238,0.238,1.000|1.000|1.000,0.663|0.619|0.640,0.684|0.706|0.695
352,freq_tous_les_soirs,tous les soirs,wúlaw bɛ́ɛ,wúlaw bɛɛ,FAIL,ADJ DET NOUN,NOUN DET,tous/ADJ/amod->3 les/DET/det->3 soirs/NOUN/ROOT->0,wúlaw/NOUN/root->0 bɛɛ/DET/det->1,wulada o wulada,su o su,soirée ou soirée,chaque nuit,1.000,0.450,0.308,0.250,0.000,0.000,1.000|1.000|1.000,0.631|0.631|0.631,0.425|0.432|0.429
353,freq_vient_tous_les_jours,il vient tous les jours,a bɛ nà dón bɛ́ɛ,a bɛ nà dónw bɛɛ,FAIL,PRON VERB ADJ DET NOUN,PRON AUX VERB,il/PRON/nsubj->2 vient/VERB/ROOT->0 tous/ADJ/amod->5 les/DET/det->5 jours/NOUN/obl:mod->2,a/PRON/nsubj->3 bɛ/AUX/aux->3 nà/VERB/root->0,a bɛ na don o don,a bɛ na don o don,ça vient tous les jours,Il viendra chaque jour,1.000,0.495,0.390,0.589,0.368,0.368,1.000|1.000|1.000,0.217|0.202|0.209,0.386|0.397|0.391
354,freq_mange_chaque_matin,elle mange chaque matin,a bɛ dúnli kɛ sɔ̀gɔmà ò sɔ̀gɔmà,a bɛ dúnli kɛ sɔ̀gɔmà ò sɔ̀gɔmà,PASS,PRON VERB DET NOUN,PRON AUX NOUN VERB,elle/PRON/nsubj->2 mange/VERB/ROOT->0 chaque/DET/det->4 matin/NOUN/obl:mod->2,a/PRON/nsubj->4 bɛ/AUX/aux->4 dúnli/NOUN/obj->4 kɛ/VERB/root->0,a bɛ dumuni kɛ sɔgɔma o sɔgɔma,a bɛ dumuni kɛ sɔgɔma o sɔgɔma,il mange tous les matins,"et il mange chaque matin,",1.000,0.534,0.333,0.999,0.365,0.365,1.000|1.000|1.000,0.481|0.520|0.500,0.404|0.465|0.432
355,freq_travaille_chaque_semaine,nous travaillons chaque semaine,ánw bɛ báara kɛ dɔ́gɔfurancɛ ò dɔ́gɔfurancɛ,ánw bɛ báara kɛ dɔ́gɔ ò dɔ́gɔ,FAIL,PRON VERB DET NOUN,NOUN AUX NOUN VERB,nous/PRON/nsubj->2 travaillons/VERB/ROOT->0 chaque/DET/det->4 semaine/NOUN/obl:mod->2,ánw/NOUN/nsubj->4 bɛ/AUX/aux->4 báara/NOUN/obj->4 kɛ/VERB/root->0,an bɛ baara kɛ dɔgɔkun o dɔgɔkun,an bɛ baara kɛ dɔgɔkun o dɔgɔkun,nous travaillons chaque semaine,nous travaillons chaque semaine,1.000,0.556,0.668,0.691,0.143,0.143,1.000|1.000|1.000,0.680|0.712|0.696,0.656|0.708|0.681
356,impersonnel_meteo,il pleut,sán bɛ́ nà,sán bɛ na,FAIL,PRON VERB,NOUN VERB ADP,il/PRON/expl:subj->2 pleut/VERB/ROOT->0,sán/NOUN/nsubj->2 bɛ/VERB/root->0 na/ADP/case->2,sanji bɛ na,sanji bɛ na,la pluie arrive,La pluie vient,0.860,0.169,0.480,0.000,0.000,0.000,0.809|0.809|0.809,0.339|0.444|0.385,0.737|0.736|0.736
357,impersonnel_meteo,il neige,nɛzi bɛ́ nà,nɛzi bɛ na,FAIL,PRON VERB,NOUN VERB ADP,il/PRON/expl:subj->2 neige/VERB/ROOT->0,nɛzi/NOUN/nsubj->2 bɛ/VERB/root->0 na/ADP/case->2,a bɛ ka nɛnɛ,sanji bɛ bin,il fait froid,la pluie tombe,0.946,0.575,0.224,0.167,0.000,0.000,0.910|0.910|0.910,0.377|0.401|0.388,0.257|0.267|0.262
358,impersonnel_meteo,il fait chaud,fùnteni bɛ,gòni bɛ,FAIL,PRON VERB ADJ,NOUN VERB,il/PRON/expl:subj->2 fait/VERB/ROOT->0 chaud/ADJ/advmod->2,gòni/NOUN/nsubj->2 bɛ/VERB/root->0,a ka suma,funteni bɛ a la,c'est chaud,Il fait chaud,1.000,0.480,0.424,0.250,0.000,0.227,1.000|1.000|1.000,0.218|0.221|0.219,0.767|0.768|0.767
359,impersonnel_meteo,il fait froid,nɛ́nɛ bɛ,súma bɛ,FAIL,PRON VERB ADJ,NOUN VERB,il/PRON/expl:subj->2 fait/VERB/ROOT->0 froid/ADJ/conj->2,súma/NOUN/nsubj->2 bɛ/VERB/root->0,nɛnɛ b'a la,funteni bɛ na,Il fait froid,la chaleur vient,1.000,0.587,0.256,0.250,0.000,0.238,1.000|1.000|1.000,0.504|0.562|0.531,0.373|0.371|0.372
360,impersonnel_meteo,il fait nuit,sú kòra,bɛ,FAIL,PRON VERB NOUN,VERB,il/PRON/expl:subj->2 fait/VERB/ROOT->0 nuit/NOUN/obj->2,bɛ/VERB/root->0,su don,su bɛ bin,enterré,La nuit tombe,1.000,0.312,0.443,0.000,0.000,0.000,1.000|1.000|1.000,0.255|0.223|0.238,0.550|0.547|0.548
361,impersonnel_falloir,il faut manger,a ka kan ka dúnli kɛ,a ka kan ka dúnli kɛ,PASS,PRON VERB VERB,PRON AUX VERB AUX NOUN VERB,il/PRON/expl:subj->2 faut/VERB/ROOT->0 manger/VERB/xcomp->2,a/PRON/nsubj->3 ka/AUX/aux->3 kan/VERB/root->0 ka/AUX/aux->6 dúnli/NOUN/obj->6 kɛ/VERB/xcomp->3,aw ka kan ka dumuni kɛ,an ka kan ka dumuni kɛ,tu dois manger,Nous avons à manger et à boire.,0.745,0.515,0.469,0.998,0.625,0.625,0.545|0.548|0.547,0.432|0.503|0.465,0.271|0.297|0.283
362,impersonnel_falloir,il faut partir,a ka kan ka táa,a ka kan ka fáɲi,FAIL,PRON VERB VERB,PRON AUX VERB AUX VERB,il/PRON/expl:subj->2 faut/VERB/ROOT->0 partir/VERB/xcomp->2,a/PRON/nsubj->3 ka/AUX/aux->3 kan/VERB/root->0 ka/AUX/aux->5 fáɲi/VERB/xcomp->3,an ka kan ka bɔ yen,an ka kan ka taa,nous devons sortir de là,nous devons aller,0.745,0.322,0.236,0.794,0.577,0.589,0.490|0.532|0.510,0.248|0.275|0.261,0.128|0.160|0.142
363,impersonnel_falloir_neg,il ne faut pas manger,a man kan ka dún,a man kan ka dúnli kɛ,FAIL,PRON ADV VERB ADV VERB,PRON AUX VERB AUX NOUN VERB,il/PRON/expl:subj->3 ne/ADV/advmod->3 faut/VERB/ROOT->0 pas/ADV/advmod->3 manger/VERB/punct->3,a/PRON/nsubj->3 man/AUX/aux->3 kan/VERB/root->0 ka/AUX/aux->6 dúnli/NOUN/obj->6 kɛ/VERB/xcomp->3,aw man kan ka dumuni kɛ,an man kan ka dumuni kɛ,tu n'es pas obligé de manger,Nous ne sommes pas dignes de manger.,0.847,0.502,0.517,0.778,0.577,0.577,0.550|0.554|0.552,0.337|0.353|0.345,0.280|0.290|0.285
364,impersonnel_falloir_neg,il ne faut pas partir,a man kan ka táa,a man kan ka fáɲi,FAIL,PRON ADV VERB ADV VERB,PRON AUX VERB AUX VERB,il/PRON/expl:subj->3 ne/ADV/advmod->3 faut/VERB/ROOT->0 pas/ADV/advmod->3 partir/VERB/punct->3,a/PRON/nsubj->3 man/AUX/aux->3 kan/VERB/root->0 ka/AUX/aux->5 fáɲi/VERB/xcomp->3,aw man kan ka bɔ yen,an man kan ka taa,tu n'es pas obligé de partir,nous ne devons pas partir,0.847,0.302,0.378,0.794,0.577,0.589,0.440|0.462|0.451,0.227|0.215|0.221,0.175|0.179|0.177
365,impersonnel_devoir,il doit partir,a ka kan ka táa,a ka bìlakun ka fáɲi,FAIL,PRON VERB VERB,PRON ADP NOUN AUX VERB,il/PRON/nsubj->2 doit/VERB/ROOT->0 partir/VERB/xcomp->2,a/PRON/nmod:poss->3 ka/ADP/case->1 bìlakun/NOUN/nsubj->5 ka/AUX/aux->5 fáɲi/VERB/root->0,a ka kan ka taa,a ka kan ka taa,tu dois y aller,il doit partir,1.000,0.504,0.229,0.511,0.794,0.794,1.000|1.000|1.000,0.312|0.330|0.321,0.144|0.145|0.144
